 
****************************************
Report : timing
        -path full
        -delay min
        -max_paths 100
Design : Processor_TopLevel
Version: K-2015.06
Date   : Sun Dec 21 19:41:10 2025
****************************************

 # A fanout number of 1000 was used for high fanout net computations.

Operating Conditions: scmetro_tsmc_cl013g_rvt_ff_1p32v_m40c   Library: scmetro_tsmc_cl013g_rvt_ff_1p32v_m40c
Wire Load Model Mode: top

  Startpoint: in_port_val[1]
              (input port clocked by clk)
  Endpoint: U_Decode_WB/U_RF/registers_reg[1][1]
            (rising edge-triggered flip-flop clocked by clk)
  Path Group: INREG
  Path Type: min

  Point                                                   Incr       Path
  --------------------------------------------------------------------------
  clock clk (rise edge)                                   0.00       0.00
  clock network delay (ideal)                             0.00       0.00
  input external delay                                    6.00       6.00 f
  in_port_val[1] (in)                                     0.01       6.01 f
  U_Decode_WB/in_port[1] (decode_wb_stage)                0.00       6.01 f
  U_Decode_WB/U4/Y (AOI22X1M)                             0.14       6.15 r
  U_Decode_WB/U2/Y (NAND2X2M)                             0.10       6.25 f
  U_Decode_WB/U_RF/wr_data[1] (Register_File)             0.00       6.25 f
  U_Decode_WB/U_RF/U10/Y (INVX2M)                         0.09       6.34 r
  U_Decode_WB/U_RF/U78/Y (OAI2BB2X1M)                     0.08       6.42 f
  U_Decode_WB/U_RF/registers_reg[1][1]/D (DFFRQX2M)       0.00       6.42 f
  data arrival time                                                  6.42

  clock clk (rise edge)                                   0.00       0.00
  clock network delay (ideal)                             0.00       0.00
  clock uncertainty                                       0.05       0.05
  U_Decode_WB/U_RF/registers_reg[1][1]/CK (DFFRQX2M)      0.00       0.05 r
  library hold time                                      -0.01       0.04
  data required time                                                 0.04
  --------------------------------------------------------------------------
  data required time                                                 0.04
  data arrival time                                                 -6.42
  --------------------------------------------------------------------------
  slack (MET)                                                        6.38


  Startpoint: in_port_val[0]
              (input port clocked by clk)
  Endpoint: U_Decode_WB/U_RF/registers_reg[1][0]
            (rising edge-triggered flip-flop clocked by clk)
  Path Group: INREG
  Path Type: min

  Point                                                   Incr       Path
  --------------------------------------------------------------------------
  clock clk (rise edge)                                   0.00       0.00
  clock network delay (ideal)                             0.00       0.00
  input external delay                                    6.00       6.00 f
  in_port_val[0] (in)                                     0.01       6.01 f
  U_Decode_WB/in_port[0] (decode_wb_stage)                0.00       6.01 f
  U_Decode_WB/U7/Y (AOI22X1M)                             0.14       6.15 r
  U_Decode_WB/U5/Y (NAND2X2M)                             0.10       6.25 f
  U_Decode_WB/U_RF/wr_data[0] (Register_File)             0.00       6.25 f
  U_Decode_WB/U_RF/U9/Y (INVX2M)                          0.09       6.34 r
  U_Decode_WB/U_RF/U77/Y (OAI2BB2X1M)                     0.08       6.42 f
  U_Decode_WB/U_RF/registers_reg[1][0]/D (DFFRQX2M)       0.00       6.42 f
  data arrival time                                                  6.42

  clock clk (rise edge)                                   0.00       0.00
  clock network delay (ideal)                             0.00       0.00
  clock uncertainty                                       0.05       0.05
  U_Decode_WB/U_RF/registers_reg[1][0]/CK (DFFRQX2M)      0.00       0.05 r
  library hold time                                      -0.01       0.04
  data required time                                                 0.04
  --------------------------------------------------------------------------
  data required time                                                 0.04
  data arrival time                                                 -6.42
  --------------------------------------------------------------------------
  slack (MET)                                                        6.38


  Startpoint: in_port_val[1]
              (input port clocked by clk)
  Endpoint: U_Decode_WB/U_RF/registers_reg[2][1]
            (rising edge-triggered flip-flop clocked by clk)
  Path Group: INREG
  Path Type: min

  Point                                                   Incr       Path
  --------------------------------------------------------------------------
  clock clk (rise edge)                                   0.00       0.00
  clock network delay (ideal)                             0.00       0.00
  input external delay                                    6.00       6.00 f
  in_port_val[1] (in)                                     0.01       6.01 f
  U_Decode_WB/in_port[1] (decode_wb_stage)                0.00       6.01 f
  U_Decode_WB/U4/Y (AOI22X1M)                             0.14       6.15 r
  U_Decode_WB/U2/Y (NAND2X2M)                             0.10       6.25 f
  U_Decode_WB/U_RF/wr_data[1] (Register_File)             0.00       6.25 f
  U_Decode_WB/U_RF/U10/Y (INVX2M)                         0.09       6.34 r
  U_Decode_WB/U_RF/U70/Y (OAI2BB2X1M)                     0.08       6.42 f
  U_Decode_WB/U_RF/registers_reg[2][1]/D (DFFRQX2M)       0.00       6.42 f
  data arrival time                                                  6.42

  clock clk (rise edge)                                   0.00       0.00
  clock network delay (ideal)                             0.00       0.00
  clock uncertainty                                       0.05       0.05
  U_Decode_WB/U_RF/registers_reg[2][1]/CK (DFFRQX2M)      0.00       0.05 r
  library hold time                                      -0.01       0.04
  data required time                                                 0.04
  --------------------------------------------------------------------------
  data required time                                                 0.04
  data arrival time                                                 -6.42
  --------------------------------------------------------------------------
  slack (MET)                                                        6.38


  Startpoint: in_port_val[0]
              (input port clocked by clk)
  Endpoint: U_Decode_WB/U_RF/registers_reg[2][0]
            (rising edge-triggered flip-flop clocked by clk)
  Path Group: INREG
  Path Type: min

  Point                                                   Incr       Path
  --------------------------------------------------------------------------
  clock clk (rise edge)                                   0.00       0.00
  clock network delay (ideal)                             0.00       0.00
  input external delay                                    6.00       6.00 f
  in_port_val[0] (in)                                     0.01       6.01 f
  U_Decode_WB/in_port[0] (decode_wb_stage)                0.00       6.01 f
  U_Decode_WB/U7/Y (AOI22X1M)                             0.14       6.15 r
  U_Decode_WB/U5/Y (NAND2X2M)                             0.10       6.25 f
  U_Decode_WB/U_RF/wr_data[0] (Register_File)             0.00       6.25 f
  U_Decode_WB/U_RF/U9/Y (INVX2M)                          0.09       6.34 r
  U_Decode_WB/U_RF/U69/Y (OAI2BB2X1M)                     0.08       6.42 f
  U_Decode_WB/U_RF/registers_reg[2][0]/D (DFFRQX2M)       0.00       6.42 f
  data arrival time                                                  6.42

  clock clk (rise edge)                                   0.00       0.00
  clock network delay (ideal)                             0.00       0.00
  clock uncertainty                                       0.05       0.05
  U_Decode_WB/U_RF/registers_reg[2][0]/CK (DFFRQX2M)      0.00       0.05 r
  library hold time                                      -0.01       0.04
  data required time                                                 0.04
  --------------------------------------------------------------------------
  data required time                                                 0.04
  data arrival time                                                 -6.42
  --------------------------------------------------------------------------
  slack (MET)                                                        6.38


  Startpoint: in_port_val[1]
              (input port clocked by clk)
  Endpoint: U_Decode_WB/U_RF/registers_reg[0][1]
            (rising edge-triggered flip-flop clocked by clk)
  Path Group: INREG
  Path Type: min

  Point                                                   Incr       Path
  --------------------------------------------------------------------------
  clock clk (rise edge)                                   0.00       0.00
  clock network delay (ideal)                             0.00       0.00
  input external delay                                    6.00       6.00 f
  in_port_val[1] (in)                                     0.01       6.01 f
  U_Decode_WB/in_port[1] (decode_wb_stage)                0.00       6.01 f
  U_Decode_WB/U4/Y (AOI22X1M)                             0.14       6.15 r
  U_Decode_WB/U2/Y (NAND2X2M)                             0.10       6.25 f
  U_Decode_WB/U_RF/wr_data[1] (Register_File)             0.00       6.25 f
  U_Decode_WB/U_RF/U10/Y (INVX2M)                         0.09       6.34 r
  U_Decode_WB/U_RF/U86/Y (OAI2BB2X1M)                     0.08       6.42 f
  U_Decode_WB/U_RF/registers_reg[0][1]/D (DFFRQX2M)       0.00       6.42 f
  data arrival time                                                  6.42

  clock clk (rise edge)                                   0.00       0.00
  clock network delay (ideal)                             0.00       0.00
  clock uncertainty                                       0.05       0.05
  U_Decode_WB/U_RF/registers_reg[0][1]/CK (DFFRQX2M)      0.00       0.05 r
  library hold time                                      -0.01       0.04
  data required time                                                 0.04
  --------------------------------------------------------------------------
  data required time                                                 0.04
  data arrival time                                                 -6.42
  --------------------------------------------------------------------------
  slack (MET)                                                        6.38


  Startpoint: in_port_val[0]
              (input port clocked by clk)
  Endpoint: U_Decode_WB/U_RF/registers_reg[0][0]
            (rising edge-triggered flip-flop clocked by clk)
  Path Group: INREG
  Path Type: min

  Point                                                   Incr       Path
  --------------------------------------------------------------------------
  clock clk (rise edge)                                   0.00       0.00
  clock network delay (ideal)                             0.00       0.00
  input external delay                                    6.00       6.00 f
  in_port_val[0] (in)                                     0.01       6.01 f
  U_Decode_WB/in_port[0] (decode_wb_stage)                0.00       6.01 f
  U_Decode_WB/U7/Y (AOI22X1M)                             0.14       6.15 r
  U_Decode_WB/U5/Y (NAND2X2M)                             0.10       6.25 f
  U_Decode_WB/U_RF/wr_data[0] (Register_File)             0.00       6.25 f
  U_Decode_WB/U_RF/U9/Y (INVX2M)                          0.09       6.34 r
  U_Decode_WB/U_RF/U85/Y (OAI2BB2X1M)                     0.08       6.42 f
  U_Decode_WB/U_RF/registers_reg[0][0]/D (DFFRQX2M)       0.00       6.42 f
  data arrival time                                                  6.42

  clock clk (rise edge)                                   0.00       0.00
  clock network delay (ideal)                             0.00       0.00
  clock uncertainty                                       0.05       0.05
  U_Decode_WB/U_RF/registers_reg[0][0]/CK (DFFRQX2M)      0.00       0.05 r
  library hold time                                      -0.01       0.04
  data required time                                                 0.04
  --------------------------------------------------------------------------
  data required time                                                 0.04
  data arrival time                                                 -6.42
  --------------------------------------------------------------------------
  slack (MET)                                                        6.38


  Startpoint: in_port_val[3]
              (input port clocked by clk)
  Endpoint: U_Decode_WB/U_RF/registers_reg[1][3]
            (rising edge-triggered flip-flop clocked by clk)
  Path Group: INREG
  Path Type: min

  Point                                                   Incr       Path
  --------------------------------------------------------------------------
  clock clk (rise edge)                                   0.00       0.00
  clock network delay (ideal)                             0.00       0.00
  input external delay                                    6.00       6.00 f
  in_port_val[3] (in)                                     0.01       6.01 f
  U_Decode_WB/in_port[3] (decode_wb_stage)                0.00       6.01 f
  U_Decode_WB/U13/Y (AOI22X1M)                            0.14       6.15 r
  U_Decode_WB/U11/Y (NAND2X2M)                            0.10       6.25 f
  U_Decode_WB/U_RF/wr_data[3] (Register_File)             0.00       6.25 f
  U_Decode_WB/U_RF/U12/Y (INVX2M)                         0.09       6.34 r
  U_Decode_WB/U_RF/U80/Y (OAI2BB2X1M)                     0.08       6.42 f
  U_Decode_WB/U_RF/registers_reg[1][3]/D (DFFRQX2M)       0.00       6.42 f
  data arrival time                                                  6.42

  clock clk (rise edge)                                   0.00       0.00
  clock network delay (ideal)                             0.00       0.00
  clock uncertainty                                       0.05       0.05
  U_Decode_WB/U_RF/registers_reg[1][3]/CK (DFFRQX2M)      0.00       0.05 r
  library hold time                                      -0.01       0.04
  data required time                                                 0.04
  --------------------------------------------------------------------------
  data required time                                                 0.04
  data arrival time                                                 -6.42
  --------------------------------------------------------------------------
  slack (MET)                                                        6.38


  Startpoint: in_port_val[2]
              (input port clocked by clk)
  Endpoint: U_Decode_WB/U_RF/registers_reg[1][2]
            (rising edge-triggered flip-flop clocked by clk)
  Path Group: INREG
  Path Type: min

  Point                                                   Incr       Path
  --------------------------------------------------------------------------
  clock clk (rise edge)                                   0.00       0.00
  clock network delay (ideal)                             0.00       0.00
  input external delay                                    6.00       6.00 f
  in_port_val[2] (in)                                     0.01       6.01 f
  U_Decode_WB/in_port[2] (decode_wb_stage)                0.00       6.01 f
  U_Decode_WB/U10/Y (AOI22X1M)                            0.14       6.15 r
  U_Decode_WB/U8/Y (NAND2X2M)                             0.10       6.25 f
  U_Decode_WB/U_RF/wr_data[2] (Register_File)             0.00       6.25 f
  U_Decode_WB/U_RF/U11/Y (INVX2M)                         0.09       6.34 r
  U_Decode_WB/U_RF/U79/Y (OAI2BB2X1M)                     0.08       6.42 f
  U_Decode_WB/U_RF/registers_reg[1][2]/D (DFFRQX2M)       0.00       6.42 f
  data arrival time                                                  6.42

  clock clk (rise edge)                                   0.00       0.00
  clock network delay (ideal)                             0.00       0.00
  clock uncertainty                                       0.05       0.05
  U_Decode_WB/U_RF/registers_reg[1][2]/CK (DFFRQX2M)      0.00       0.05 r
  library hold time                                      -0.01       0.04
  data required time                                                 0.04
  --------------------------------------------------------------------------
  data required time                                                 0.04
  data arrival time                                                 -6.42
  --------------------------------------------------------------------------
  slack (MET)                                                        6.38


  Startpoint: in_port_val[3]
              (input port clocked by clk)
  Endpoint: U_Decode_WB/U_RF/registers_reg[2][3]
            (rising edge-triggered flip-flop clocked by clk)
  Path Group: INREG
  Path Type: min

  Point                                                   Incr       Path
  --------------------------------------------------------------------------
  clock clk (rise edge)                                   0.00       0.00
  clock network delay (ideal)                             0.00       0.00
  input external delay                                    6.00       6.00 f
  in_port_val[3] (in)                                     0.01       6.01 f
  U_Decode_WB/in_port[3] (decode_wb_stage)                0.00       6.01 f
  U_Decode_WB/U13/Y (AOI22X1M)                            0.14       6.15 r
  U_Decode_WB/U11/Y (NAND2X2M)                            0.10       6.25 f
  U_Decode_WB/U_RF/wr_data[3] (Register_File)             0.00       6.25 f
  U_Decode_WB/U_RF/U12/Y (INVX2M)                         0.09       6.34 r
  U_Decode_WB/U_RF/U72/Y (OAI2BB2X1M)                     0.08       6.42 f
  U_Decode_WB/U_RF/registers_reg[2][3]/D (DFFRQX2M)       0.00       6.42 f
  data arrival time                                                  6.42

  clock clk (rise edge)                                   0.00       0.00
  clock network delay (ideal)                             0.00       0.00
  clock uncertainty                                       0.05       0.05
  U_Decode_WB/U_RF/registers_reg[2][3]/CK (DFFRQX2M)      0.00       0.05 r
  library hold time                                      -0.01       0.04
  data required time                                                 0.04
  --------------------------------------------------------------------------
  data required time                                                 0.04
  data arrival time                                                 -6.42
  --------------------------------------------------------------------------
  slack (MET)                                                        6.38


  Startpoint: in_port_val[2]
              (input port clocked by clk)
  Endpoint: U_Decode_WB/U_RF/registers_reg[2][2]
            (rising edge-triggered flip-flop clocked by clk)
  Path Group: INREG
  Path Type: min

  Point                                                   Incr       Path
  --------------------------------------------------------------------------
  clock clk (rise edge)                                   0.00       0.00
  clock network delay (ideal)                             0.00       0.00
  input external delay                                    6.00       6.00 f
  in_port_val[2] (in)                                     0.01       6.01 f
  U_Decode_WB/in_port[2] (decode_wb_stage)                0.00       6.01 f
  U_Decode_WB/U10/Y (AOI22X1M)                            0.14       6.15 r
  U_Decode_WB/U8/Y (NAND2X2M)                             0.10       6.25 f
  U_Decode_WB/U_RF/wr_data[2] (Register_File)             0.00       6.25 f
  U_Decode_WB/U_RF/U11/Y (INVX2M)                         0.09       6.34 r
  U_Decode_WB/U_RF/U71/Y (OAI2BB2X1M)                     0.08       6.42 f
  U_Decode_WB/U_RF/registers_reg[2][2]/D (DFFRQX2M)       0.00       6.42 f
  data arrival time                                                  6.42

  clock clk (rise edge)                                   0.00       0.00
  clock network delay (ideal)                             0.00       0.00
  clock uncertainty                                       0.05       0.05
  U_Decode_WB/U_RF/registers_reg[2][2]/CK (DFFRQX2M)      0.00       0.05 r
  library hold time                                      -0.01       0.04
  data required time                                                 0.04
  --------------------------------------------------------------------------
  data required time                                                 0.04
  data arrival time                                                 -6.42
  --------------------------------------------------------------------------
  slack (MET)                                                        6.38


  Startpoint: in_port_val[3]
              (input port clocked by clk)
  Endpoint: U_Decode_WB/U_RF/registers_reg[0][3]
            (rising edge-triggered flip-flop clocked by clk)
  Path Group: INREG
  Path Type: min

  Point                                                   Incr       Path
  --------------------------------------------------------------------------
  clock clk (rise edge)                                   0.00       0.00
  clock network delay (ideal)                             0.00       0.00
  input external delay                                    6.00       6.00 f
  in_port_val[3] (in)                                     0.01       6.01 f
  U_Decode_WB/in_port[3] (decode_wb_stage)                0.00       6.01 f
  U_Decode_WB/U13/Y (AOI22X1M)                            0.14       6.15 r
  U_Decode_WB/U11/Y (NAND2X2M)                            0.10       6.25 f
  U_Decode_WB/U_RF/wr_data[3] (Register_File)             0.00       6.25 f
  U_Decode_WB/U_RF/U12/Y (INVX2M)                         0.09       6.34 r
  U_Decode_WB/U_RF/U88/Y (OAI2BB2X1M)                     0.08       6.42 f
  U_Decode_WB/U_RF/registers_reg[0][3]/D (DFFRQX2M)       0.00       6.42 f
  data arrival time                                                  6.42

  clock clk (rise edge)                                   0.00       0.00
  clock network delay (ideal)                             0.00       0.00
  clock uncertainty                                       0.05       0.05
  U_Decode_WB/U_RF/registers_reg[0][3]/CK (DFFRQX2M)      0.00       0.05 r
  library hold time                                      -0.01       0.04
  data required time                                                 0.04
  --------------------------------------------------------------------------
  data required time                                                 0.04
  data arrival time                                                 -6.42
  --------------------------------------------------------------------------
  slack (MET)                                                        6.38


  Startpoint: in_port_val[2]
              (input port clocked by clk)
  Endpoint: U_Decode_WB/U_RF/registers_reg[0][2]
            (rising edge-triggered flip-flop clocked by clk)
  Path Group: INREG
  Path Type: min

  Point                                                   Incr       Path
  --------------------------------------------------------------------------
  clock clk (rise edge)                                   0.00       0.00
  clock network delay (ideal)                             0.00       0.00
  input external delay                                    6.00       6.00 f
  in_port_val[2] (in)                                     0.01       6.01 f
  U_Decode_WB/in_port[2] (decode_wb_stage)                0.00       6.01 f
  U_Decode_WB/U10/Y (AOI22X1M)                            0.14       6.15 r
  U_Decode_WB/U8/Y (NAND2X2M)                             0.10       6.25 f
  U_Decode_WB/U_RF/wr_data[2] (Register_File)             0.00       6.25 f
  U_Decode_WB/U_RF/U11/Y (INVX2M)                         0.09       6.34 r
  U_Decode_WB/U_RF/U87/Y (OAI2BB2X1M)                     0.08       6.42 f
  U_Decode_WB/U_RF/registers_reg[0][2]/D (DFFRQX2M)       0.00       6.42 f
  data arrival time                                                  6.42

  clock clk (rise edge)                                   0.00       0.00
  clock network delay (ideal)                             0.00       0.00
  clock uncertainty                                       0.05       0.05
  U_Decode_WB/U_RF/registers_reg[0][2]/CK (DFFRQX2M)      0.00       0.05 r
  library hold time                                      -0.01       0.04
  data required time                                                 0.04
  --------------------------------------------------------------------------
  data required time                                                 0.04
  data arrival time                                                 -6.42
  --------------------------------------------------------------------------
  slack (MET)                                                        6.38


  Startpoint: in_port_val[7]
              (input port clocked by clk)
  Endpoint: U_Decode_WB/U_RF/registers_reg[1][7]
            (rising edge-triggered flip-flop clocked by clk)
  Path Group: INREG
  Path Type: min

  Point                                                   Incr       Path
  --------------------------------------------------------------------------
  clock clk (rise edge)                                   0.00       0.00
  clock network delay (ideal)                             0.00       0.00
  input external delay                                    6.00       6.00 f
  in_port_val[7] (in)                                     0.01       6.01 f
  U_Decode_WB/in_port[7] (decode_wb_stage)                0.00       6.01 f
  U_Decode_WB/U25/Y (AOI22X1M)                            0.14       6.15 r
  U_Decode_WB/U23/Y (NAND2X2M)                            0.10       6.25 f
  U_Decode_WB/U_RF/wr_data[7] (Register_File)             0.00       6.25 f
  U_Decode_WB/U_RF/U16/Y (INVX2M)                         0.09       6.34 r
  U_Decode_WB/U_RF/U84/Y (OAI2BB2X1M)                     0.08       6.42 f
  U_Decode_WB/U_RF/registers_reg[1][7]/D (DFFRQX2M)       0.00       6.42 f
  data arrival time                                                  6.42

  clock clk (rise edge)                                   0.00       0.00
  clock network delay (ideal)                             0.00       0.00
  clock uncertainty                                       0.05       0.05
  U_Decode_WB/U_RF/registers_reg[1][7]/CK (DFFRQX2M)      0.00       0.05 r
  library hold time                                      -0.01       0.04
  data required time                                                 0.04
  --------------------------------------------------------------------------
  data required time                                                 0.04
  data arrival time                                                 -6.42
  --------------------------------------------------------------------------
  slack (MET)                                                        6.38


  Startpoint: in_port_val[6]
              (input port clocked by clk)
  Endpoint: U_Decode_WB/U_RF/registers_reg[1][6]
            (rising edge-triggered flip-flop clocked by clk)
  Path Group: INREG
  Path Type: min

  Point                                                   Incr       Path
  --------------------------------------------------------------------------
  clock clk (rise edge)                                   0.00       0.00
  clock network delay (ideal)                             0.00       0.00
  input external delay                                    6.00       6.00 f
  in_port_val[6] (in)                                     0.01       6.01 f
  U_Decode_WB/in_port[6] (decode_wb_stage)                0.00       6.01 f
  U_Decode_WB/U22/Y (AOI22X1M)                            0.14       6.15 r
  U_Decode_WB/U20/Y (NAND2X2M)                            0.10       6.25 f
  U_Decode_WB/U_RF/wr_data[6] (Register_File)             0.00       6.25 f
  U_Decode_WB/U_RF/U15/Y (INVX2M)                         0.09       6.34 r
  U_Decode_WB/U_RF/U83/Y (OAI2BB2X1M)                     0.08       6.42 f
  U_Decode_WB/U_RF/registers_reg[1][6]/D (DFFRQX2M)       0.00       6.42 f
  data arrival time                                                  6.42

  clock clk (rise edge)                                   0.00       0.00
  clock network delay (ideal)                             0.00       0.00
  clock uncertainty                                       0.05       0.05
  U_Decode_WB/U_RF/registers_reg[1][6]/CK (DFFRQX2M)      0.00       0.05 r
  library hold time                                      -0.01       0.04
  data required time                                                 0.04
  --------------------------------------------------------------------------
  data required time                                                 0.04
  data arrival time                                                 -6.42
  --------------------------------------------------------------------------
  slack (MET)                                                        6.38


  Startpoint: in_port_val[5]
              (input port clocked by clk)
  Endpoint: U_Decode_WB/U_RF/registers_reg[1][5]
            (rising edge-triggered flip-flop clocked by clk)
  Path Group: INREG
  Path Type: min

  Point                                                   Incr       Path
  --------------------------------------------------------------------------
  clock clk (rise edge)                                   0.00       0.00
  clock network delay (ideal)                             0.00       0.00
  input external delay                                    6.00       6.00 f
  in_port_val[5] (in)                                     0.01       6.01 f
  U_Decode_WB/in_port[5] (decode_wb_stage)                0.00       6.01 f
  U_Decode_WB/U19/Y (AOI22X1M)                            0.14       6.15 r
  U_Decode_WB/U17/Y (NAND2X2M)                            0.10       6.25 f
  U_Decode_WB/U_RF/wr_data[5] (Register_File)             0.00       6.25 f
  U_Decode_WB/U_RF/U14/Y (INVX2M)                         0.09       6.34 r
  U_Decode_WB/U_RF/U82/Y (OAI2BB2X1M)                     0.08       6.42 f
  U_Decode_WB/U_RF/registers_reg[1][5]/D (DFFRQX2M)       0.00       6.42 f
  data arrival time                                                  6.42

  clock clk (rise edge)                                   0.00       0.00
  clock network delay (ideal)                             0.00       0.00
  clock uncertainty                                       0.05       0.05
  U_Decode_WB/U_RF/registers_reg[1][5]/CK (DFFRQX2M)      0.00       0.05 r
  library hold time                                      -0.01       0.04
  data required time                                                 0.04
  --------------------------------------------------------------------------
  data required time                                                 0.04
  data arrival time                                                 -6.42
  --------------------------------------------------------------------------
  slack (MET)                                                        6.38


  Startpoint: in_port_val[4]
              (input port clocked by clk)
  Endpoint: U_Decode_WB/U_RF/registers_reg[1][4]
            (rising edge-triggered flip-flop clocked by clk)
  Path Group: INREG
  Path Type: min

  Point                                                   Incr       Path
  --------------------------------------------------------------------------
  clock clk (rise edge)                                   0.00       0.00
  clock network delay (ideal)                             0.00       0.00
  input external delay                                    6.00       6.00 f
  in_port_val[4] (in)                                     0.01       6.01 f
  U_Decode_WB/in_port[4] (decode_wb_stage)                0.00       6.01 f
  U_Decode_WB/U16/Y (AOI22X1M)                            0.14       6.15 r
  U_Decode_WB/U14/Y (NAND2X2M)                            0.10       6.25 f
  U_Decode_WB/U_RF/wr_data[4] (Register_File)             0.00       6.25 f
  U_Decode_WB/U_RF/U13/Y (INVX2M)                         0.09       6.34 r
  U_Decode_WB/U_RF/U81/Y (OAI2BB2X1M)                     0.08       6.42 f
  U_Decode_WB/U_RF/registers_reg[1][4]/D (DFFRQX2M)       0.00       6.42 f
  data arrival time                                                  6.42

  clock clk (rise edge)                                   0.00       0.00
  clock network delay (ideal)                             0.00       0.00
  clock uncertainty                                       0.05       0.05
  U_Decode_WB/U_RF/registers_reg[1][4]/CK (DFFRQX2M)      0.00       0.05 r
  library hold time                                      -0.01       0.04
  data required time                                                 0.04
  --------------------------------------------------------------------------
  data required time                                                 0.04
  data arrival time                                                 -6.42
  --------------------------------------------------------------------------
  slack (MET)                                                        6.38


  Startpoint: in_port_val[7]
              (input port clocked by clk)
  Endpoint: U_Decode_WB/U_RF/registers_reg[2][7]
            (rising edge-triggered flip-flop clocked by clk)
  Path Group: INREG
  Path Type: min

  Point                                                   Incr       Path
  --------------------------------------------------------------------------
  clock clk (rise edge)                                   0.00       0.00
  clock network delay (ideal)                             0.00       0.00
  input external delay                                    6.00       6.00 f
  in_port_val[7] (in)                                     0.01       6.01 f
  U_Decode_WB/in_port[7] (decode_wb_stage)                0.00       6.01 f
  U_Decode_WB/U25/Y (AOI22X1M)                            0.14       6.15 r
  U_Decode_WB/U23/Y (NAND2X2M)                            0.10       6.25 f
  U_Decode_WB/U_RF/wr_data[7] (Register_File)             0.00       6.25 f
  U_Decode_WB/U_RF/U16/Y (INVX2M)                         0.09       6.34 r
  U_Decode_WB/U_RF/U76/Y (OAI2BB2X1M)                     0.08       6.42 f
  U_Decode_WB/U_RF/registers_reg[2][7]/D (DFFRQX2M)       0.00       6.42 f
  data arrival time                                                  6.42

  clock clk (rise edge)                                   0.00       0.00
  clock network delay (ideal)                             0.00       0.00
  clock uncertainty                                       0.05       0.05
  U_Decode_WB/U_RF/registers_reg[2][7]/CK (DFFRQX2M)      0.00       0.05 r
  library hold time                                      -0.01       0.04
  data required time                                                 0.04
  --------------------------------------------------------------------------
  data required time                                                 0.04
  data arrival time                                                 -6.42
  --------------------------------------------------------------------------
  slack (MET)                                                        6.38


  Startpoint: in_port_val[6]
              (input port clocked by clk)
  Endpoint: U_Decode_WB/U_RF/registers_reg[2][6]
            (rising edge-triggered flip-flop clocked by clk)
  Path Group: INREG
  Path Type: min

  Point                                                   Incr       Path
  --------------------------------------------------------------------------
  clock clk (rise edge)                                   0.00       0.00
  clock network delay (ideal)                             0.00       0.00
  input external delay                                    6.00       6.00 f
  in_port_val[6] (in)                                     0.01       6.01 f
  U_Decode_WB/in_port[6] (decode_wb_stage)                0.00       6.01 f
  U_Decode_WB/U22/Y (AOI22X1M)                            0.14       6.15 r
  U_Decode_WB/U20/Y (NAND2X2M)                            0.10       6.25 f
  U_Decode_WB/U_RF/wr_data[6] (Register_File)             0.00       6.25 f
  U_Decode_WB/U_RF/U15/Y (INVX2M)                         0.09       6.34 r
  U_Decode_WB/U_RF/U75/Y (OAI2BB2X1M)                     0.08       6.42 f
  U_Decode_WB/U_RF/registers_reg[2][6]/D (DFFRQX2M)       0.00       6.42 f
  data arrival time                                                  6.42

  clock clk (rise edge)                                   0.00       0.00
  clock network delay (ideal)                             0.00       0.00
  clock uncertainty                                       0.05       0.05
  U_Decode_WB/U_RF/registers_reg[2][6]/CK (DFFRQX2M)      0.00       0.05 r
  library hold time                                      -0.01       0.04
  data required time                                                 0.04
  --------------------------------------------------------------------------
  data required time                                                 0.04
  data arrival time                                                 -6.42
  --------------------------------------------------------------------------
  slack (MET)                                                        6.38


  Startpoint: in_port_val[5]
              (input port clocked by clk)
  Endpoint: U_Decode_WB/U_RF/registers_reg[2][5]
            (rising edge-triggered flip-flop clocked by clk)
  Path Group: INREG
  Path Type: min

  Point                                                   Incr       Path
  --------------------------------------------------------------------------
  clock clk (rise edge)                                   0.00       0.00
  clock network delay (ideal)                             0.00       0.00
  input external delay                                    6.00       6.00 f
  in_port_val[5] (in)                                     0.01       6.01 f
  U_Decode_WB/in_port[5] (decode_wb_stage)                0.00       6.01 f
  U_Decode_WB/U19/Y (AOI22X1M)                            0.14       6.15 r
  U_Decode_WB/U17/Y (NAND2X2M)                            0.10       6.25 f
  U_Decode_WB/U_RF/wr_data[5] (Register_File)             0.00       6.25 f
  U_Decode_WB/U_RF/U14/Y (INVX2M)                         0.09       6.34 r
  U_Decode_WB/U_RF/U74/Y (OAI2BB2X1M)                     0.08       6.42 f
  U_Decode_WB/U_RF/registers_reg[2][5]/D (DFFRQX2M)       0.00       6.42 f
  data arrival time                                                  6.42

  clock clk (rise edge)                                   0.00       0.00
  clock network delay (ideal)                             0.00       0.00
  clock uncertainty                                       0.05       0.05
  U_Decode_WB/U_RF/registers_reg[2][5]/CK (DFFRQX2M)      0.00       0.05 r
  library hold time                                      -0.01       0.04
  data required time                                                 0.04
  --------------------------------------------------------------------------
  data required time                                                 0.04
  data arrival time                                                 -6.42
  --------------------------------------------------------------------------
  slack (MET)                                                        6.38


  Startpoint: in_port_val[4]
              (input port clocked by clk)
  Endpoint: U_Decode_WB/U_RF/registers_reg[2][4]
            (rising edge-triggered flip-flop clocked by clk)
  Path Group: INREG
  Path Type: min

  Point                                                   Incr       Path
  --------------------------------------------------------------------------
  clock clk (rise edge)                                   0.00       0.00
  clock network delay (ideal)                             0.00       0.00
  input external delay                                    6.00       6.00 f
  in_port_val[4] (in)                                     0.01       6.01 f
  U_Decode_WB/in_port[4] (decode_wb_stage)                0.00       6.01 f
  U_Decode_WB/U16/Y (AOI22X1M)                            0.14       6.15 r
  U_Decode_WB/U14/Y (NAND2X2M)                            0.10       6.25 f
  U_Decode_WB/U_RF/wr_data[4] (Register_File)             0.00       6.25 f
  U_Decode_WB/U_RF/U13/Y (INVX2M)                         0.09       6.34 r
  U_Decode_WB/U_RF/U73/Y (OAI2BB2X1M)                     0.08       6.42 f
  U_Decode_WB/U_RF/registers_reg[2][4]/D (DFFRQX2M)       0.00       6.42 f
  data arrival time                                                  6.42

  clock clk (rise edge)                                   0.00       0.00
  clock network delay (ideal)                             0.00       0.00
  clock uncertainty                                       0.05       0.05
  U_Decode_WB/U_RF/registers_reg[2][4]/CK (DFFRQX2M)      0.00       0.05 r
  library hold time                                      -0.01       0.04
  data required time                                                 0.04
  --------------------------------------------------------------------------
  data required time                                                 0.04
  data arrival time                                                 -6.42
  --------------------------------------------------------------------------
  slack (MET)                                                        6.38


  Startpoint: in_port_val[7]
              (input port clocked by clk)
  Endpoint: U_Decode_WB/U_RF/registers_reg[0][7]
            (rising edge-triggered flip-flop clocked by clk)
  Path Group: INREG
  Path Type: min

  Point                                                   Incr       Path
  --------------------------------------------------------------------------
  clock clk (rise edge)                                   0.00       0.00
  clock network delay (ideal)                             0.00       0.00
  input external delay                                    6.00       6.00 f
  in_port_val[7] (in)                                     0.01       6.01 f
  U_Decode_WB/in_port[7] (decode_wb_stage)                0.00       6.01 f
  U_Decode_WB/U25/Y (AOI22X1M)                            0.14       6.15 r
  U_Decode_WB/U23/Y (NAND2X2M)                            0.10       6.25 f
  U_Decode_WB/U_RF/wr_data[7] (Register_File)             0.00       6.25 f
  U_Decode_WB/U_RF/U16/Y (INVX2M)                         0.09       6.34 r
  U_Decode_WB/U_RF/U92/Y (OAI2BB2X1M)                     0.08       6.42 f
  U_Decode_WB/U_RF/registers_reg[0][7]/D (DFFRQX2M)       0.00       6.42 f
  data arrival time                                                  6.42

  clock clk (rise edge)                                   0.00       0.00
  clock network delay (ideal)                             0.00       0.00
  clock uncertainty                                       0.05       0.05
  U_Decode_WB/U_RF/registers_reg[0][7]/CK (DFFRQX2M)      0.00       0.05 r
  library hold time                                      -0.01       0.04
  data required time                                                 0.04
  --------------------------------------------------------------------------
  data required time                                                 0.04
  data arrival time                                                 -6.42
  --------------------------------------------------------------------------
  slack (MET)                                                        6.38


  Startpoint: in_port_val[6]
              (input port clocked by clk)
  Endpoint: U_Decode_WB/U_RF/registers_reg[0][6]
            (rising edge-triggered flip-flop clocked by clk)
  Path Group: INREG
  Path Type: min

  Point                                                   Incr       Path
  --------------------------------------------------------------------------
  clock clk (rise edge)                                   0.00       0.00
  clock network delay (ideal)                             0.00       0.00
  input external delay                                    6.00       6.00 f
  in_port_val[6] (in)                                     0.01       6.01 f
  U_Decode_WB/in_port[6] (decode_wb_stage)                0.00       6.01 f
  U_Decode_WB/U22/Y (AOI22X1M)                            0.14       6.15 r
  U_Decode_WB/U20/Y (NAND2X2M)                            0.10       6.25 f
  U_Decode_WB/U_RF/wr_data[6] (Register_File)             0.00       6.25 f
  U_Decode_WB/U_RF/U15/Y (INVX2M)                         0.09       6.34 r
  U_Decode_WB/U_RF/U91/Y (OAI2BB2X1M)                     0.08       6.42 f
  U_Decode_WB/U_RF/registers_reg[0][6]/D (DFFRQX2M)       0.00       6.42 f
  data arrival time                                                  6.42

  clock clk (rise edge)                                   0.00       0.00
  clock network delay (ideal)                             0.00       0.00
  clock uncertainty                                       0.05       0.05
  U_Decode_WB/U_RF/registers_reg[0][6]/CK (DFFRQX2M)      0.00       0.05 r
  library hold time                                      -0.01       0.04
  data required time                                                 0.04
  --------------------------------------------------------------------------
  data required time                                                 0.04
  data arrival time                                                 -6.42
  --------------------------------------------------------------------------
  slack (MET)                                                        6.38


  Startpoint: in_port_val[5]
              (input port clocked by clk)
  Endpoint: U_Decode_WB/U_RF/registers_reg[0][5]
            (rising edge-triggered flip-flop clocked by clk)
  Path Group: INREG
  Path Type: min

  Point                                                   Incr       Path
  --------------------------------------------------------------------------
  clock clk (rise edge)                                   0.00       0.00
  clock network delay (ideal)                             0.00       0.00
  input external delay                                    6.00       6.00 f
  in_port_val[5] (in)                                     0.01       6.01 f
  U_Decode_WB/in_port[5] (decode_wb_stage)                0.00       6.01 f
  U_Decode_WB/U19/Y (AOI22X1M)                            0.14       6.15 r
  U_Decode_WB/U17/Y (NAND2X2M)                            0.10       6.25 f
  U_Decode_WB/U_RF/wr_data[5] (Register_File)             0.00       6.25 f
  U_Decode_WB/U_RF/U14/Y (INVX2M)                         0.09       6.34 r
  U_Decode_WB/U_RF/U90/Y (OAI2BB2X1M)                     0.08       6.42 f
  U_Decode_WB/U_RF/registers_reg[0][5]/D (DFFRQX2M)       0.00       6.42 f
  data arrival time                                                  6.42

  clock clk (rise edge)                                   0.00       0.00
  clock network delay (ideal)                             0.00       0.00
  clock uncertainty                                       0.05       0.05
  U_Decode_WB/U_RF/registers_reg[0][5]/CK (DFFRQX2M)      0.00       0.05 r
  library hold time                                      -0.01       0.04
  data required time                                                 0.04
  --------------------------------------------------------------------------
  data required time                                                 0.04
  data arrival time                                                 -6.42
  --------------------------------------------------------------------------
  slack (MET)                                                        6.38


  Startpoint: in_port_val[4]
              (input port clocked by clk)
  Endpoint: U_Decode_WB/U_RF/registers_reg[0][4]
            (rising edge-triggered flip-flop clocked by clk)
  Path Group: INREG
  Path Type: min

  Point                                                   Incr       Path
  --------------------------------------------------------------------------
  clock clk (rise edge)                                   0.00       0.00
  clock network delay (ideal)                             0.00       0.00
  input external delay                                    6.00       6.00 f
  in_port_val[4] (in)                                     0.01       6.01 f
  U_Decode_WB/in_port[4] (decode_wb_stage)                0.00       6.01 f
  U_Decode_WB/U16/Y (AOI22X1M)                            0.14       6.15 r
  U_Decode_WB/U14/Y (NAND2X2M)                            0.10       6.25 f
  U_Decode_WB/U_RF/wr_data[4] (Register_File)             0.00       6.25 f
  U_Decode_WB/U_RF/U13/Y (INVX2M)                         0.09       6.34 r
  U_Decode_WB/U_RF/U89/Y (OAI2BB2X1M)                     0.08       6.42 f
  U_Decode_WB/U_RF/registers_reg[0][4]/D (DFFRQX2M)       0.00       6.42 f
  data arrival time                                                  6.42

  clock clk (rise edge)                                   0.00       0.00
  clock network delay (ideal)                             0.00       0.00
  clock uncertainty                                       0.05       0.05
  U_Decode_WB/U_RF/registers_reg[0][4]/CK (DFFRQX2M)      0.00       0.05 r
  library hold time                                      -0.01       0.04
  data required time                                                 0.04
  --------------------------------------------------------------------------
  data required time                                                 0.04
  data arrival time                                                 -6.42
  --------------------------------------------------------------------------
  slack (MET)                                                        6.38


  Startpoint: interrupt (input port clocked by clk)
  Endpoint: U_Decode_WB/rb_t_reg[1]
            (rising edge-triggered flip-flop clocked by clk)
  Path Group: INREG
  Path Type: min

  Point                                                   Incr       Path
  --------------------------------------------------------------------------
  clock clk (rise edge)                                   0.00       0.00
  clock network delay (ideal)                             0.00       0.00
  input external delay                                    6.00       6.00 r
  interrupt (in)                                          0.01       6.01 r
  U103/Y (BUFX2M)                                         0.23       6.24 r
  u_Control_Unit/interrupt_sig (Control_Unit)             0.00       6.24 r
  u_Control_Unit/U24/Y (NOR2X2M)                          0.09       6.33 f
  u_Control_Unit/rb_e (Control_Unit)                      0.00       6.33 f
  U_Decode_WB/rb_e (decode_wb_stage)                      0.00       6.33 f
  U_Decode_WB/rb_t_reg[1]/E (EDFFX1M)                     0.00       6.33 f
  data arrival time                                                  6.33

  clock clk (rise edge)                                   0.00       0.00
  clock network delay (ideal)                             0.00       0.00
  clock uncertainty                                       0.05       0.05
  U_Decode_WB/rb_t_reg[1]/CK (EDFFX1M)                    0.00       0.05 r
  library hold time                                      -0.19      -0.14
  data required time                                                -0.14
  --------------------------------------------------------------------------
  data required time                                                -0.14
  data arrival time                                                 -6.33
  --------------------------------------------------------------------------
  slack (MET)                                                        6.46


  Startpoint: interrupt (input port clocked by clk)
  Endpoint: U_Decode_WB/rb_t_reg[0]
            (rising edge-triggered flip-flop clocked by clk)
  Path Group: INREG
  Path Type: min

  Point                                                   Incr       Path
  --------------------------------------------------------------------------
  clock clk (rise edge)                                   0.00       0.00
  clock network delay (ideal)                             0.00       0.00
  input external delay                                    6.00       6.00 r
  interrupt (in)                                          0.01       6.01 r
  U103/Y (BUFX2M)                                         0.23       6.24 r
  u_Control_Unit/interrupt_sig (Control_Unit)             0.00       6.24 r
  u_Control_Unit/U24/Y (NOR2X2M)                          0.09       6.33 f
  u_Control_Unit/rb_e (Control_Unit)                      0.00       6.33 f
  U_Decode_WB/rb_e (decode_wb_stage)                      0.00       6.33 f
  U_Decode_WB/rb_t_reg[0]/E (EDFFX1M)                     0.00       6.33 f
  data arrival time                                                  6.33

  clock clk (rise edge)                                   0.00       0.00
  clock network delay (ideal)                             0.00       0.00
  clock uncertainty                                       0.05       0.05
  U_Decode_WB/rb_t_reg[0]/CK (EDFFX1M)                    0.00       0.05 r
  library hold time                                      -0.19      -0.14
  data required time                                                -0.14
  --------------------------------------------------------------------------
  data required time                                                -0.14
  data arrival time                                                 -6.33
  --------------------------------------------------------------------------
  slack (MET)                                                        6.46


  Startpoint: in_port_val[5]
              (input port clocked by clk)
  Endpoint: U_Decode_WB/U_RF/registers_reg[3][5]
            (rising edge-triggered flip-flop clocked by clk)
  Path Group: INREG
  Path Type: min

  Point                                                   Incr       Path
  --------------------------------------------------------------------------
  clock clk (rise edge)                                   0.00       0.00
  clock network delay (ideal)                             0.00       0.00
  input external delay                                    6.00       6.00 r
  in_port_val[5] (in)                                     0.01       6.01 r
  U_Decode_WB/in_port[5] (decode_wb_stage)                0.00       6.01 r
  U_Decode_WB/U19/Y (AOI22X1M)                            0.10       6.11 f
  U_Decode_WB/U17/Y (NAND2X2M)                            0.10       6.21 r
  U_Decode_WB/U_RF/wr_data[5] (Register_File)             0.00       6.21 r
  U_Decode_WB/U_RF/U14/Y (INVX2M)                         0.07       6.28 f
  U_Decode_WB/U_RF/U43/Y (OAI222X1M)                      0.20       6.48 r
  U_Decode_WB/U_RF/registers_reg[3][5]/D (DFFSQX2M)       0.00       6.48 r
  data arrival time                                                  6.48

  clock clk (rise edge)                                   0.00       0.00
  clock network delay (ideal)                             0.00       0.00
  clock uncertainty                                       0.05       0.05
  U_Decode_WB/U_RF/registers_reg[3][5]/CK (DFFSQX2M)      0.00       0.05 r
  library hold time                                      -0.06      -0.01
  data required time                                                -0.01
  --------------------------------------------------------------------------
  data required time                                                -0.01
  data arrival time                                                 -6.48
  --------------------------------------------------------------------------
  slack (MET)                                                        6.49


  Startpoint: in_port_val[6]
              (input port clocked by clk)
  Endpoint: U_Decode_WB/U_RF/registers_reg[3][6]
            (rising edge-triggered flip-flop clocked by clk)
  Path Group: INREG
  Path Type: min

  Point                                                   Incr       Path
  --------------------------------------------------------------------------
  clock clk (rise edge)                                   0.00       0.00
  clock network delay (ideal)                             0.00       0.00
  input external delay                                    6.00       6.00 r
  in_port_val[6] (in)                                     0.01       6.01 r
  U_Decode_WB/in_port[6] (decode_wb_stage)                0.00       6.01 r
  U_Decode_WB/U22/Y (AOI22X1M)                            0.10       6.11 f
  U_Decode_WB/U20/Y (NAND2X2M)                            0.10       6.21 r
  U_Decode_WB/U_RF/wr_data[6] (Register_File)             0.00       6.21 r
  U_Decode_WB/U_RF/U15/Y (INVX2M)                         0.07       6.28 f
  U_Decode_WB/U_RF/U40/Y (OAI222X1M)                      0.20       6.48 r
  U_Decode_WB/U_RF/registers_reg[3][6]/D (DFFSQX2M)       0.00       6.48 r
  data arrival time                                                  6.48

  clock clk (rise edge)                                   0.00       0.00
  clock network delay (ideal)                             0.00       0.00
  clock uncertainty                                       0.05       0.05
  U_Decode_WB/U_RF/registers_reg[3][6]/CK (DFFSQX2M)      0.00       0.05 r
  library hold time                                      -0.06      -0.01
  data required time                                                -0.01
  --------------------------------------------------------------------------
  data required time                                                -0.01
  data arrival time                                                 -6.48
  --------------------------------------------------------------------------
  slack (MET)                                                        6.49


  Startpoint: in_port_val[4]
              (input port clocked by clk)
  Endpoint: U_Decode_WB/U_RF/registers_reg[3][4]
            (rising edge-triggered flip-flop clocked by clk)
  Path Group: INREG
  Path Type: min

  Point                                                   Incr       Path
  --------------------------------------------------------------------------
  clock clk (rise edge)                                   0.00       0.00
  clock network delay (ideal)                             0.00       0.00
  input external delay                                    6.00       6.00 r
  in_port_val[4] (in)                                     0.01       6.01 r
  U_Decode_WB/in_port[4] (decode_wb_stage)                0.00       6.01 r
  U_Decode_WB/U16/Y (AOI22X1M)                            0.10       6.11 f
  U_Decode_WB/U14/Y (NAND2X2M)                            0.10       6.21 r
  U_Decode_WB/U_RF/wr_data[4] (Register_File)             0.00       6.21 r
  U_Decode_WB/U_RF/U13/Y (INVX2M)                         0.07       6.28 f
  U_Decode_WB/U_RF/U44/Y (OAI222X1M)                      0.20       6.48 r
  U_Decode_WB/U_RF/registers_reg[3][4]/D (DFFSQX2M)       0.00       6.48 r
  data arrival time                                                  6.48

  clock clk (rise edge)                                   0.00       0.00
  clock network delay (ideal)                             0.00       0.00
  clock uncertainty                                       0.05       0.05
  U_Decode_WB/U_RF/registers_reg[3][4]/CK (DFFSQX2M)      0.00       0.05 r
  library hold time                                      -0.06      -0.01
  data required time                                                -0.01
  --------------------------------------------------------------------------
  data required time                                                -0.01
  data arrival time                                                 -6.48
  --------------------------------------------------------------------------
  slack (MET)                                                        6.49


  Startpoint: in_port_val[7]
              (input port clocked by clk)
  Endpoint: U_Decode_WB/U_RF/registers_reg[3][7]
            (rising edge-triggered flip-flop clocked by clk)
  Path Group: INREG
  Path Type: min

  Point                                                   Incr       Path
  --------------------------------------------------------------------------
  clock clk (rise edge)                                   0.00       0.00
  clock network delay (ideal)                             0.00       0.00
  input external delay                                    6.00       6.00 r
  in_port_val[7] (in)                                     0.01       6.01 r
  U_Decode_WB/in_port[7] (decode_wb_stage)                0.00       6.01 r
  U_Decode_WB/U25/Y (AOI22X1M)                            0.10       6.11 f
  U_Decode_WB/U23/Y (NAND2X2M)                            0.10       6.21 r
  U_Decode_WB/U_RF/wr_data[7] (Register_File)             0.00       6.21 r
  U_Decode_WB/U_RF/U16/Y (INVX2M)                         0.07       6.28 f
  U_Decode_WB/U_RF/U53/Y (OAI222X1M)                      0.20       6.48 r
  U_Decode_WB/U_RF/registers_reg[3][7]/D (DFFSQX2M)       0.00       6.48 r
  data arrival time                                                  6.48

  clock clk (rise edge)                                   0.00       0.00
  clock network delay (ideal)                             0.00       0.00
  clock uncertainty                                       0.05       0.05
  U_Decode_WB/U_RF/registers_reg[3][7]/CK (DFFSQX2M)      0.00       0.05 r
  library hold time                                      -0.06      -0.01
  data required time                                                -0.01
  --------------------------------------------------------------------------
  data required time                                                -0.01
  data arrival time                                                 -6.48
  --------------------------------------------------------------------------
  slack (MET)                                                        6.49


  Startpoint: in_port_val[2]
              (input port clocked by clk)
  Endpoint: U_Decode_WB/U_RF/registers_reg[3][2]
            (rising edge-triggered flip-flop clocked by clk)
  Path Group: INREG
  Path Type: min

  Point                                                   Incr       Path
  --------------------------------------------------------------------------
  clock clk (rise edge)                                   0.00       0.00
  clock network delay (ideal)                             0.00       0.00
  input external delay                                    6.00       6.00 r
  in_port_val[2] (in)                                     0.01       6.01 r
  U_Decode_WB/in_port[2] (decode_wb_stage)                0.00       6.01 r
  U_Decode_WB/U10/Y (AOI22X1M)                            0.10       6.11 f
  U_Decode_WB/U8/Y (NAND2X2M)                             0.10       6.21 r
  U_Decode_WB/U_RF/wr_data[2] (Register_File)             0.00       6.21 r
  U_Decode_WB/U_RF/U11/Y (INVX2M)                         0.07       6.28 f
  U_Decode_WB/U_RF/U48/Y (OAI222X1M)                      0.20       6.48 r
  U_Decode_WB/U_RF/registers_reg[3][2]/D (DFFSQX2M)       0.00       6.48 r
  data arrival time                                                  6.48

  clock clk (rise edge)                                   0.00       0.00
  clock network delay (ideal)                             0.00       0.00
  clock uncertainty                                       0.05       0.05
  U_Decode_WB/U_RF/registers_reg[3][2]/CK (DFFSQX2M)      0.00       0.05 r
  library hold time                                      -0.06      -0.01
  data required time                                                -0.01
  --------------------------------------------------------------------------
  data required time                                                -0.01
  data arrival time                                                 -6.48
  --------------------------------------------------------------------------
  slack (MET)                                                        6.49


  Startpoint: in_port_val[3]
              (input port clocked by clk)
  Endpoint: U_Decode_WB/U_RF/registers_reg[3][3]
            (rising edge-triggered flip-flop clocked by clk)
  Path Group: INREG
  Path Type: min

  Point                                                   Incr       Path
  --------------------------------------------------------------------------
  clock clk (rise edge)                                   0.00       0.00
  clock network delay (ideal)                             0.00       0.00
  input external delay                                    6.00       6.00 r
  in_port_val[3] (in)                                     0.01       6.01 r
  U_Decode_WB/in_port[3] (decode_wb_stage)                0.00       6.01 r
  U_Decode_WB/U13/Y (AOI22X1M)                            0.10       6.11 f
  U_Decode_WB/U11/Y (NAND2X2M)                            0.10       6.21 r
  U_Decode_WB/U_RF/wr_data[3] (Register_File)             0.00       6.21 r
  U_Decode_WB/U_RF/U12/Y (INVX2M)                         0.07       6.28 f
  U_Decode_WB/U_RF/U46/Y (OAI222X1M)                      0.20       6.48 r
  U_Decode_WB/U_RF/registers_reg[3][3]/D (DFFSQX2M)       0.00       6.48 r
  data arrival time                                                  6.48

  clock clk (rise edge)                                   0.00       0.00
  clock network delay (ideal)                             0.00       0.00
  clock uncertainty                                       0.05       0.05
  U_Decode_WB/U_RF/registers_reg[3][3]/CK (DFFSQX2M)      0.00       0.05 r
  library hold time                                      -0.06      -0.01
  data required time                                                -0.01
  --------------------------------------------------------------------------
  data required time                                                -0.01
  data arrival time                                                 -6.48
  --------------------------------------------------------------------------
  slack (MET)                                                        6.49


  Startpoint: in_port_val[0]
              (input port clocked by clk)
  Endpoint: U_Decode_WB/U_RF/registers_reg[3][0]
            (rising edge-triggered flip-flop clocked by clk)
  Path Group: INREG
  Path Type: min

  Point                                                   Incr       Path
  --------------------------------------------------------------------------
  clock clk (rise edge)                                   0.00       0.00
  clock network delay (ideal)                             0.00       0.00
  input external delay                                    6.00       6.00 r
  in_port_val[0] (in)                                     0.01       6.01 r
  U_Decode_WB/in_port[0] (decode_wb_stage)                0.00       6.01 r
  U_Decode_WB/U7/Y (AOI22X1M)                             0.10       6.11 f
  U_Decode_WB/U5/Y (NAND2X2M)                             0.10       6.21 r
  U_Decode_WB/U_RF/wr_data[0] (Register_File)             0.00       6.21 r
  U_Decode_WB/U_RF/U9/Y (INVX2M)                          0.07       6.28 f
  U_Decode_WB/U_RF/U52/Y (OAI222X1M)                      0.20       6.48 r
  U_Decode_WB/U_RF/registers_reg[3][0]/D (DFFSQX2M)       0.00       6.48 r
  data arrival time                                                  6.48

  clock clk (rise edge)                                   0.00       0.00
  clock network delay (ideal)                             0.00       0.00
  clock uncertainty                                       0.05       0.05
  U_Decode_WB/U_RF/registers_reg[3][0]/CK (DFFSQX2M)      0.00       0.05 r
  library hold time                                      -0.06      -0.01
  data required time                                                -0.01
  --------------------------------------------------------------------------
  data required time                                                -0.01
  data arrival time                                                 -6.48
  --------------------------------------------------------------------------
  slack (MET)                                                        6.49


  Startpoint: in_port_val[1]
              (input port clocked by clk)
  Endpoint: U_Decode_WB/U_RF/registers_reg[3][1]
            (rising edge-triggered flip-flop clocked by clk)
  Path Group: INREG
  Path Type: min

  Point                                                   Incr       Path
  --------------------------------------------------------------------------
  clock clk (rise edge)                                   0.00       0.00
  clock network delay (ideal)                             0.00       0.00
  input external delay                                    6.00       6.00 r
  in_port_val[1] (in)                                     0.01       6.01 r
  U_Decode_WB/in_port[1] (decode_wb_stage)                0.00       6.01 r
  U_Decode_WB/U4/Y (AOI22X1M)                             0.10       6.11 f
  U_Decode_WB/U2/Y (NAND2X2M)                             0.10       6.21 r
  U_Decode_WB/U_RF/wr_data[1] (Register_File)             0.00       6.21 r
  U_Decode_WB/U_RF/U10/Y (INVX2M)                         0.07       6.28 f
  U_Decode_WB/U_RF/U50/Y (OAI222X1M)                      0.20       6.48 r
  U_Decode_WB/U_RF/registers_reg[3][1]/D (DFFSQX2M)       0.00       6.48 r
  data arrival time                                                  6.48

  clock clk (rise edge)                                   0.00       0.00
  clock network delay (ideal)                             0.00       0.00
  clock uncertainty                                       0.05       0.05
  U_Decode_WB/U_RF/registers_reg[3][1]/CK (DFFSQX2M)      0.00       0.05 r
  library hold time                                      -0.06      -0.01
  data required time                                                -0.01
  --------------------------------------------------------------------------
  data required time                                                -0.01
  data arrival time                                                 -6.48
  --------------------------------------------------------------------------
  slack (MET)                                                        6.49


  Startpoint: interrupt (input port clocked by clk)
  Endpoint: U_ID_EX_Reg/interrupt_save_flags_out_reg
            (rising edge-triggered flip-flop clocked by clk)
  Path Group: INREG
  Path Type: min

  Point                                                   Incr       Path
  --------------------------------------------------------------------------
  clock clk (rise edge)                                   0.00       0.00
  clock network delay (ideal)                             0.00       0.00
  input external delay                                    6.00       6.00 f
  interrupt (in)                                          0.01       6.01 f
  U103/Y (BUFX2M)                                         0.21       6.22 f
  u_Control_Unit/interrupt_sig (Control_Unit)             0.00       6.22 f
  u_Control_Unit/interrupt_save_flags (Control_Unit)      0.00       6.22 f
  U_ID_EX_Reg/interrupt_save_flags_in (ID_EX_register)
                                                          0.00       6.22 f
  U_ID_EX_Reg/U56/Y (AO22X1M)                             0.31       6.53 f
  U_ID_EX_Reg/interrupt_save_flags_out_reg/D (DFFRQX2M)
                                                          0.00       6.53 f
  data arrival time                                                  6.53

  clock clk (rise edge)                                   0.00       0.00
  clock network delay (ideal)                             0.00       0.00
  clock uncertainty                                       0.05       0.05
  U_ID_EX_Reg/interrupt_save_flags_out_reg/CK (DFFRQX2M)
                                                          0.00       0.05 r
  library hold time                                      -0.01       0.04
  data required time                                                 0.04
  --------------------------------------------------------------------------
  data required time                                                 0.04
  data arrival time                                                 -6.53
  --------------------------------------------------------------------------
  slack (MET)                                                        6.49


  Startpoint: interrupt (input port clocked by clk)
  Endpoint: U_ID_EX_Reg/mem_W_addr_sel_out_reg[0]
            (rising edge-triggered flip-flop clocked by clk)
  Path Group: INREG
  Path Type: min

  Point                                                   Incr       Path
  --------------------------------------------------------------------------
  clock clk (rise edge)                                   0.00       0.00
  clock network delay (ideal)                             0.00       0.00
  input external delay                                    6.00       6.00 r
  interrupt (in)                                          0.01       6.01 r
  U103/Y (BUFX2M)                                         0.23       6.24 r
  u_Control_Unit/interrupt_sig (Control_Unit)             0.00       6.24 r
  u_Control_Unit/U18/Y (NOR2X2M)                          0.09       6.33 f
  u_Control_Unit/mem_W_addr_sel[0] (Control_Unit)         0.00       6.33 f
  U_ID_EX_Reg/mem_W_addr_sel_in[0] (ID_EX_register)       0.00       6.33 f
  U_ID_EX_Reg/U55/Y (AO22X1M)                             0.28       6.61 f
  U_ID_EX_Reg/mem_W_addr_sel_out_reg[0]/D (DFFRQX2M)      0.00       6.61 f
  data arrival time                                                  6.61

  clock clk (rise edge)                                   0.00       0.00
  clock network delay (ideal)                             0.00       0.00
  clock uncertainty                                       0.05       0.05
  U_ID_EX_Reg/mem_W_addr_sel_out_reg[0]/CK (DFFRQX2M)     0.00       0.05 r
  library hold time                                      -0.01       0.04
  data required time                                                 0.04
  --------------------------------------------------------------------------
  data required time                                                 0.04
  data arrival time                                                 -6.61
  --------------------------------------------------------------------------
  slack (MET)                                                        6.57


  Startpoint: interrupt (input port clocked by clk)
  Endpoint: U_ID_EX_Reg/mem_W_data_sel_out_reg[0]
            (rising edge-triggered flip-flop clocked by clk)
  Path Group: INREG
  Path Type: min

  Point                                                   Incr       Path
  --------------------------------------------------------------------------
  clock clk (rise edge)                                   0.00       0.00
  clock network delay (ideal)                             0.00       0.00
  input external delay                                    6.00       6.00 f
  interrupt (in)                                          0.01       6.01 f
  U103/Y (BUFX2M)                                         0.21       6.22 f
  u_Control_Unit/interrupt_sig (Control_Unit)             0.00       6.22 f
  u_Control_Unit/U46/Y (INVX2M)                           0.07       6.29 r
  u_Control_Unit/U45/Y (OAI31X1M)                         0.07       6.36 f
  u_Control_Unit/mem_W_data_sel[0] (Control_Unit)         0.00       6.36 f
  U_ID_EX_Reg/mem_W_data_sel_in[0] (ID_EX_register)       0.00       6.36 f
  U_ID_EX_Reg/U54/Y (AO22X1M)                             0.29       6.65 f
  U_ID_EX_Reg/mem_W_data_sel_out_reg[0]/D (DFFRQX2M)      0.00       6.65 f
  data arrival time                                                  6.65

  clock clk (rise edge)                                   0.00       0.00
  clock network delay (ideal)                             0.00       0.00
  clock uncertainty                                       0.05       0.05
  U_ID_EX_Reg/mem_W_data_sel_out_reg[0]/CK (DFFRQX2M)     0.00       0.05 r
  library hold time                                      -0.01       0.04
  data required time                                                 0.04
  --------------------------------------------------------------------------
  data required time                                                 0.04
  data arrival time                                                 -6.65
  --------------------------------------------------------------------------
  slack (MET)                                                        6.61


  Startpoint: interrupt (input port clocked by clk)
  Endpoint: U_ID_EX_Reg/hazard_detection_unit_out_reg
            (rising edge-triggered flip-flop clocked by clk)
  Path Group: INREG
  Path Type: min

  Point                                                   Incr       Path
  --------------------------------------------------------------------------
  clock clk (rise edge)                                   0.00       0.00
  clock network delay (ideal)                             0.00       0.00
  input external delay                                    6.00       6.00 r
  interrupt (in)                                          0.01       6.01 r
  U103/Y (BUFX2M)                                         0.23       6.24 r
  u_Control_Unit/interrupt_sig (Control_Unit)             0.00       6.24 r
  u_Control_Unit/U43/Y (OAI32X1M)                         0.17       6.41 f
  u_Control_Unit/ID_EX_memRead (Control_Unit)             0.00       6.41 f
  U_ID_EX_Reg/hazard_detection_unit_in (ID_EX_register)
                                                          0.00       6.41 f
  U_ID_EX_Reg/U37/Y (AO22X1M)                             0.30       6.70 f
  U_ID_EX_Reg/hazard_detection_unit_out_reg/D (DFFRQX2M)
                                                          0.00       6.70 f
  data arrival time                                                  6.70

  clock clk (rise edge)                                   0.00       0.00
  clock network delay (ideal)                             0.00       0.00
  clock uncertainty                                       0.05       0.05
  U_ID_EX_Reg/hazard_detection_unit_out_reg/CK (DFFRQX2M)
                                                          0.00       0.05 r
  library hold time                                      -0.01       0.04
  data required time                                                 0.04
  --------------------------------------------------------------------------
  data required time                                                 0.04
  data arrival time                                                 -6.70
  --------------------------------------------------------------------------
  slack (MET)                                                        6.67


  Startpoint: interrupt (input port clocked by clk)
  Endpoint: U_ID_EX_Reg/Sel_WriteData_out_reg[0]
            (rising edge-triggered flip-flop clocked by clk)
  Path Group: INREG
  Path Type: min

  Point                                                   Incr       Path
  --------------------------------------------------------------------------
  clock clk (rise edge)                                   0.00       0.00
  clock network delay (ideal)                             0.00       0.00
  input external delay                                    6.00       6.00 r
  interrupt (in)                                          0.01       6.01 r
  U103/Y (BUFX2M)                                         0.23       6.24 r
  u_Control_Unit/interrupt_sig (Control_Unit)             0.00       6.24 r
  u_Control_Unit/U43/Y (OAI32X1M)                         0.17       6.41 f
  u_Control_Unit/Sel_WriteData[0] (Control_Unit)          0.00       6.41 f
  U_ID_EX_Reg/Sel_WriteData_in[0] (ID_EX_register)        0.00       6.41 f
  U_ID_EX_Reg/U38/Y (AO22X1M)                             0.30       6.70 f
  U_ID_EX_Reg/Sel_WriteData_out_reg[0]/D (DFFRQX2M)       0.00       6.70 f
  data arrival time                                                  6.70

  clock clk (rise edge)                                   0.00       0.00
  clock network delay (ideal)                             0.00       0.00
  clock uncertainty                                       0.05       0.05
  U_ID_EX_Reg/Sel_WriteData_out_reg[0]/CK (DFFRQX2M)      0.00       0.05 r
  library hold time                                      -0.01       0.04
  data required time                                                 0.04
  --------------------------------------------------------------------------
  data required time                                                 0.04
  data arrival time                                                 -6.70
  --------------------------------------------------------------------------
  slack (MET)                                                        6.67


  Startpoint: interrupt (input port clocked by clk)
  Endpoint: U_IF_ID_Reg/instruction_out_reg[6]
            (rising edge-triggered flip-flop clocked by clk)
  Path Group: INREG
  Path Type: min

  Point                                                   Incr       Path
  --------------------------------------------------------------------------
  clock clk (rise edge)                                   0.00       0.00
  clock network delay (ideal)                             0.00       0.00
  input external delay                                    6.00       6.00 r
  interrupt (in)                                          0.01       6.01 r
  U103/Y (BUFX2M)                                         0.23       6.24 r
  u_Control_Unit/interrupt_sig (Control_Unit)             0.00       6.24 r
  u_Control_Unit/flush_f_d_reg (Control_Unit)             0.00       6.24 r
  U_IF_ID_Reg/flush (IF_ID_register)                      0.00       6.24 r
  U_IF_ID_Reg/U3/Y (NOR2X2M)                              0.19       6.43 f
  U_IF_ID_Reg/U27/Y (AO22X1M)                             0.28       6.71 f
  U_IF_ID_Reg/instruction_out_reg[6]/D (DFFRQX2M)         0.00       6.71 f
  data arrival time                                                  6.71

  clock clk (rise edge)                                   0.00       0.00
  clock network delay (ideal)                             0.00       0.00
  clock uncertainty                                       0.05       0.05
  U_IF_ID_Reg/instruction_out_reg[6]/CK (DFFRQX2M)        0.00       0.05 r
  library hold time                                      -0.01       0.04
  data required time                                                 0.04
  --------------------------------------------------------------------------
  data required time                                                 0.04
  data arrival time                                                 -6.71
  --------------------------------------------------------------------------
  slack (MET)                                                        6.67


  Startpoint: interrupt (input port clocked by clk)
  Endpoint: U_IF_ID_Reg/instruction_out_reg[5]
            (rising edge-triggered flip-flop clocked by clk)
  Path Group: INREG
  Path Type: min

  Point                                                   Incr       Path
  --------------------------------------------------------------------------
  clock clk (rise edge)                                   0.00       0.00
  clock network delay (ideal)                             0.00       0.00
  input external delay                                    6.00       6.00 r
  interrupt (in)                                          0.01       6.01 r
  U103/Y (BUFX2M)                                         0.23       6.24 r
  u_Control_Unit/interrupt_sig (Control_Unit)             0.00       6.24 r
  u_Control_Unit/flush_f_d_reg (Control_Unit)             0.00       6.24 r
  U_IF_ID_Reg/flush (IF_ID_register)                      0.00       6.24 r
  U_IF_ID_Reg/U3/Y (NOR2X2M)                              0.19       6.43 f
  U_IF_ID_Reg/U26/Y (AO22X1M)                             0.28       6.71 f
  U_IF_ID_Reg/instruction_out_reg[5]/D (DFFRQX2M)         0.00       6.71 f
  data arrival time                                                  6.71

  clock clk (rise edge)                                   0.00       0.00
  clock network delay (ideal)                             0.00       0.00
  clock uncertainty                                       0.05       0.05
  U_IF_ID_Reg/instruction_out_reg[5]/CK (DFFRQX2M)        0.00       0.05 r
  library hold time                                      -0.01       0.04
  data required time                                                 0.04
  --------------------------------------------------------------------------
  data required time                                                 0.04
  data arrival time                                                 -6.71
  --------------------------------------------------------------------------
  slack (MET)                                                        6.67


  Startpoint: interrupt (input port clocked by clk)
  Endpoint: U_IF_ID_Reg/instruction_out_reg[7]
            (rising edge-triggered flip-flop clocked by clk)
  Path Group: INREG
  Path Type: min

  Point                                                   Incr       Path
  --------------------------------------------------------------------------
  clock clk (rise edge)                                   0.00       0.00
  clock network delay (ideal)                             0.00       0.00
  input external delay                                    6.00       6.00 r
  interrupt (in)                                          0.01       6.01 r
  U103/Y (BUFX2M)                                         0.23       6.24 r
  u_Control_Unit/interrupt_sig (Control_Unit)             0.00       6.24 r
  u_Control_Unit/flush_f_d_reg (Control_Unit)             0.00       6.24 r
  U_IF_ID_Reg/flush (IF_ID_register)                      0.00       6.24 r
  U_IF_ID_Reg/U3/Y (NOR2X2M)                              0.19       6.43 f
  U_IF_ID_Reg/U28/Y (AO22X1M)                             0.28       6.71 f
  U_IF_ID_Reg/instruction_out_reg[7]/D (DFFRQX2M)         0.00       6.71 f
  data arrival time                                                  6.71

  clock clk (rise edge)                                   0.00       0.00
  clock network delay (ideal)                             0.00       0.00
  clock uncertainty                                       0.05       0.05
  U_IF_ID_Reg/instruction_out_reg[7]/CK (DFFRQX2M)        0.00       0.05 r
  library hold time                                      -0.01       0.04
  data required time                                                 0.04
  --------------------------------------------------------------------------
  data required time                                                 0.04
  data arrival time                                                 -6.71
  --------------------------------------------------------------------------
  slack (MET)                                                        6.67


  Startpoint: interrupt (input port clocked by clk)
  Endpoint: U_IF_ID_Reg/instruction_out_reg[3]
            (rising edge-triggered flip-flop clocked by clk)
  Path Group: INREG
  Path Type: min

  Point                                                   Incr       Path
  --------------------------------------------------------------------------
  clock clk (rise edge)                                   0.00       0.00
  clock network delay (ideal)                             0.00       0.00
  input external delay                                    6.00       6.00 r
  interrupt (in)                                          0.01       6.01 r
  U103/Y (BUFX2M)                                         0.23       6.24 r
  u_Control_Unit/interrupt_sig (Control_Unit)             0.00       6.24 r
  u_Control_Unit/flush_f_d_reg (Control_Unit)             0.00       6.24 r
  U_IF_ID_Reg/flush (IF_ID_register)                      0.00       6.24 r
  U_IF_ID_Reg/U3/Y (NOR2X2M)                              0.19       6.43 f
  U_IF_ID_Reg/U24/Y (AO22X1M)                             0.28       6.71 f
  U_IF_ID_Reg/instruction_out_reg[3]/D (DFFRQX2M)         0.00       6.71 f
  data arrival time                                                  6.71

  clock clk (rise edge)                                   0.00       0.00
  clock network delay (ideal)                             0.00       0.00
  clock uncertainty                                       0.05       0.05
  U_IF_ID_Reg/instruction_out_reg[3]/CK (DFFRQX2M)        0.00       0.05 r
  library hold time                                      -0.01       0.04
  data required time                                                 0.04
  --------------------------------------------------------------------------
  data required time                                                 0.04
  data arrival time                                                 -6.71
  --------------------------------------------------------------------------
  slack (MET)                                                        6.67


  Startpoint: interrupt (input port clocked by clk)
  Endpoint: U_IF_ID_Reg/instruction_out_reg[4]
            (rising edge-triggered flip-flop clocked by clk)
  Path Group: INREG
  Path Type: min

  Point                                                   Incr       Path
  --------------------------------------------------------------------------
  clock clk (rise edge)                                   0.00       0.00
  clock network delay (ideal)                             0.00       0.00
  input external delay                                    6.00       6.00 r
  interrupt (in)                                          0.01       6.01 r
  U103/Y (BUFX2M)                                         0.23       6.24 r
  u_Control_Unit/interrupt_sig (Control_Unit)             0.00       6.24 r
  u_Control_Unit/flush_f_d_reg (Control_Unit)             0.00       6.24 r
  U_IF_ID_Reg/flush (IF_ID_register)                      0.00       6.24 r
  U_IF_ID_Reg/U3/Y (NOR2X2M)                              0.19       6.43 f
  U_IF_ID_Reg/U25/Y (AO22X1M)                             0.28       6.71 f
  U_IF_ID_Reg/instruction_out_reg[4]/D (DFFRQX2M)         0.00       6.71 f
  data arrival time                                                  6.71

  clock clk (rise edge)                                   0.00       0.00
  clock network delay (ideal)                             0.00       0.00
  clock uncertainty                                       0.05       0.05
  U_IF_ID_Reg/instruction_out_reg[4]/CK (DFFRQX2M)        0.00       0.05 r
  library hold time                                      -0.01       0.04
  data required time                                                 0.04
  --------------------------------------------------------------------------
  data required time                                                 0.04
  data arrival time                                                 -6.71
  --------------------------------------------------------------------------
  slack (MET)                                                        6.67


  Startpoint: interrupt (input port clocked by clk)
  Endpoint: U_IF_ID_Reg/instruction_out_reg[1]
            (rising edge-triggered flip-flop clocked by clk)
  Path Group: INREG
  Path Type: min

  Point                                                   Incr       Path
  --------------------------------------------------------------------------
  clock clk (rise edge)                                   0.00       0.00
  clock network delay (ideal)                             0.00       0.00
  input external delay                                    6.00       6.00 r
  interrupt (in)                                          0.01       6.01 r
  U103/Y (BUFX2M)                                         0.23       6.24 r
  u_Control_Unit/interrupt_sig (Control_Unit)             0.00       6.24 r
  u_Control_Unit/flush_f_d_reg (Control_Unit)             0.00       6.24 r
  U_IF_ID_Reg/flush (IF_ID_register)                      0.00       6.24 r
  U_IF_ID_Reg/U3/Y (NOR2X2M)                              0.19       6.43 f
  U_IF_ID_Reg/U22/Y (AO22X1M)                             0.28       6.71 f
  U_IF_ID_Reg/instruction_out_reg[1]/D (DFFRQX2M)         0.00       6.71 f
  data arrival time                                                  6.71

  clock clk (rise edge)                                   0.00       0.00
  clock network delay (ideal)                             0.00       0.00
  clock uncertainty                                       0.05       0.05
  U_IF_ID_Reg/instruction_out_reg[1]/CK (DFFRQX2M)        0.00       0.05 r
  library hold time                                      -0.01       0.04
  data required time                                                 0.04
  --------------------------------------------------------------------------
  data required time                                                 0.04
  data arrival time                                                 -6.71
  --------------------------------------------------------------------------
  slack (MET)                                                        6.67


  Startpoint: interrupt (input port clocked by clk)
  Endpoint: U_IF_ID_Reg/instruction_out_reg[0]
            (rising edge-triggered flip-flop clocked by clk)
  Path Group: INREG
  Path Type: min

  Point                                                   Incr       Path
  --------------------------------------------------------------------------
  clock clk (rise edge)                                   0.00       0.00
  clock network delay (ideal)                             0.00       0.00
  input external delay                                    6.00       6.00 r
  interrupt (in)                                          0.01       6.01 r
  U103/Y (BUFX2M)                                         0.23       6.24 r
  u_Control_Unit/interrupt_sig (Control_Unit)             0.00       6.24 r
  u_Control_Unit/flush_f_d_reg (Control_Unit)             0.00       6.24 r
  U_IF_ID_Reg/flush (IF_ID_register)                      0.00       6.24 r
  U_IF_ID_Reg/U3/Y (NOR2X2M)                              0.19       6.43 f
  U_IF_ID_Reg/U21/Y (AO22X1M)                             0.28       6.71 f
  U_IF_ID_Reg/instruction_out_reg[0]/D (DFFRQX2M)         0.00       6.71 f
  data arrival time                                                  6.71

  clock clk (rise edge)                                   0.00       0.00
  clock network delay (ideal)                             0.00       0.00
  clock uncertainty                                       0.05       0.05
  U_IF_ID_Reg/instruction_out_reg[0]/CK (DFFRQX2M)        0.00       0.05 r
  library hold time                                      -0.01       0.04
  data required time                                                 0.04
  --------------------------------------------------------------------------
  data required time                                                 0.04
  data arrival time                                                 -6.71
  --------------------------------------------------------------------------
  slack (MET)                                                        6.67


  Startpoint: interrupt (input port clocked by clk)
  Endpoint: U_IF_ID_Reg/pc_plus_1_out_reg[7]
            (rising edge-triggered flip-flop clocked by clk)
  Path Group: INREG
  Path Type: min

  Point                                                   Incr       Path
  --------------------------------------------------------------------------
  clock clk (rise edge)                                   0.00       0.00
  clock network delay (ideal)                             0.00       0.00
  input external delay                                    6.00       6.00 r
  interrupt (in)                                          0.01       6.01 r
  U103/Y (BUFX2M)                                         0.23       6.24 r
  u_Control_Unit/interrupt_sig (Control_Unit)             0.00       6.24 r
  u_Control_Unit/flush_f_d_reg (Control_Unit)             0.00       6.24 r
  U_IF_ID_Reg/flush (IF_ID_register)                      0.00       6.24 r
  U_IF_ID_Reg/U3/Y (NOR2X2M)                              0.19       6.43 f
  U_IF_ID_Reg/U20/Y (AO22X1M)                             0.28       6.71 f
  U_IF_ID_Reg/pc_plus_1_out_reg[7]/D (DFFRQX2M)           0.00       6.71 f
  data arrival time                                                  6.71

  clock clk (rise edge)                                   0.00       0.00
  clock network delay (ideal)                             0.00       0.00
  clock uncertainty                                       0.05       0.05
  U_IF_ID_Reg/pc_plus_1_out_reg[7]/CK (DFFRQX2M)          0.00       0.05 r
  library hold time                                      -0.01       0.04
  data required time                                                 0.04
  --------------------------------------------------------------------------
  data required time                                                 0.04
  data arrival time                                                 -6.71
  --------------------------------------------------------------------------
  slack (MET)                                                        6.67


  Startpoint: interrupt (input port clocked by clk)
  Endpoint: U_IF_ID_Reg/pc_plus_1_out_reg[6]
            (rising edge-triggered flip-flop clocked by clk)
  Path Group: INREG
  Path Type: min

  Point                                                   Incr       Path
  --------------------------------------------------------------------------
  clock clk (rise edge)                                   0.00       0.00
  clock network delay (ideal)                             0.00       0.00
  input external delay                                    6.00       6.00 r
  interrupt (in)                                          0.01       6.01 r
  U103/Y (BUFX2M)                                         0.23       6.24 r
  u_Control_Unit/interrupt_sig (Control_Unit)             0.00       6.24 r
  u_Control_Unit/flush_f_d_reg (Control_Unit)             0.00       6.24 r
  U_IF_ID_Reg/flush (IF_ID_register)                      0.00       6.24 r
  U_IF_ID_Reg/U3/Y (NOR2X2M)                              0.19       6.43 f
  U_IF_ID_Reg/U19/Y (AO22X1M)                             0.28       6.71 f
  U_IF_ID_Reg/pc_plus_1_out_reg[6]/D (DFFRQX2M)           0.00       6.71 f
  data arrival time                                                  6.71

  clock clk (rise edge)                                   0.00       0.00
  clock network delay (ideal)                             0.00       0.00
  clock uncertainty                                       0.05       0.05
  U_IF_ID_Reg/pc_plus_1_out_reg[6]/CK (DFFRQX2M)          0.00       0.05 r
  library hold time                                      -0.01       0.04
  data required time                                                 0.04
  --------------------------------------------------------------------------
  data required time                                                 0.04
  data arrival time                                                 -6.71
  --------------------------------------------------------------------------
  slack (MET)                                                        6.67


  Startpoint: interrupt (input port clocked by clk)
  Endpoint: U_IF_ID_Reg/pc_plus_1_out_reg[5]
            (rising edge-triggered flip-flop clocked by clk)
  Path Group: INREG
  Path Type: min

  Point                                                   Incr       Path
  --------------------------------------------------------------------------
  clock clk (rise edge)                                   0.00       0.00
  clock network delay (ideal)                             0.00       0.00
  input external delay                                    6.00       6.00 r
  interrupt (in)                                          0.01       6.01 r
  U103/Y (BUFX2M)                                         0.23       6.24 r
  u_Control_Unit/interrupt_sig (Control_Unit)             0.00       6.24 r
  u_Control_Unit/flush_f_d_reg (Control_Unit)             0.00       6.24 r
  U_IF_ID_Reg/flush (IF_ID_register)                      0.00       6.24 r
  U_IF_ID_Reg/U3/Y (NOR2X2M)                              0.19       6.43 f
  U_IF_ID_Reg/U18/Y (AO22X1M)                             0.28       6.71 f
  U_IF_ID_Reg/pc_plus_1_out_reg[5]/D (DFFRQX2M)           0.00       6.71 f
  data arrival time                                                  6.71

  clock clk (rise edge)                                   0.00       0.00
  clock network delay (ideal)                             0.00       0.00
  clock uncertainty                                       0.05       0.05
  U_IF_ID_Reg/pc_plus_1_out_reg[5]/CK (DFFRQX2M)          0.00       0.05 r
  library hold time                                      -0.01       0.04
  data required time                                                 0.04
  --------------------------------------------------------------------------
  data required time                                                 0.04
  data arrival time                                                 -6.71
  --------------------------------------------------------------------------
  slack (MET)                                                        6.67


  Startpoint: interrupt (input port clocked by clk)
  Endpoint: U_IF_ID_Reg/pc_plus_1_out_reg[4]
            (rising edge-triggered flip-flop clocked by clk)
  Path Group: INREG
  Path Type: min

  Point                                                   Incr       Path
  --------------------------------------------------------------------------
  clock clk (rise edge)                                   0.00       0.00
  clock network delay (ideal)                             0.00       0.00
  input external delay                                    6.00       6.00 r
  interrupt (in)                                          0.01       6.01 r
  U103/Y (BUFX2M)                                         0.23       6.24 r
  u_Control_Unit/interrupt_sig (Control_Unit)             0.00       6.24 r
  u_Control_Unit/flush_f_d_reg (Control_Unit)             0.00       6.24 r
  U_IF_ID_Reg/flush (IF_ID_register)                      0.00       6.24 r
  U_IF_ID_Reg/U3/Y (NOR2X2M)                              0.19       6.43 f
  U_IF_ID_Reg/U17/Y (AO22X1M)                             0.28       6.71 f
  U_IF_ID_Reg/pc_plus_1_out_reg[4]/D (DFFRQX2M)           0.00       6.71 f
  data arrival time                                                  6.71

  clock clk (rise edge)                                   0.00       0.00
  clock network delay (ideal)                             0.00       0.00
  clock uncertainty                                       0.05       0.05
  U_IF_ID_Reg/pc_plus_1_out_reg[4]/CK (DFFRQX2M)          0.00       0.05 r
  library hold time                                      -0.01       0.04
  data required time                                                 0.04
  --------------------------------------------------------------------------
  data required time                                                 0.04
  data arrival time                                                 -6.71
  --------------------------------------------------------------------------
  slack (MET)                                                        6.67


  Startpoint: interrupt (input port clocked by clk)
  Endpoint: U_IF_ID_Reg/pc_plus_1_out_reg[3]
            (rising edge-triggered flip-flop clocked by clk)
  Path Group: INREG
  Path Type: min

  Point                                                   Incr       Path
  --------------------------------------------------------------------------
  clock clk (rise edge)                                   0.00       0.00
  clock network delay (ideal)                             0.00       0.00
  input external delay                                    6.00       6.00 r
  interrupt (in)                                          0.01       6.01 r
  U103/Y (BUFX2M)                                         0.23       6.24 r
  u_Control_Unit/interrupt_sig (Control_Unit)             0.00       6.24 r
  u_Control_Unit/flush_f_d_reg (Control_Unit)             0.00       6.24 r
  U_IF_ID_Reg/flush (IF_ID_register)                      0.00       6.24 r
  U_IF_ID_Reg/U3/Y (NOR2X2M)                              0.19       6.43 f
  U_IF_ID_Reg/U16/Y (AO22X1M)                             0.28       6.71 f
  U_IF_ID_Reg/pc_plus_1_out_reg[3]/D (DFFRQX2M)           0.00       6.71 f
  data arrival time                                                  6.71

  clock clk (rise edge)                                   0.00       0.00
  clock network delay (ideal)                             0.00       0.00
  clock uncertainty                                       0.05       0.05
  U_IF_ID_Reg/pc_plus_1_out_reg[3]/CK (DFFRQX2M)          0.00       0.05 r
  library hold time                                      -0.01       0.04
  data required time                                                 0.04
  --------------------------------------------------------------------------
  data required time                                                 0.04
  data arrival time                                                 -6.71
  --------------------------------------------------------------------------
  slack (MET)                                                        6.67


  Startpoint: interrupt (input port clocked by clk)
  Endpoint: U_IF_ID_Reg/pc_plus_1_out_reg[2]
            (rising edge-triggered flip-flop clocked by clk)
  Path Group: INREG
  Path Type: min

  Point                                                   Incr       Path
  --------------------------------------------------------------------------
  clock clk (rise edge)                                   0.00       0.00
  clock network delay (ideal)                             0.00       0.00
  input external delay                                    6.00       6.00 r
  interrupt (in)                                          0.01       6.01 r
  U103/Y (BUFX2M)                                         0.23       6.24 r
  u_Control_Unit/interrupt_sig (Control_Unit)             0.00       6.24 r
  u_Control_Unit/flush_f_d_reg (Control_Unit)             0.00       6.24 r
  U_IF_ID_Reg/flush (IF_ID_register)                      0.00       6.24 r
  U_IF_ID_Reg/U3/Y (NOR2X2M)                              0.19       6.43 f
  U_IF_ID_Reg/U15/Y (AO22X1M)                             0.28       6.71 f
  U_IF_ID_Reg/pc_plus_1_out_reg[2]/D (DFFRQX2M)           0.00       6.71 f
  data arrival time                                                  6.71

  clock clk (rise edge)                                   0.00       0.00
  clock network delay (ideal)                             0.00       0.00
  clock uncertainty                                       0.05       0.05
  U_IF_ID_Reg/pc_plus_1_out_reg[2]/CK (DFFRQX2M)          0.00       0.05 r
  library hold time                                      -0.01       0.04
  data required time                                                 0.04
  --------------------------------------------------------------------------
  data required time                                                 0.04
  data arrival time                                                 -6.71
  --------------------------------------------------------------------------
  slack (MET)                                                        6.67


  Startpoint: interrupt (input port clocked by clk)
  Endpoint: U_IF_ID_Reg/pc_plus_1_out_reg[1]
            (rising edge-triggered flip-flop clocked by clk)
  Path Group: INREG
  Path Type: min

  Point                                                   Incr       Path
  --------------------------------------------------------------------------
  clock clk (rise edge)                                   0.00       0.00
  clock network delay (ideal)                             0.00       0.00
  input external delay                                    6.00       6.00 r
  interrupt (in)                                          0.01       6.01 r
  U103/Y (BUFX2M)                                         0.23       6.24 r
  u_Control_Unit/interrupt_sig (Control_Unit)             0.00       6.24 r
  u_Control_Unit/flush_f_d_reg (Control_Unit)             0.00       6.24 r
  U_IF_ID_Reg/flush (IF_ID_register)                      0.00       6.24 r
  U_IF_ID_Reg/U3/Y (NOR2X2M)                              0.19       6.43 f
  U_IF_ID_Reg/U14/Y (AO22X1M)                             0.28       6.71 f
  U_IF_ID_Reg/pc_plus_1_out_reg[1]/D (DFFRQX2M)           0.00       6.71 f
  data arrival time                                                  6.71

  clock clk (rise edge)                                   0.00       0.00
  clock network delay (ideal)                             0.00       0.00
  clock uncertainty                                       0.05       0.05
  U_IF_ID_Reg/pc_plus_1_out_reg[1]/CK (DFFRQX2M)          0.00       0.05 r
  library hold time                                      -0.01       0.04
  data required time                                                 0.04
  --------------------------------------------------------------------------
  data required time                                                 0.04
  data arrival time                                                 -6.71
  --------------------------------------------------------------------------
  slack (MET)                                                        6.67


  Startpoint: interrupt (input port clocked by clk)
  Endpoint: U_IF_ID_Reg/pc_plus_1_out_reg[0]
            (rising edge-triggered flip-flop clocked by clk)
  Path Group: INREG
  Path Type: min

  Point                                                   Incr       Path
  --------------------------------------------------------------------------
  clock clk (rise edge)                                   0.00       0.00
  clock network delay (ideal)                             0.00       0.00
  input external delay                                    6.00       6.00 r
  interrupt (in)                                          0.01       6.01 r
  U103/Y (BUFX2M)                                         0.23       6.24 r
  u_Control_Unit/interrupt_sig (Control_Unit)             0.00       6.24 r
  u_Control_Unit/flush_f_d_reg (Control_Unit)             0.00       6.24 r
  U_IF_ID_Reg/flush (IF_ID_register)                      0.00       6.24 r
  U_IF_ID_Reg/U3/Y (NOR2X2M)                              0.19       6.43 f
  U_IF_ID_Reg/U13/Y (AO22X1M)                             0.28       6.71 f
  U_IF_ID_Reg/pc_plus_1_out_reg[0]/D (DFFRQX2M)           0.00       6.71 f
  data arrival time                                                  6.71

  clock clk (rise edge)                                   0.00       0.00
  clock network delay (ideal)                             0.00       0.00
  clock uncertainty                                       0.05       0.05
  U_IF_ID_Reg/pc_plus_1_out_reg[0]/CK (DFFRQX2M)          0.00       0.05 r
  library hold time                                      -0.01       0.04
  data required time                                                 0.04
  --------------------------------------------------------------------------
  data required time                                                 0.04
  data arrival time                                                 -6.71
  --------------------------------------------------------------------------
  slack (MET)                                                        6.67


  Startpoint: interrupt (input port clocked by clk)
  Endpoint: U_IF_ID_Reg/current_pc_out_reg[7]
            (rising edge-triggered flip-flop clocked by clk)
  Path Group: INREG
  Path Type: min

  Point                                                   Incr       Path
  --------------------------------------------------------------------------
  clock clk (rise edge)                                   0.00       0.00
  clock network delay (ideal)                             0.00       0.00
  input external delay                                    6.00       6.00 r
  interrupt (in)                                          0.01       6.01 r
  U103/Y (BUFX2M)                                         0.23       6.24 r
  u_Control_Unit/interrupt_sig (Control_Unit)             0.00       6.24 r
  u_Control_Unit/flush_f_d_reg (Control_Unit)             0.00       6.24 r
  U_IF_ID_Reg/flush (IF_ID_register)                      0.00       6.24 r
  U_IF_ID_Reg/U3/Y (NOR2X2M)                              0.19       6.43 f
  U_IF_ID_Reg/U12/Y (AO22X1M)                             0.28       6.71 f
  U_IF_ID_Reg/current_pc_out_reg[7]/D (DFFRQX2M)          0.00       6.71 f
  data arrival time                                                  6.71

  clock clk (rise edge)                                   0.00       0.00
  clock network delay (ideal)                             0.00       0.00
  clock uncertainty                                       0.05       0.05
  U_IF_ID_Reg/current_pc_out_reg[7]/CK (DFFRQX2M)         0.00       0.05 r
  library hold time                                      -0.01       0.04
  data required time                                                 0.04
  --------------------------------------------------------------------------
  data required time                                                 0.04
  data arrival time                                                 -6.71
  --------------------------------------------------------------------------
  slack (MET)                                                        6.67


  Startpoint: interrupt (input port clocked by clk)
  Endpoint: U_IF_ID_Reg/current_pc_out_reg[6]
            (rising edge-triggered flip-flop clocked by clk)
  Path Group: INREG
  Path Type: min

  Point                                                   Incr       Path
  --------------------------------------------------------------------------
  clock clk (rise edge)                                   0.00       0.00
  clock network delay (ideal)                             0.00       0.00
  input external delay                                    6.00       6.00 r
  interrupt (in)                                          0.01       6.01 r
  U103/Y (BUFX2M)                                         0.23       6.24 r
  u_Control_Unit/interrupt_sig (Control_Unit)             0.00       6.24 r
  u_Control_Unit/flush_f_d_reg (Control_Unit)             0.00       6.24 r
  U_IF_ID_Reg/flush (IF_ID_register)                      0.00       6.24 r
  U_IF_ID_Reg/U3/Y (NOR2X2M)                              0.19       6.43 f
  U_IF_ID_Reg/U11/Y (AO22X1M)                             0.28       6.71 f
  U_IF_ID_Reg/current_pc_out_reg[6]/D (DFFRQX2M)          0.00       6.71 f
  data arrival time                                                  6.71

  clock clk (rise edge)                                   0.00       0.00
  clock network delay (ideal)                             0.00       0.00
  clock uncertainty                                       0.05       0.05
  U_IF_ID_Reg/current_pc_out_reg[6]/CK (DFFRQX2M)         0.00       0.05 r
  library hold time                                      -0.01       0.04
  data required time                                                 0.04
  --------------------------------------------------------------------------
  data required time                                                 0.04
  data arrival time                                                 -6.71
  --------------------------------------------------------------------------
  slack (MET)                                                        6.67


  Startpoint: interrupt (input port clocked by clk)
  Endpoint: U_IF_ID_Reg/current_pc_out_reg[5]
            (rising edge-triggered flip-flop clocked by clk)
  Path Group: INREG
  Path Type: min

  Point                                                   Incr       Path
  --------------------------------------------------------------------------
  clock clk (rise edge)                                   0.00       0.00
  clock network delay (ideal)                             0.00       0.00
  input external delay                                    6.00       6.00 r
  interrupt (in)                                          0.01       6.01 r
  U103/Y (BUFX2M)                                         0.23       6.24 r
  u_Control_Unit/interrupt_sig (Control_Unit)             0.00       6.24 r
  u_Control_Unit/flush_f_d_reg (Control_Unit)             0.00       6.24 r
  U_IF_ID_Reg/flush (IF_ID_register)                      0.00       6.24 r
  U_IF_ID_Reg/U3/Y (NOR2X2M)                              0.19       6.43 f
  U_IF_ID_Reg/U10/Y (AO22X1M)                             0.28       6.71 f
  U_IF_ID_Reg/current_pc_out_reg[5]/D (DFFRQX2M)          0.00       6.71 f
  data arrival time                                                  6.71

  clock clk (rise edge)                                   0.00       0.00
  clock network delay (ideal)                             0.00       0.00
  clock uncertainty                                       0.05       0.05
  U_IF_ID_Reg/current_pc_out_reg[5]/CK (DFFRQX2M)         0.00       0.05 r
  library hold time                                      -0.01       0.04
  data required time                                                 0.04
  --------------------------------------------------------------------------
  data required time                                                 0.04
  data arrival time                                                 -6.71
  --------------------------------------------------------------------------
  slack (MET)                                                        6.67


  Startpoint: interrupt (input port clocked by clk)
  Endpoint: U_IF_ID_Reg/current_pc_out_reg[4]
            (rising edge-triggered flip-flop clocked by clk)
  Path Group: INREG
  Path Type: min

  Point                                                   Incr       Path
  --------------------------------------------------------------------------
  clock clk (rise edge)                                   0.00       0.00
  clock network delay (ideal)                             0.00       0.00
  input external delay                                    6.00       6.00 r
  interrupt (in)                                          0.01       6.01 r
  U103/Y (BUFX2M)                                         0.23       6.24 r
  u_Control_Unit/interrupt_sig (Control_Unit)             0.00       6.24 r
  u_Control_Unit/flush_f_d_reg (Control_Unit)             0.00       6.24 r
  U_IF_ID_Reg/flush (IF_ID_register)                      0.00       6.24 r
  U_IF_ID_Reg/U3/Y (NOR2X2M)                              0.19       6.43 f
  U_IF_ID_Reg/U9/Y (AO22X1M)                              0.28       6.71 f
  U_IF_ID_Reg/current_pc_out_reg[4]/D (DFFRQX2M)          0.00       6.71 f
  data arrival time                                                  6.71

  clock clk (rise edge)                                   0.00       0.00
  clock network delay (ideal)                             0.00       0.00
  clock uncertainty                                       0.05       0.05
  U_IF_ID_Reg/current_pc_out_reg[4]/CK (DFFRQX2M)         0.00       0.05 r
  library hold time                                      -0.01       0.04
  data required time                                                 0.04
  --------------------------------------------------------------------------
  data required time                                                 0.04
  data arrival time                                                 -6.71
  --------------------------------------------------------------------------
  slack (MET)                                                        6.67


  Startpoint: interrupt (input port clocked by clk)
  Endpoint: U_IF_ID_Reg/current_pc_out_reg[3]
            (rising edge-triggered flip-flop clocked by clk)
  Path Group: INREG
  Path Type: min

  Point                                                   Incr       Path
  --------------------------------------------------------------------------
  clock clk (rise edge)                                   0.00       0.00
  clock network delay (ideal)                             0.00       0.00
  input external delay                                    6.00       6.00 r
  interrupt (in)                                          0.01       6.01 r
  U103/Y (BUFX2M)                                         0.23       6.24 r
  u_Control_Unit/interrupt_sig (Control_Unit)             0.00       6.24 r
  u_Control_Unit/flush_f_d_reg (Control_Unit)             0.00       6.24 r
  U_IF_ID_Reg/flush (IF_ID_register)                      0.00       6.24 r
  U_IF_ID_Reg/U3/Y (NOR2X2M)                              0.19       6.43 f
  U_IF_ID_Reg/U8/Y (AO22X1M)                              0.28       6.71 f
  U_IF_ID_Reg/current_pc_out_reg[3]/D (DFFRQX2M)          0.00       6.71 f
  data arrival time                                                  6.71

  clock clk (rise edge)                                   0.00       0.00
  clock network delay (ideal)                             0.00       0.00
  clock uncertainty                                       0.05       0.05
  U_IF_ID_Reg/current_pc_out_reg[3]/CK (DFFRQX2M)         0.00       0.05 r
  library hold time                                      -0.01       0.04
  data required time                                                 0.04
  --------------------------------------------------------------------------
  data required time                                                 0.04
  data arrival time                                                 -6.71
  --------------------------------------------------------------------------
  slack (MET)                                                        6.67


  Startpoint: interrupt (input port clocked by clk)
  Endpoint: U_IF_ID_Reg/current_pc_out_reg[2]
            (rising edge-triggered flip-flop clocked by clk)
  Path Group: INREG
  Path Type: min

  Point                                                   Incr       Path
  --------------------------------------------------------------------------
  clock clk (rise edge)                                   0.00       0.00
  clock network delay (ideal)                             0.00       0.00
  input external delay                                    6.00       6.00 r
  interrupt (in)                                          0.01       6.01 r
  U103/Y (BUFX2M)                                         0.23       6.24 r
  u_Control_Unit/interrupt_sig (Control_Unit)             0.00       6.24 r
  u_Control_Unit/flush_f_d_reg (Control_Unit)             0.00       6.24 r
  U_IF_ID_Reg/flush (IF_ID_register)                      0.00       6.24 r
  U_IF_ID_Reg/U3/Y (NOR2X2M)                              0.19       6.43 f
  U_IF_ID_Reg/U7/Y (AO22X1M)                              0.28       6.71 f
  U_IF_ID_Reg/current_pc_out_reg[2]/D (DFFRQX2M)          0.00       6.71 f
  data arrival time                                                  6.71

  clock clk (rise edge)                                   0.00       0.00
  clock network delay (ideal)                             0.00       0.00
  clock uncertainty                                       0.05       0.05
  U_IF_ID_Reg/current_pc_out_reg[2]/CK (DFFRQX2M)         0.00       0.05 r
  library hold time                                      -0.01       0.04
  data required time                                                 0.04
  --------------------------------------------------------------------------
  data required time                                                 0.04
  data arrival time                                                 -6.71
  --------------------------------------------------------------------------
  slack (MET)                                                        6.67


  Startpoint: interrupt (input port clocked by clk)
  Endpoint: U_IF_ID_Reg/current_pc_out_reg[1]
            (rising edge-triggered flip-flop clocked by clk)
  Path Group: INREG
  Path Type: min

  Point                                                   Incr       Path
  --------------------------------------------------------------------------
  clock clk (rise edge)                                   0.00       0.00
  clock network delay (ideal)                             0.00       0.00
  input external delay                                    6.00       6.00 r
  interrupt (in)                                          0.01       6.01 r
  U103/Y (BUFX2M)                                         0.23       6.24 r
  u_Control_Unit/interrupt_sig (Control_Unit)             0.00       6.24 r
  u_Control_Unit/flush_f_d_reg (Control_Unit)             0.00       6.24 r
  U_IF_ID_Reg/flush (IF_ID_register)                      0.00       6.24 r
  U_IF_ID_Reg/U3/Y (NOR2X2M)                              0.19       6.43 f
  U_IF_ID_Reg/U6/Y (AO22X1M)                              0.28       6.71 f
  U_IF_ID_Reg/current_pc_out_reg[1]/D (DFFRQX2M)          0.00       6.71 f
  data arrival time                                                  6.71

  clock clk (rise edge)                                   0.00       0.00
  clock network delay (ideal)                             0.00       0.00
  clock uncertainty                                       0.05       0.05
  U_IF_ID_Reg/current_pc_out_reg[1]/CK (DFFRQX2M)         0.00       0.05 r
  library hold time                                      -0.01       0.04
  data required time                                                 0.04
  --------------------------------------------------------------------------
  data required time                                                 0.04
  data arrival time                                                 -6.71
  --------------------------------------------------------------------------
  slack (MET)                                                        6.67


  Startpoint: interrupt (input port clocked by clk)
  Endpoint: U_IF_ID_Reg/current_pc_out_reg[0]
            (rising edge-triggered flip-flop clocked by clk)
  Path Group: INREG
  Path Type: min

  Point                                                   Incr       Path
  --------------------------------------------------------------------------
  clock clk (rise edge)                                   0.00       0.00
  clock network delay (ideal)                             0.00       0.00
  input external delay                                    6.00       6.00 r
  interrupt (in)                                          0.01       6.01 r
  U103/Y (BUFX2M)                                         0.23       6.24 r
  u_Control_Unit/interrupt_sig (Control_Unit)             0.00       6.24 r
  u_Control_Unit/flush_f_d_reg (Control_Unit)             0.00       6.24 r
  U_IF_ID_Reg/flush (IF_ID_register)                      0.00       6.24 r
  U_IF_ID_Reg/U3/Y (NOR2X2M)                              0.19       6.43 f
  U_IF_ID_Reg/U5/Y (AO22X1M)                              0.28       6.71 f
  U_IF_ID_Reg/current_pc_out_reg[0]/D (DFFRQX2M)          0.00       6.71 f
  data arrival time                                                  6.71

  clock clk (rise edge)                                   0.00       0.00
  clock network delay (ideal)                             0.00       0.00
  clock uncertainty                                       0.05       0.05
  U_IF_ID_Reg/current_pc_out_reg[0]/CK (DFFRQX2M)         0.00       0.05 r
  library hold time                                      -0.01       0.04
  data required time                                                 0.04
  --------------------------------------------------------------------------
  data required time                                                 0.04
  data arrival time                                                 -6.71
  --------------------------------------------------------------------------
  slack (MET)                                                        6.67


  Startpoint: interrupt (input port clocked by clk)
  Endpoint: U_IF_ID_Reg/instruction_out_reg[2]
            (rising edge-triggered flip-flop clocked by clk)
  Path Group: INREG
  Path Type: min

  Point                                                   Incr       Path
  --------------------------------------------------------------------------
  clock clk (rise edge)                                   0.00       0.00
  clock network delay (ideal)                             0.00       0.00
  input external delay                                    6.00       6.00 r
  interrupt (in)                                          0.01       6.01 r
  U103/Y (BUFX2M)                                         0.23       6.24 r
  u_Control_Unit/interrupt_sig (Control_Unit)             0.00       6.24 r
  u_Control_Unit/flush_f_d_reg (Control_Unit)             0.00       6.24 r
  U_IF_ID_Reg/flush (IF_ID_register)                      0.00       6.24 r
  U_IF_ID_Reg/U3/Y (NOR2X2M)                              0.19       6.43 f
  U_IF_ID_Reg/U23/Y (AO22X1M)                             0.28       6.71 f
  U_IF_ID_Reg/instruction_out_reg[2]/D (DFFRQX2M)         0.00       6.71 f
  data arrival time                                                  6.71

  clock clk (rise edge)                                   0.00       0.00
  clock network delay (ideal)                             0.00       0.00
  clock uncertainty                                       0.05       0.05
  U_IF_ID_Reg/instruction_out_reg[2]/CK (DFFRQX2M)        0.00       0.05 r
  library hold time                                      -0.01       0.04
  data required time                                                 0.04
  --------------------------------------------------------------------------
  data required time                                                 0.04
  data arrival time                                                 -6.71
  --------------------------------------------------------------------------
  slack (MET)                                                        6.67


  Startpoint: interrupt (input port clocked by clk)
  Endpoint: U_ID_EX_Reg/Sel_WriteAddr_out_reg[1]
            (rising edge-triggered flip-flop clocked by clk)
  Path Group: INREG
  Path Type: min

  Point                                                   Incr       Path
  --------------------------------------------------------------------------
  clock clk (rise edge)                                   0.00       0.00
  clock network delay (ideal)                             0.00       0.00
  input external delay                                    6.00       6.00 r
  interrupt (in)                                          0.01       6.01 r
  U103/Y (BUFX2M)                                         0.23       6.24 r
  u_Control_Unit/interrupt_sig (Control_Unit)             0.00       6.24 r
  u_Control_Unit/U63/Y (OR2X2M)                           0.18       6.42 r
  u_Control_Unit/U20/Y (NOR2X2M)                          0.05       6.47 f
  u_Control_Unit/Sel_WriteAddr[1] (Control_Unit)          0.00       6.47 f
  U_ID_EX_Reg/Sel_WriteAddr_in[1] (ID_EX_register)        0.00       6.47 f
  U_ID_EX_Reg/U41/Y (AO22X1M)                             0.28       6.75 f
  U_ID_EX_Reg/Sel_WriteAddr_out_reg[1]/D (DFFRQX2M)       0.00       6.75 f
  data arrival time                                                  6.75

  clock clk (rise edge)                                   0.00       0.00
  clock network delay (ideal)                             0.00       0.00
  clock uncertainty                                       0.05       0.05
  U_ID_EX_Reg/Sel_WriteAddr_out_reg[1]/CK (DFFRQX2M)      0.00       0.05 r
  library hold time                                      -0.01       0.04
  data required time                                                 0.04
  --------------------------------------------------------------------------
  data required time                                                 0.04
  data arrival time                                                 -6.75
  --------------------------------------------------------------------------
  slack (MET)                                                        6.72


  Startpoint: interrupt (input port clocked by clk)
  Endpoint: U_ID_EX_Reg/mem_W_data_sel_out_reg[1]
            (rising edge-triggered flip-flop clocked by clk)
  Path Group: INREG
  Path Type: min

  Point                                                   Incr       Path
  --------------------------------------------------------------------------
  clock clk (rise edge)                                   0.00       0.00
  clock network delay (ideal)                             0.00       0.00
  input external delay                                    6.00       6.00 r
  interrupt (in)                                          0.01       6.01 r
  U103/Y (BUFX2M)                                         0.23       6.24 r
  u_Control_Unit/interrupt_sig (Control_Unit)             0.00       6.24 r
  u_Control_Unit/U18/Y (NOR2X2M)                          0.09       6.33 f
  u_Control_Unit/U7/Y (INVX2M)                            0.09       6.41 r
  u_Control_Unit/U66/Y (OAI2B11X2M)                       0.07       6.49 f
  u_Control_Unit/mem_W_data_sel[1] (Control_Unit)         0.00       6.49 f
  U_ID_EX_Reg/mem_W_data_sel_in[1] (ID_EX_register)       0.00       6.49 f
  U_ID_EX_Reg/U43/Y (AO22X1M)                             0.29       6.77 f
  U_ID_EX_Reg/mem_W_data_sel_out_reg[1]/D (DFFRQX2M)      0.00       6.77 f
  data arrival time                                                  6.77

  clock clk (rise edge)                                   0.00       0.00
  clock network delay (ideal)                             0.00       0.00
  clock uncertainty                                       0.05       0.05
  U_ID_EX_Reg/mem_W_data_sel_out_reg[1]/CK (DFFRQX2M)     0.00       0.05 r
  library hold time                                      -0.01       0.04
  data required time                                                 0.04
  --------------------------------------------------------------------------
  data required time                                                 0.04
  data arrival time                                                 -6.77
  --------------------------------------------------------------------------
  slack (MET)                                                        6.73


  Startpoint: interrupt (input port clocked by clk)
  Endpoint: U_ID_EX_Reg/SP_Dec_out_reg
            (rising edge-triggered flip-flop clocked by clk)
  Path Group: INREG
  Path Type: min

  Point                                                   Incr       Path
  --------------------------------------------------------------------------
  clock clk (rise edge)                                   0.00       0.00
  clock network delay (ideal)                             0.00       0.00
  input external delay                                    6.00       6.00 r
  interrupt (in)                                          0.01       6.01 r
  U103/Y (BUFX2M)                                         0.23       6.24 r
  u_Control_Unit/interrupt_sig (Control_Unit)             0.00       6.24 r
  u_Control_Unit/U46/Y (INVX2M)                           0.06       6.30 f
  u_Control_Unit/U45/Y (OAI31X1M)                         0.08       6.39 r
  u_Control_Unit/U19/Y (AOI31X2M)                         0.06       6.45 f
  u_Control_Unit/U62/Y (INVX2M)                           0.04       6.49 r
  u_Control_Unit/SP_Dec (Control_Unit)                    0.00       6.49 r
  U_ID_EX_Reg/SP_Dec_in (ID_EX_register)                  0.00       6.49 r
  U_ID_EX_Reg/U36/Y (AO22X1M)                             0.14       6.63 r
  U_ID_EX_Reg/SP_Dec_out_reg/D (DFFRQX2M)                 0.00       6.63 r
  data arrival time                                                  6.63

  clock clk (rise edge)                                   0.00       0.00
  clock network delay (ideal)                             0.00       0.00
  clock uncertainty                                       0.05       0.05
  U_ID_EX_Reg/SP_Dec_out_reg/CK (DFFRQX2M)                0.00       0.05 r
  library hold time                                      -0.16      -0.11
  data required time                                                -0.11
  --------------------------------------------------------------------------
  data required time                                                -0.11
  data arrival time                                                 -6.63
  --------------------------------------------------------------------------
  slack (MET)                                                        6.74


  Startpoint: interrupt (input port clocked by clk)
  Endpoint: U_ID_EX_Reg/mem_W_addr_sel_out_reg[1]
            (rising edge-triggered flip-flop clocked by clk)
  Path Group: INREG
  Path Type: min

  Point                                                   Incr       Path
  --------------------------------------------------------------------------
  clock clk (rise edge)                                   0.00       0.00
  clock network delay (ideal)                             0.00       0.00
  input external delay                                    6.00       6.00 r
  interrupt (in)                                          0.01       6.01 r
  U103/Y (BUFX2M)                                         0.23       6.24 r
  u_Control_Unit/interrupt_sig (Control_Unit)             0.00       6.24 r
  u_Control_Unit/U3/Y (NOR2X2M)                           0.14       6.37 f
  u_Control_Unit/U22/Y (NAND2X2M)                         0.10       6.47 r
  u_Control_Unit/U67/Y (INVX2M)                           0.04       6.51 f
  u_Control_Unit/mem_W_addr_sel[1] (Control_Unit)         0.00       6.51 f
  U_ID_EX_Reg/mem_W_addr_sel_in[1] (ID_EX_register)       0.00       6.51 f
  U_ID_EX_Reg/U44/Y (AO22X1M)                             0.28       6.79 f
  U_ID_EX_Reg/mem_W_addr_sel_out_reg[1]/D (DFFRQX2M)      0.00       6.79 f
  data arrival time                                                  6.79

  clock clk (rise edge)                                   0.00       0.00
  clock network delay (ideal)                             0.00       0.00
  clock uncertainty                                       0.05       0.05
  U_ID_EX_Reg/mem_W_addr_sel_out_reg[1]/CK (DFFRQX2M)     0.00       0.05 r
  library hold time                                      -0.01       0.04
  data required time                                                 0.04
  --------------------------------------------------------------------------
  data required time                                                 0.04
  data arrival time                                                 -6.79
  --------------------------------------------------------------------------
  slack (MET)                                                        6.75


  Startpoint: interrupt (input port clocked by clk)
  Endpoint: U_ID_EX_Reg/mem_R_addr_sel_out_reg[1]
            (rising edge-triggered flip-flop clocked by clk)
  Path Group: INREG
  Path Type: min

  Point                                                   Incr       Path
  --------------------------------------------------------------------------
  clock clk (rise edge)                                   0.00       0.00
  clock network delay (ideal)                             0.00       0.00
  input external delay                                    6.00       6.00 r
  interrupt (in)                                          0.01       6.01 r
  U103/Y (BUFX2M)                                         0.23       6.24 r
  u_Control_Unit/interrupt_sig (Control_Unit)             0.00       6.24 r
  u_Control_Unit/U3/Y (NOR2X2M)                           0.14       6.37 f
  u_Control_Unit/U21/Y (NAND2X2M)                         0.10       6.47 r
  u_Control_Unit/U69/Y (INVX2M)                           0.04       6.51 f
  u_Control_Unit/mem_R_addr_sel[1] (Control_Unit)         0.00       6.51 f
  U_ID_EX_Reg/mem_R_addr_sel_in[1] (ID_EX_register)       0.00       6.51 f
  U_ID_EX_Reg/U46/Y (AO22X1M)                             0.28       6.79 f
  U_ID_EX_Reg/mem_R_addr_sel_out_reg[1]/D (DFFRQX2M)      0.00       6.79 f
  data arrival time                                                  6.79

  clock clk (rise edge)                                   0.00       0.00
  clock network delay (ideal)                             0.00       0.00
  clock uncertainty                                       0.05       0.05
  U_ID_EX_Reg/mem_R_addr_sel_out_reg[1]/CK (DFFRQX2M)     0.00       0.05 r
  library hold time                                      -0.01       0.04
  data required time                                                 0.04
  --------------------------------------------------------------------------
  data required time                                                 0.04
  data arrival time                                                 -6.79
  --------------------------------------------------------------------------
  slack (MET)                                                        6.76


  Startpoint: interrupt (input port clocked by clk)
  Endpoint: U_ID_EX_Reg/Sel_WriteAddr_out_reg[0]
            (rising edge-triggered flip-flop clocked by clk)
  Path Group: INREG
  Path Type: min

  Point                                                   Incr       Path
  --------------------------------------------------------------------------
  clock clk (rise edge)                                   0.00       0.00
  clock network delay (ideal)                             0.00       0.00
  input external delay                                    6.00       6.00 r
  interrupt (in)                                          0.01       6.01 r
  U103/Y (BUFX2M)                                         0.23       6.24 r
  u_Control_Unit/interrupt_sig (Control_Unit)             0.00       6.24 r
  u_Control_Unit/U3/Y (NOR2X2M)                           0.14       6.37 f
  u_Control_Unit/U21/Y (NAND2X2M)                         0.10       6.47 r
  u_Control_Unit/U64/Y (OAI21X2M)                         0.05       6.52 f
  u_Control_Unit/Sel_WriteAddr[0] (Control_Unit)          0.00       6.52 f
  U_ID_EX_Reg/Sel_WriteAddr_in[0] (ID_EX_register)        0.00       6.52 f
  U_ID_EX_Reg/U40/Y (AO22X1M)                             0.28       6.80 f
  U_ID_EX_Reg/Sel_WriteAddr_out_reg[0]/D (DFFRQX2M)       0.00       6.80 f
  data arrival time                                                  6.80

  clock clk (rise edge)                                   0.00       0.00
  clock network delay (ideal)                             0.00       0.00
  clock uncertainty                                       0.05       0.05
  U_ID_EX_Reg/Sel_WriteAddr_out_reg[0]/CK (DFFRQX2M)      0.00       0.05 r
  library hold time                                      -0.01       0.04
  data required time                                                 0.04
  --------------------------------------------------------------------------
  data required time                                                 0.04
  data arrival time                                                 -6.80
  --------------------------------------------------------------------------
  slack (MET)                                                        6.77


  Startpoint: interrupt (input port clocked by clk)
  Endpoint: U_ID_EX_Reg/mem_write_en_out_reg
            (rising edge-triggered flip-flop clocked by clk)
  Path Group: INREG
  Path Type: min

  Point                                                   Incr       Path
  --------------------------------------------------------------------------
  clock clk (rise edge)                                   0.00       0.00
  clock network delay (ideal)                             0.00       0.00
  input external delay                                    6.00       6.00 r
  interrupt (in)                                          0.01       6.01 r
  U103/Y (BUFX2M)                                         0.23       6.24 r
  u_Control_Unit/interrupt_sig (Control_Unit)             0.00       6.24 r
  u_Control_Unit/U46/Y (INVX2M)                           0.06       6.30 f
  u_Control_Unit/U45/Y (OAI31X1M)                         0.08       6.39 r
  u_Control_Unit/U19/Y (AOI31X2M)                         0.06       6.45 f
  u_Control_Unit/U70/Y (OAI2B11X2M)                       0.06       6.51 r
  u_Control_Unit/mem_write_en (Control_Unit)              0.00       6.51 r
  U_ID_EX_Reg/mem_write_en_in (ID_EX_register)            0.00       6.51 r
  U_ID_EX_Reg/U47/Y (AO22X1M)                             0.15       6.66 r
  U_ID_EX_Reg/mem_write_en_out_reg/D (DFFRQX2M)           0.00       6.66 r
  data arrival time                                                  6.66

  clock clk (rise edge)                                   0.00       0.00
  clock network delay (ideal)                             0.00       0.00
  clock uncertainty                                       0.05       0.05
  U_ID_EX_Reg/mem_write_en_out_reg/CK (DFFRQX2M)          0.00       0.05 r
  library hold time                                      -0.16      -0.11
  data required time                                                -0.11
  --------------------------------------------------------------------------
  data required time                                                -0.11
  data arrival time                                                 -6.66
  --------------------------------------------------------------------------
  slack (MET)                                                        6.77


  Startpoint: interrupt (input port clocked by clk)
  Endpoint: U_Fetch/pc/pc_out_reg[7]
            (rising edge-triggered flip-flop clocked by clk)
  Path Group: INREG
  Path Type: min

  Point                                                   Incr       Path
  --------------------------------------------------------------------------
  clock clk (rise edge)                                   0.00       0.00
  clock network delay (ideal)                             0.00       0.00
  input external delay                                    6.00       6.00 r
  interrupt (in)                                          0.01       6.01 r
  U103/Y (BUFX2M)                                         0.23       6.24 r
  U_Fetch/interrupt_sig (FetchStage)                      0.00       6.24 r
  U_Fetch/pc/interrupt_sig (Program_Counter)              0.00       6.24 r
  U_Fetch/pc/U5/Y (BUFX2M)                                0.26       6.49 r
  U_Fetch/pc/U4/Y (NOR2X2M)                               0.11       6.60 f
  U_Fetch/pc/U20/Y (OAI2BB1X2M)                           0.16       6.76 f
  U_Fetch/pc/pc_out_reg[7]/D (DFFSRHQX2M)                 0.00       6.76 f
  data arrival time                                                  6.76

  clock clk (rise edge)                                   0.00       0.00
  clock network delay (ideal)                             0.00       0.00
  clock uncertainty                                       0.05       0.05
  U_Fetch/pc/pc_out_reg[7]/CK (DFFSRHQX2M)                0.00       0.05 r
  library hold time                                      -0.07      -0.02
  data required time                                                -0.02
  --------------------------------------------------------------------------
  data required time                                                -0.02
  data arrival time                                                 -6.76
  --------------------------------------------------------------------------
  slack (MET)                                                        6.78


  Startpoint: interrupt (input port clocked by clk)
  Endpoint: U_Fetch/pc/pc_out_reg[6]
            (rising edge-triggered flip-flop clocked by clk)
  Path Group: INREG
  Path Type: min

  Point                                                   Incr       Path
  --------------------------------------------------------------------------
  clock clk (rise edge)                                   0.00       0.00
  clock network delay (ideal)                             0.00       0.00
  input external delay                                    6.00       6.00 r
  interrupt (in)                                          0.01       6.01 r
  U103/Y (BUFX2M)                                         0.23       6.24 r
  U_Fetch/interrupt_sig (FetchStage)                      0.00       6.24 r
  U_Fetch/pc/interrupt_sig (Program_Counter)              0.00       6.24 r
  U_Fetch/pc/U5/Y (BUFX2M)                                0.26       6.49 r
  U_Fetch/pc/U4/Y (NOR2X2M)                               0.11       6.60 f
  U_Fetch/pc/U18/Y (OAI2BB1X2M)                           0.16       6.76 f
  U_Fetch/pc/pc_out_reg[6]/D (DFFSRHQX2M)                 0.00       6.76 f
  data arrival time                                                  6.76

  clock clk (rise edge)                                   0.00       0.00
  clock network delay (ideal)                             0.00       0.00
  clock uncertainty                                       0.05       0.05
  U_Fetch/pc/pc_out_reg[6]/CK (DFFSRHQX2M)                0.00       0.05 r
  library hold time                                      -0.07      -0.02
  data required time                                                -0.02
  --------------------------------------------------------------------------
  data required time                                                -0.02
  data arrival time                                                 -6.76
  --------------------------------------------------------------------------
  slack (MET)                                                        6.78


  Startpoint: interrupt (input port clocked by clk)
  Endpoint: U_Fetch/pc/pc_out_reg[5]
            (rising edge-triggered flip-flop clocked by clk)
  Path Group: INREG
  Path Type: min

  Point                                                   Incr       Path
  --------------------------------------------------------------------------
  clock clk (rise edge)                                   0.00       0.00
  clock network delay (ideal)                             0.00       0.00
  input external delay                                    6.00       6.00 r
  interrupt (in)                                          0.01       6.01 r
  U103/Y (BUFX2M)                                         0.23       6.24 r
  U_Fetch/interrupt_sig (FetchStage)                      0.00       6.24 r
  U_Fetch/pc/interrupt_sig (Program_Counter)              0.00       6.24 r
  U_Fetch/pc/U5/Y (BUFX2M)                                0.26       6.49 r
  U_Fetch/pc/U4/Y (NOR2X2M)                               0.11       6.60 f
  U_Fetch/pc/U16/Y (OAI2BB1X2M)                           0.16       6.76 f
  U_Fetch/pc/pc_out_reg[5]/D (DFFSRHQX2M)                 0.00       6.76 f
  data arrival time                                                  6.76

  clock clk (rise edge)                                   0.00       0.00
  clock network delay (ideal)                             0.00       0.00
  clock uncertainty                                       0.05       0.05
  U_Fetch/pc/pc_out_reg[5]/CK (DFFSRHQX2M)                0.00       0.05 r
  library hold time                                      -0.07      -0.02
  data required time                                                -0.02
  --------------------------------------------------------------------------
  data required time                                                -0.02
  data arrival time                                                 -6.76
  --------------------------------------------------------------------------
  slack (MET)                                                        6.78


  Startpoint: interrupt (input port clocked by clk)
  Endpoint: U_Fetch/pc/pc_out_reg[4]
            (rising edge-triggered flip-flop clocked by clk)
  Path Group: INREG
  Path Type: min

  Point                                                   Incr       Path
  --------------------------------------------------------------------------
  clock clk (rise edge)                                   0.00       0.00
  clock network delay (ideal)                             0.00       0.00
  input external delay                                    6.00       6.00 r
  interrupt (in)                                          0.01       6.01 r
  U103/Y (BUFX2M)                                         0.23       6.24 r
  U_Fetch/interrupt_sig (FetchStage)                      0.00       6.24 r
  U_Fetch/pc/interrupt_sig (Program_Counter)              0.00       6.24 r
  U_Fetch/pc/U5/Y (BUFX2M)                                0.26       6.49 r
  U_Fetch/pc/U4/Y (NOR2X2M)                               0.11       6.60 f
  U_Fetch/pc/U14/Y (OAI2BB1X2M)                           0.16       6.76 f
  U_Fetch/pc/pc_out_reg[4]/D (DFFSRHQX2M)                 0.00       6.76 f
  data arrival time                                                  6.76

  clock clk (rise edge)                                   0.00       0.00
  clock network delay (ideal)                             0.00       0.00
  clock uncertainty                                       0.05       0.05
  U_Fetch/pc/pc_out_reg[4]/CK (DFFSRHQX2M)                0.00       0.05 r
  library hold time                                      -0.07      -0.02
  data required time                                                -0.02
  --------------------------------------------------------------------------
  data required time                                                -0.02
  data arrival time                                                 -6.76
  --------------------------------------------------------------------------
  slack (MET)                                                        6.78


  Startpoint: interrupt (input port clocked by clk)
  Endpoint: U_Fetch/pc/pc_out_reg[0]
            (rising edge-triggered flip-flop clocked by clk)
  Path Group: INREG
  Path Type: min

  Point                                                   Incr       Path
  --------------------------------------------------------------------------
  clock clk (rise edge)                                   0.00       0.00
  clock network delay (ideal)                             0.00       0.00
  input external delay                                    6.00       6.00 r
  interrupt (in)                                          0.01       6.01 r
  U103/Y (BUFX2M)                                         0.23       6.24 r
  U_Fetch/interrupt_sig (FetchStage)                      0.00       6.24 r
  U_Fetch/pc/interrupt_sig (Program_Counter)              0.00       6.24 r
  U_Fetch/pc/U5/Y (BUFX2M)                                0.26       6.49 r
  U_Fetch/pc/U4/Y (NOR2X2M)                               0.11       6.60 f
  U_Fetch/pc/U6/Y (OAI2BB1X2M)                            0.16       6.76 f
  U_Fetch/pc/pc_out_reg[0]/D (DFFSRHQX2M)                 0.00       6.76 f
  data arrival time                                                  6.76

  clock clk (rise edge)                                   0.00       0.00
  clock network delay (ideal)                             0.00       0.00
  clock uncertainty                                       0.05       0.05
  U_Fetch/pc/pc_out_reg[0]/CK (DFFSRHQX2M)                0.00       0.05 r
  library hold time                                      -0.07      -0.02
  data required time                                                -0.02
  --------------------------------------------------------------------------
  data required time                                                -0.02
  data arrival time                                                 -6.76
  --------------------------------------------------------------------------
  slack (MET)                                                        6.78


  Startpoint: interrupt (input port clocked by clk)
  Endpoint: U_Fetch/pc/pc_out_reg[3]
            (rising edge-triggered flip-flop clocked by clk)
  Path Group: INREG
  Path Type: min

  Point                                                   Incr       Path
  --------------------------------------------------------------------------
  clock clk (rise edge)                                   0.00       0.00
  clock network delay (ideal)                             0.00       0.00
  input external delay                                    6.00       6.00 r
  interrupt (in)                                          0.01       6.01 r
  U103/Y (BUFX2M)                                         0.23       6.24 r
  U_Fetch/interrupt_sig (FetchStage)                      0.00       6.24 r
  U_Fetch/pc/interrupt_sig (Program_Counter)              0.00       6.24 r
  U_Fetch/pc/U5/Y (BUFX2M)                                0.26       6.49 r
  U_Fetch/pc/U4/Y (NOR2X2M)                               0.11       6.60 f
  U_Fetch/pc/U12/Y (OAI2BB1X2M)                           0.16       6.76 f
  U_Fetch/pc/pc_out_reg[3]/D (DFFSRHQX2M)                 0.00       6.76 f
  data arrival time                                                  6.76

  clock clk (rise edge)                                   0.00       0.00
  clock network delay (ideal)                             0.00       0.00
  clock uncertainty                                       0.05       0.05
  U_Fetch/pc/pc_out_reg[3]/CK (DFFSRHQX2M)                0.00       0.05 r
  library hold time                                      -0.07      -0.02
  data required time                                                -0.02
  --------------------------------------------------------------------------
  data required time                                                -0.02
  data arrival time                                                 -6.76
  --------------------------------------------------------------------------
  slack (MET)                                                        6.78


  Startpoint: interrupt (input port clocked by clk)
  Endpoint: U_Fetch/pc/pc_out_reg[2]
            (rising edge-triggered flip-flop clocked by clk)
  Path Group: INREG
  Path Type: min

  Point                                                   Incr       Path
  --------------------------------------------------------------------------
  clock clk (rise edge)                                   0.00       0.00
  clock network delay (ideal)                             0.00       0.00
  input external delay                                    6.00       6.00 r
  interrupt (in)                                          0.01       6.01 r
  U103/Y (BUFX2M)                                         0.23       6.24 r
  U_Fetch/interrupt_sig (FetchStage)                      0.00       6.24 r
  U_Fetch/pc/interrupt_sig (Program_Counter)              0.00       6.24 r
  U_Fetch/pc/U5/Y (BUFX2M)                                0.26       6.49 r
  U_Fetch/pc/U4/Y (NOR2X2M)                               0.11       6.60 f
  U_Fetch/pc/U10/Y (OAI2BB1X2M)                           0.16       6.76 f
  U_Fetch/pc/pc_out_reg[2]/D (DFFSRHQX2M)                 0.00       6.76 f
  data arrival time                                                  6.76

  clock clk (rise edge)                                   0.00       0.00
  clock network delay (ideal)                             0.00       0.00
  clock uncertainty                                       0.05       0.05
  U_Fetch/pc/pc_out_reg[2]/CK (DFFSRHQX2M)                0.00       0.05 r
  library hold time                                      -0.07      -0.02
  data required time                                                -0.02
  --------------------------------------------------------------------------
  data required time                                                -0.02
  data arrival time                                                 -6.76
  --------------------------------------------------------------------------
  slack (MET)                                                        6.78


  Startpoint: interrupt (input port clocked by clk)
  Endpoint: U_Fetch/pc/pc_out_reg[1]
            (rising edge-triggered flip-flop clocked by clk)
  Path Group: INREG
  Path Type: min

  Point                                                   Incr       Path
  --------------------------------------------------------------------------
  clock clk (rise edge)                                   0.00       0.00
  clock network delay (ideal)                             0.00       0.00
  input external delay                                    6.00       6.00 r
  interrupt (in)                                          0.01       6.01 r
  U103/Y (BUFX2M)                                         0.23       6.24 r
  U_Fetch/interrupt_sig (FetchStage)                      0.00       6.24 r
  U_Fetch/pc/interrupt_sig (Program_Counter)              0.00       6.24 r
  U_Fetch/pc/U5/Y (BUFX2M)                                0.26       6.49 r
  U_Fetch/pc/U4/Y (NOR2X2M)                               0.11       6.60 f
  U_Fetch/pc/U8/Y (OAI2BB1X2M)                            0.16       6.76 f
  U_Fetch/pc/pc_out_reg[1]/D (DFFSRHQX2M)                 0.00       6.76 f
  data arrival time                                                  6.76

  clock clk (rise edge)                                   0.00       0.00
  clock network delay (ideal)                             0.00       0.00
  clock uncertainty                                       0.05       0.05
  U_Fetch/pc/pc_out_reg[1]/CK (DFFSRHQX2M)                0.00       0.05 r
  library hold time                                      -0.07      -0.02
  data required time                                                -0.02
  --------------------------------------------------------------------------
  data required time                                                -0.02
  data arrival time                                                 -6.76
  --------------------------------------------------------------------------
  slack (MET)                                                        6.78


  Startpoint: interrupt (input port clocked by clk)
  Endpoint: U_ID_EX_Reg/out_port_en_out_reg
            (rising edge-triggered flip-flop clocked by clk)
  Path Group: INREG
  Path Type: min

  Point                                                   Incr       Path
  --------------------------------------------------------------------------
  clock clk (rise edge)                                   0.00       0.00
  clock network delay (ideal)                             0.00       0.00
  input external delay                                    6.00       6.00 r
  interrupt (in)                                          0.01       6.01 r
  U103/Y (BUFX2M)                                         0.23       6.24 r
  u_Control_Unit/interrupt_sig (Control_Unit)             0.00       6.24 r
  u_Control_Unit/U3/Y (NOR2X2M)                           0.14       6.37 f
  u_Control_Unit/U17/Y (NAND2X2M)                         0.12       6.49 r
  u_Control_Unit/U60/Y (NOR2X2M)                          0.06       6.55 f
  u_Control_Unit/out_port_en (Control_Unit)               0.00       6.55 f
  U_ID_EX_Reg/out_port_en_in (ID_EX_register)             0.00       6.55 f
  U_ID_EX_Reg/U34/Y (AO22X1M)                             0.28       6.83 f
  U_ID_EX_Reg/out_port_en_out_reg/D (DFFRQX2M)            0.00       6.83 f
  data arrival time                                                  6.83

  clock clk (rise edge)                                   0.00       0.00
  clock network delay (ideal)                             0.00       0.00
  clock uncertainty                                       0.05       0.05
  U_ID_EX_Reg/out_port_en_out_reg/CK (DFFRQX2M)           0.00       0.05 r
  library hold time                                      -0.01       0.04
  data required time                                                 0.04
  --------------------------------------------------------------------------
  data required time                                                 0.04
  data arrival time                                                 -6.83
  --------------------------------------------------------------------------
  slack (MET)                                                        6.79


  Startpoint: in_port_val[0]
              (input port clocked by clk)
  Endpoint: U_EX_MEM_Reg/alu_result_out_reg[0]
            (rising edge-triggered flip-flop clocked by clk)
  Path Group: INREG
  Path Type: min

  Point                                                   Incr       Path
  --------------------------------------------------------------------------
  clock clk (rise edge)                                   0.00       0.00
  clock network delay (ideal)                             0.00       0.00
  input external delay                                    6.00       6.00 r
  in_port_val[0] (in)                                     0.01       6.01 r
  U_Decode_WB/in_port[0] (decode_wb_stage)                0.00       6.01 r
  U_Decode_WB/U7/Y (AOI22X1M)                             0.10       6.11 f
  U_Decode_WB/U5/Y (NAND2X2M)                             0.10       6.21 r
  U_Decode_WB/DATA_OUT[0] (decode_wb_stage)               0.00       6.21 r
  U98/Y (AOI22X1M)                                        0.11       6.33 f
  U80/Y (OAI21X2M)                                        0.19       6.52 r
  U_Execute/B[0] (ExecuteStage)                           0.00       6.52 r
  U_Execute/alu_unit/B[0] (ALU)                           0.00       6.52 r
  U_Execute/alu_unit/add_37/A[0] (ALU_DW01_inc_1)         0.00       6.52 r
  U_Execute/alu_unit/add_37/U1/Y (INVX2M)                 0.06       6.58 f
  U_Execute/alu_unit/add_37/SUM[0] (ALU_DW01_inc_1)       0.00       6.58 f
  U_Execute/alu_unit/U99/Y (AOI222X1M)                    0.14       6.72 r
  U_Execute/alu_unit/U97/Y (NAND4X2M)                     0.14       6.86 f
  U_Execute/alu_unit/Result[0] (ALU)                      0.00       6.86 f
  U_Execute/ALUResult[0] (ExecuteStage)                   0.00       6.86 f
  U_EX_MEM_Reg/alu_result_in[0] (EX_M_register)           0.00       6.86 f
  U_EX_MEM_Reg/alu_result_out_reg[0]/D (DFFRQX2M)         0.00       6.86 f
  data arrival time                                                  6.86

  clock clk (rise edge)                                   0.00       0.00
  clock network delay (ideal)                             0.00       0.00
  clock uncertainty                                       0.05       0.05
  U_EX_MEM_Reg/alu_result_out_reg[0]/CK (DFFRQX2M)        0.00       0.05 r
  library hold time                                      -0.02       0.03
  data required time                                                 0.03
  --------------------------------------------------------------------------
  data required time                                                 0.03
  data arrival time                                                 -6.86
  --------------------------------------------------------------------------
  slack (MET)                                                        6.83


  Startpoint: interrupt (input port clocked by clk)
  Endpoint: U_ID_EX_Reg/mem_R_addr_sel_out_reg[0]
            (rising edge-triggered flip-flop clocked by clk)
  Path Group: INREG
  Path Type: min

  Point                                                   Incr       Path
  --------------------------------------------------------------------------
  clock clk (rise edge)                                   0.00       0.00
  clock network delay (ideal)                             0.00       0.00
  input external delay                                    6.00       6.00 r
  interrupt (in)                                          0.01       6.01 r
  U103/Y (BUFX2M)                                         0.23       6.24 r
  u_Control_Unit/interrupt_sig (Control_Unit)             0.00       6.24 r
  u_Control_Unit/U63/Y (OR2X2M)                           0.18       6.42 r
  u_Control_Unit/U20/Y (NOR2X2M)                          0.05       6.47 f
  u_Control_Unit/U8/Y (INVX2M)                            0.08       6.55 r
  u_Control_Unit/U68/Y (NOR2X2M)                          0.04       6.59 f
  u_Control_Unit/mem_R_addr_sel[0] (Control_Unit)         0.00       6.59 f
  U_ID_EX_Reg/mem_R_addr_sel_in[0] (ID_EX_register)       0.00       6.59 f
  U_ID_EX_Reg/U45/Y (AO22X1M)                             0.28       6.87 f
  U_ID_EX_Reg/mem_R_addr_sel_out_reg[0]/D (DFFRQX2M)      0.00       6.87 f
  data arrival time                                                  6.87

  clock clk (rise edge)                                   0.00       0.00
  clock network delay (ideal)                             0.00       0.00
  clock uncertainty                                       0.05       0.05
  U_ID_EX_Reg/mem_R_addr_sel_out_reg[0]/CK (DFFRQX2M)     0.00       0.05 r
  library hold time                                      -0.01       0.04
  data required time                                                 0.04
  --------------------------------------------------------------------------
  data required time                                                 0.04
  data arrival time                                                 -6.87
  --------------------------------------------------------------------------
  slack (MET)                                                        6.84


  Startpoint: in_port_val[1]
              (input port clocked by clk)
  Endpoint: U_EX_MEM_Reg/alu_result_out_reg[1]
            (rising edge-triggered flip-flop clocked by clk)
  Path Group: INREG
  Path Type: min

  Point                                                   Incr       Path
  --------------------------------------------------------------------------
  clock clk (rise edge)                                   0.00       0.00
  clock network delay (ideal)                             0.00       0.00
  input external delay                                    6.00       6.00 r
  in_port_val[1] (in)                                     0.01       6.01 r
  U_Decode_WB/in_port[1] (decode_wb_stage)                0.00       6.01 r
  U_Decode_WB/U4/Y (AOI22X1M)                             0.10       6.11 f
  U_Decode_WB/U2/Y (NAND2X2M)                             0.10       6.21 r
  U_Decode_WB/DATA_OUT[1] (decode_wb_stage)               0.00       6.21 r
  U97/Y (AOI22X1M)                                        0.11       6.33 f
  U79/Y (OAI21X2M)                                        0.15       6.48 r
  U_Execute/B[1] (ExecuteStage)                           0.00       6.48 r
  U_Execute/alu_unit/B[1] (ALU)                           0.00       6.48 r
  U_Execute/alu_unit/U59/Y (INVX2M)                       0.08       6.55 f
  U_Execute/alu_unit/U69/Y (AOI222X1M)                    0.16       6.72 r
  U_Execute/alu_unit/U68/Y (NAND4X2M)                     0.15       6.87 f
  U_Execute/alu_unit/Result[1] (ALU)                      0.00       6.87 f
  U_Execute/ALUResult[1] (ExecuteStage)                   0.00       6.87 f
  U_EX_MEM_Reg/alu_result_in[1] (EX_M_register)           0.00       6.87 f
  U_EX_MEM_Reg/alu_result_out_reg[1]/D (DFFRQX2M)         0.00       6.87 f
  data arrival time                                                  6.87

  clock clk (rise edge)                                   0.00       0.00
  clock network delay (ideal)                             0.00       0.00
  clock uncertainty                                       0.05       0.05
  U_EX_MEM_Reg/alu_result_out_reg[1]/CK (DFFRQX2M)        0.00       0.05 r
  library hold time                                      -0.02       0.03
  data required time                                                 0.03
  --------------------------------------------------------------------------
  data required time                                                 0.03
  data arrival time                                                 -6.87
  --------------------------------------------------------------------------
  slack (MET)                                                        6.84


  Startpoint: in_port_val[6]
              (input port clocked by clk)
  Endpoint: U_EX_MEM_Reg/alu_result_out_reg[6]
            (rising edge-triggered flip-flop clocked by clk)
  Path Group: INREG
  Path Type: min

  Point                                                   Incr       Path
  --------------------------------------------------------------------------
  clock clk (rise edge)                                   0.00       0.00
  clock network delay (ideal)                             0.00       0.00
  input external delay                                    6.00       6.00 r
  in_port_val[6] (in)                                     0.01       6.01 r
  U_Decode_WB/in_port[6] (decode_wb_stage)                0.00       6.01 r
  U_Decode_WB/U22/Y (AOI22X1M)                            0.10       6.11 f
  U_Decode_WB/U20/Y (NAND2X2M)                            0.10       6.21 r
  U_Decode_WB/DATA_OUT[6] (decode_wb_stage)               0.00       6.21 r
  U113/Y (AOI22X1M)                                       0.11       6.33 f
  U86/Y (OAI21X2M)                                        0.15       6.48 r
  U_Execute/B[6] (ExecuteStage)                           0.00       6.48 r
  U_Execute/alu_unit/B[6] (ALU)                           0.00       6.48 r
  U_Execute/alu_unit/U75/Y (INVX2M)                       0.08       6.56 f
  U_Execute/alu_unit/U27/Y (AOI222X1M)                    0.16       6.72 r
  U_Execute/alu_unit/U26/Y (NAND4X2M)                     0.15       6.87 f
  U_Execute/alu_unit/Result[6] (ALU)                      0.00       6.87 f
  U_Execute/ALUResult[6] (ExecuteStage)                   0.00       6.87 f
  U_EX_MEM_Reg/alu_result_in[6] (EX_M_register)           0.00       6.87 f
  U_EX_MEM_Reg/alu_result_out_reg[6]/D (DFFRQX2M)         0.00       6.87 f
  data arrival time                                                  6.87

  clock clk (rise edge)                                   0.00       0.00
  clock network delay (ideal)                             0.00       0.00
  clock uncertainty                                       0.05       0.05
  U_EX_MEM_Reg/alu_result_out_reg[6]/CK (DFFRQX2M)        0.00       0.05 r
  library hold time                                      -0.02       0.03
  data required time                                                 0.03
  --------------------------------------------------------------------------
  data required time                                                 0.03
  data arrival time                                                 -6.87
  --------------------------------------------------------------------------
  slack (MET)                                                        6.84


  Startpoint: in_port_val[4]
              (input port clocked by clk)
  Endpoint: U_EX_MEM_Reg/alu_result_out_reg[4]
            (rising edge-triggered flip-flop clocked by clk)
  Path Group: INREG
  Path Type: min

  Point                                                   Incr       Path
  --------------------------------------------------------------------------
  clock clk (rise edge)                                   0.00       0.00
  clock network delay (ideal)                             0.00       0.00
  input external delay                                    6.00       6.00 r
  in_port_val[4] (in)                                     0.01       6.01 r
  U_Decode_WB/in_port[4] (decode_wb_stage)                0.00       6.01 r
  U_Decode_WB/U16/Y (AOI22X1M)                            0.10       6.11 f
  U_Decode_WB/U14/Y (NAND2X2M)                            0.10       6.21 r
  U_Decode_WB/DATA_OUT[4] (decode_wb_stage)               0.00       6.21 r
  U101/Y (AOI22X1M)                                       0.11       6.33 f
  U83/Y (OAI21X2M)                                        0.15       6.48 r
  U_Execute/B[4] (ExecuteStage)                           0.00       6.48 r
  U_Execute/alu_unit/B[4] (ALU)                           0.00       6.48 r
  U_Execute/alu_unit/U58/Y (INVX2M)                       0.08       6.56 f
  U_Execute/alu_unit/U41/Y (AOI222X1M)                    0.16       6.72 r
  U_Execute/alu_unit/U40/Y (NAND4X2M)                     0.15       6.87 f
  U_Execute/alu_unit/Result[4] (ALU)                      0.00       6.87 f
  U_Execute/ALUResult[4] (ExecuteStage)                   0.00       6.87 f
  U_EX_MEM_Reg/alu_result_in[4] (EX_M_register)           0.00       6.87 f
  U_EX_MEM_Reg/alu_result_out_reg[4]/D (DFFRQX2M)         0.00       6.87 f
  data arrival time                                                  6.87

  clock clk (rise edge)                                   0.00       0.00
  clock network delay (ideal)                             0.00       0.00
  clock uncertainty                                       0.05       0.05
  U_EX_MEM_Reg/alu_result_out_reg[4]/CK (DFFRQX2M)        0.00       0.05 r
  library hold time                                      -0.02       0.03
  data required time                                                 0.03
  --------------------------------------------------------------------------
  data required time                                                 0.03
  data arrival time                                                 -6.87
  --------------------------------------------------------------------------
  slack (MET)                                                        6.84


  Startpoint: in_port_val[2]
              (input port clocked by clk)
  Endpoint: U_EX_MEM_Reg/alu_result_out_reg[2]
            (rising edge-triggered flip-flop clocked by clk)
  Path Group: INREG
  Path Type: min

  Point                                                   Incr       Path
  --------------------------------------------------------------------------
  clock clk (rise edge)                                   0.00       0.00
  clock network delay (ideal)                             0.00       0.00
  input external delay                                    6.00       6.00 r
  in_port_val[2] (in)                                     0.01       6.01 r
  U_Decode_WB/in_port[2] (decode_wb_stage)                0.00       6.01 r
  U_Decode_WB/U10/Y (AOI22X1M)                            0.10       6.11 f
  U_Decode_WB/U8/Y (NAND2X2M)                             0.10       6.21 r
  U_Decode_WB/DATA_OUT[2] (decode_wb_stage)               0.00       6.21 r
  U99/Y (AOI22X1M)                                        0.11       6.33 f
  U81/Y (OAI21X2M)                                        0.15       6.48 r
  U_Execute/B[2] (ExecuteStage)                           0.00       6.48 r
  U_Execute/alu_unit/B[2] (ALU)                           0.00       6.48 r
  U_Execute/alu_unit/U56/Y (INVX2M)                       0.08       6.56 f
  U_Execute/alu_unit/U45/Y (AOI222X1M)                    0.16       6.72 r
  U_Execute/alu_unit/U44/Y (NAND4X2M)                     0.15       6.87 f
  U_Execute/alu_unit/Result[2] (ALU)                      0.00       6.87 f
  U_Execute/ALUResult[2] (ExecuteStage)                   0.00       6.87 f
  U_EX_MEM_Reg/alu_result_in[2] (EX_M_register)           0.00       6.87 f
  U_EX_MEM_Reg/alu_result_out_reg[2]/D (DFFRQX2M)         0.00       6.87 f
  data arrival time                                                  6.87

  clock clk (rise edge)                                   0.00       0.00
  clock network delay (ideal)                             0.00       0.00
  clock uncertainty                                       0.05       0.05
  U_EX_MEM_Reg/alu_result_out_reg[2]/CK (DFFRQX2M)        0.00       0.05 r
  library hold time                                      -0.02       0.03
  data required time                                                 0.03
  --------------------------------------------------------------------------
  data required time                                                 0.03
  data arrival time                                                 -6.87
  --------------------------------------------------------------------------
  slack (MET)                                                        6.84


  Startpoint: in_port_val[7]
              (input port clocked by clk)
  Endpoint: U_EX_MEM_Reg/alu_result_out_reg[7]
            (rising edge-triggered flip-flop clocked by clk)
  Path Group: INREG
  Path Type: min

  Point                                                   Incr       Path
  --------------------------------------------------------------------------
  clock clk (rise edge)                                   0.00       0.00
  clock network delay (ideal)                             0.00       0.00
  input external delay                                    6.00       6.00 r
  in_port_val[7] (in)                                     0.01       6.01 r
  U_Decode_WB/in_port[7] (decode_wb_stage)                0.00       6.01 r
  U_Decode_WB/U25/Y (AOI22X1M)                            0.10       6.11 f
  U_Decode_WB/U23/Y (NAND2X2M)                            0.10       6.21 r
  U_Decode_WB/DATA_OUT[7] (decode_wb_stage)               0.00       6.21 r
  U112/Y (AOI22X1M)                                       0.11       6.33 f
  U84/Y (OAI21X2M)                                        0.16       6.48 r
  U_Execute/B[7] (ExecuteStage)                           0.00       6.48 r
  U_Execute/alu_unit/B[7] (ALU)                           0.00       6.48 r
  U_Execute/alu_unit/U72/Y (INVX2M)                       0.09       6.57 f
  U_Execute/alu_unit/U83/Y (AOI222X1M)                    0.17       6.74 r
  U_Execute/alu_unit/U82/Y (NAND3X2M)                     0.13       6.87 f
  U_Execute/alu_unit/Result[7] (ALU)                      0.00       6.87 f
  U_Execute/ALUResult[7] (ExecuteStage)                   0.00       6.87 f
  U_EX_MEM_Reg/alu_result_in[7] (EX_M_register)           0.00       6.87 f
  U_EX_MEM_Reg/alu_result_out_reg[7]/D (DFFRQX2M)         0.00       6.87 f
  data arrival time                                                  6.87

  clock clk (rise edge)                                   0.00       0.00
  clock network delay (ideal)                             0.00       0.00
  clock uncertainty                                       0.05       0.05
  U_EX_MEM_Reg/alu_result_out_reg[7]/CK (DFFRQX2M)        0.00       0.05 r
  library hold time                                      -0.02       0.03
  data required time                                                 0.03
  --------------------------------------------------------------------------
  data required time                                                 0.03
  data arrival time                                                 -6.87
  --------------------------------------------------------------------------
  slack (MET)                                                        6.84


  Startpoint: in_port_val[5]
              (input port clocked by clk)
  Endpoint: U_EX_MEM_Reg/alu_result_out_reg[5]
            (rising edge-triggered flip-flop clocked by clk)
  Path Group: INREG
  Path Type: min

  Point                                                   Incr       Path
  --------------------------------------------------------------------------
  clock clk (rise edge)                                   0.00       0.00
  clock network delay (ideal)                             0.00       0.00
  input external delay                                    6.00       6.00 r
  in_port_val[5] (in)                                     0.01       6.01 r
  U_Decode_WB/in_port[5] (decode_wb_stage)                0.00       6.01 r
  U_Decode_WB/U19/Y (AOI22X1M)                            0.10       6.11 f
  U_Decode_WB/U17/Y (NAND2X2M)                            0.10       6.21 r
  U_Decode_WB/DATA_OUT[5] (decode_wb_stage)               0.00       6.21 r
  U102/Y (AOI22X1M)                                       0.11       6.33 f
  U85/Y (OAI21X2M)                                        0.15       6.48 r
  U_Execute/B[5] (ExecuteStage)                           0.00       6.48 r
  U_Execute/alu_unit/B[5] (ALU)                           0.00       6.48 r
  U_Execute/alu_unit/U74/Y (INVX2M)                       0.08       6.56 f
  U_Execute/alu_unit/U53/Y (AOI222X1M)                    0.16       6.72 r
  U_Execute/alu_unit/U52/Y (NAND4X2M)                     0.15       6.87 f
  U_Execute/alu_unit/Result[5] (ALU)                      0.00       6.87 f
  U_Execute/ALUResult[5] (ExecuteStage)                   0.00       6.87 f
  U_EX_MEM_Reg/alu_result_in[5] (EX_M_register)           0.00       6.87 f
  U_EX_MEM_Reg/alu_result_out_reg[5]/D (DFFRQX2M)         0.00       6.87 f
  data arrival time                                                  6.87

  clock clk (rise edge)                                   0.00       0.00
  clock network delay (ideal)                             0.00       0.00
  clock uncertainty                                       0.05       0.05
  U_EX_MEM_Reg/alu_result_out_reg[5]/CK (DFFRQX2M)        0.00       0.05 r
  library hold time                                      -0.02       0.03
  data required time                                                 0.03
  --------------------------------------------------------------------------
  data required time                                                 0.03
  data arrival time                                                 -6.87
  --------------------------------------------------------------------------
  slack (MET)                                                        6.84


  Startpoint: in_port_val[3]
              (input port clocked by clk)
  Endpoint: U_EX_MEM_Reg/alu_result_out_reg[3]
            (rising edge-triggered flip-flop clocked by clk)
  Path Group: INREG
  Path Type: min

  Point                                                   Incr       Path
  --------------------------------------------------------------------------
  clock clk (rise edge)                                   0.00       0.00
  clock network delay (ideal)                             0.00       0.00
  input external delay                                    6.00       6.00 r
  in_port_val[3] (in)                                     0.01       6.01 r
  U_Decode_WB/in_port[3] (decode_wb_stage)                0.00       6.01 r
  U_Decode_WB/U13/Y (AOI22X1M)                            0.10       6.11 f
  U_Decode_WB/U11/Y (NAND2X2M)                            0.10       6.21 r
  U_Decode_WB/DATA_OUT[3] (decode_wb_stage)               0.00       6.21 r
  U100/Y (AOI22X1M)                                       0.11       6.33 f
  U82/Y (OAI21X2M)                                        0.15       6.48 r
  U_Execute/B[3] (ExecuteStage)                           0.00       6.48 r
  U_Execute/alu_unit/B[3] (ALU)                           0.00       6.48 r
  U_Execute/alu_unit/U57/Y (INVX2M)                       0.08       6.56 f
  U_Execute/alu_unit/U49/Y (AOI222X1M)                    0.16       6.72 r
  U_Execute/alu_unit/U48/Y (NAND4X2M)                     0.15       6.87 f
  U_Execute/alu_unit/Result[3] (ALU)                      0.00       6.87 f
  U_Execute/ALUResult[3] (ExecuteStage)                   0.00       6.87 f
  U_EX_MEM_Reg/alu_result_in[3] (EX_M_register)           0.00       6.87 f
  U_EX_MEM_Reg/alu_result_out_reg[3]/D (DFFRQX2M)         0.00       6.87 f
  data arrival time                                                  6.87

  clock clk (rise edge)                                   0.00       0.00
  clock network delay (ideal)                             0.00       0.00
  clock uncertainty                                       0.05       0.05
  U_EX_MEM_Reg/alu_result_out_reg[3]/CK (DFFRQX2M)        0.00       0.05 r
  library hold time                                      -0.02       0.03
  data required time                                                 0.03
  --------------------------------------------------------------------------
  data required time                                                 0.03
  data arrival time                                                 -6.87
  --------------------------------------------------------------------------
  slack (MET)                                                        6.84


  Startpoint: in_port_val[7]
              (input port clocked by clk)
  Endpoint: U_Execute/ccr_unit/V_reg
            (rising edge-triggered flip-flop clocked by clk)
  Path Group: INREG
  Path Type: min

  Point                                                   Incr       Path
  --------------------------------------------------------------------------
  clock clk (rise edge)                                   0.00       0.00
  clock network delay (ideal)                             0.00       0.00
  input external delay                                    6.00       6.00 r
  in_port_val[7] (in)                                     0.01       6.01 r
  U_Decode_WB/in_port[7] (decode_wb_stage)                0.00       6.01 r
  U_Decode_WB/U25/Y (AOI22X1M)                            0.10       6.11 f
  U_Decode_WB/U23/Y (NAND2X2M)                            0.10       6.21 r
  U_Decode_WB/DATA_OUT[7] (decode_wb_stage)               0.00       6.21 r
  U115/Y (AOI22X1M)                                       0.12       6.33 f
  U114/Y (OAI21X2M)                                       0.06       6.39 r
  U_Execute/A[7] (ExecuteStage)                           0.00       6.39 r
  U_Execute/alu_unit/A[7] (ALU)                           0.00       6.39 r
  U_Execute/alu_unit/U93/Y (BUFX2M)                       0.22       6.62 r
  U_Execute/alu_unit/U88/Y (OAI22X1M)                     0.12       6.74 f
  U_Execute/alu_unit/V_out (ALU)                          0.00       6.74 f
  U_Execute/ccr_unit/V_in (CCR)                           0.00       6.74 f
  U_Execute/ccr_unit/U8/Y (AOI22X1M)                      0.11       6.84 r
  U_Execute/ccr_unit/U7/Y (OAI21X2M)                      0.05       6.89 f
  U_Execute/ccr_unit/V_reg/D (DFFRQX2M)                   0.00       6.89 f
  data arrival time                                                  6.89

  clock clk (rise edge)                                   0.00       0.00
  clock network delay (ideal)                             0.00       0.00
  clock uncertainty                                       0.05       0.05
  U_Execute/ccr_unit/V_reg/CK (DFFRQX2M)                  0.00       0.05 r
  library hold time                                      -0.01       0.04
  data required time                                                 0.04
  --------------------------------------------------------------------------
  data required time                                                 0.04
  data arrival time                                                 -6.89
  --------------------------------------------------------------------------
  slack (MET)                                                        6.85


  Startpoint: interrupt (input port clocked by clk)
  Endpoint: U_ID_EX_Reg/MEM_WB_regwrite_out_reg
            (rising edge-triggered flip-flop clocked by clk)
  Path Group: INREG
  Path Type: min

  Point                                                   Incr       Path
  --------------------------------------------------------------------------
  clock clk (rise edge)                                   0.00       0.00
  clock network delay (ideal)                             0.00       0.00
  input external delay                                    6.00       6.00 r
  interrupt (in)                                          0.01       6.01 r
  U103/Y (BUFX2M)                                         0.23       6.24 r
  u_Control_Unit/interrupt_sig (Control_Unit)             0.00       6.24 r
  u_Control_Unit/U43/Y (OAI32X1M)                         0.17       6.41 f
  u_Control_Unit/U23/Y (CLKXOR2X2M)                       0.19       6.60 f
  u_Control_Unit/MEM_WB_regwrite (Control_Unit)           0.00       6.60 f
  U_ID_EX_Reg/MEM_WB_regwrite_in (ID_EX_register)         0.00       6.60 f
  U_ID_EX_Reg/U53/Y (AO22X1M)                             0.30       6.89 f
  U_ID_EX_Reg/MEM_WB_regwrite_out_reg/D (DFFRQX2M)        0.00       6.89 f
  data arrival time                                                  6.89

  clock clk (rise edge)                                   0.00       0.00
  clock network delay (ideal)                             0.00       0.00
  clock uncertainty                                       0.05       0.05
  U_ID_EX_Reg/MEM_WB_regwrite_out_reg/CK (DFFRQX2M)       0.00       0.05 r
  library hold time                                      -0.01       0.04
  data required time                                                 0.04
  --------------------------------------------------------------------------
  data required time                                                 0.04
  data arrival time                                                 -6.89
  --------------------------------------------------------------------------
  slack (MET)                                                        6.85


  Startpoint: interrupt (input port clocked by clk)
  Endpoint: U_ID_EX_Reg/wr_en_out_reg
            (rising edge-triggered flip-flop clocked by clk)
  Path Group: INREG
  Path Type: min

  Point                                                   Incr       Path
  --------------------------------------------------------------------------
  clock clk (rise edge)                                   0.00       0.00
  clock network delay (ideal)                             0.00       0.00
  input external delay                                    6.00       6.00 r
  interrupt (in)                                          0.01       6.01 r
  U103/Y (BUFX2M)                                         0.23       6.24 r
  u_Control_Unit/interrupt_sig (Control_Unit)             0.00       6.24 r
  u_Control_Unit/U63/Y (OR2X2M)                           0.18       6.42 r
  u_Control_Unit/U20/Y (NOR2X2M)                          0.05       6.47 f
  u_Control_Unit/U8/Y (INVX2M)                            0.08       6.55 r
  u_Control_Unit/U50/Y (OAI21X2M)                         0.06       6.61 f
  u_Control_Unit/wr_en (Control_Unit)                     0.00       6.61 f
  U_ID_EX_Reg/wr_en_in (ID_EX_register)                   0.00       6.61 f
  U_ID_EX_Reg/U39/Y (AO22X1M)                             0.28       6.89 f
  U_ID_EX_Reg/wr_en_out_reg/D (DFFRQX2M)                  0.00       6.89 f
  data arrival time                                                  6.89

  clock clk (rise edge)                                   0.00       0.00
  clock network delay (ideal)                             0.00       0.00
  clock uncertainty                                       0.05       0.05
  U_ID_EX_Reg/wr_en_out_reg/CK (DFFRQX2M)                 0.00       0.05 r
  library hold time                                      -0.01       0.04
  data required time                                                 0.04
  --------------------------------------------------------------------------
  data required time                                                 0.04
  data arrival time                                                 -6.89
  --------------------------------------------------------------------------
  slack (MET)                                                        6.85


  Startpoint: interrupt (input port clocked by clk)
  Endpoint: U_ID_EX_Reg/Sel_WriteData_out_reg[1]
            (rising edge-triggered flip-flop clocked by clk)
  Path Group: INREG
  Path Type: min

  Point                                                   Incr       Path
  --------------------------------------------------------------------------
  clock clk (rise edge)                                   0.00       0.00
  clock network delay (ideal)                             0.00       0.00
  input external delay                                    6.00       6.00 r
  interrupt (in)                                          0.01       6.01 r
  U103/Y (BUFX2M)                                         0.23       6.24 r
  u_Control_Unit/interrupt_sig (Control_Unit)             0.00       6.24 r
  u_Control_Unit/U3/Y (NOR2X2M)                           0.14       6.37 f
  u_Control_Unit/U17/Y (NAND2X2M)                         0.12       6.49 r
  u_Control_Unit/U47/Y (OAI22X1M)                         0.12       6.61 f
  u_Control_Unit/Sel_WriteData[1] (Control_Unit)          0.00       6.61 f
  U_ID_EX_Reg/Sel_WriteData_in[1] (ID_EX_register)        0.00       6.61 f
  U_ID_EX_Reg/U42/Y (AO22X1M)                             0.29       6.90 f
  U_ID_EX_Reg/Sel_WriteData_out_reg[1]/D (DFFRQX2M)       0.00       6.90 f
  data arrival time                                                  6.90

  clock clk (rise edge)                                   0.00       0.00
  clock network delay (ideal)                             0.00       0.00
  clock uncertainty                                       0.05       0.05
  U_ID_EX_Reg/Sel_WriteData_out_reg[1]/CK (DFFRQX2M)      0.00       0.05 r
  library hold time                                      -0.01       0.04
  data required time                                                 0.04
  --------------------------------------------------------------------------
  data required time                                                 0.04
  data arrival time                                                 -6.90
  --------------------------------------------------------------------------
  slack (MET)                                                        6.86


  Startpoint: interrupt (input port clocked by clk)
  Endpoint: U_ID_EX_Reg/Ex_MEM_regwrite_out_reg
            (rising edge-triggered flip-flop clocked by clk)
  Path Group: INREG
  Path Type: min

  Point                                                   Incr       Path
  --------------------------------------------------------------------------
  clock clk (rise edge)                                   0.00       0.00
  clock network delay (ideal)                             0.00       0.00
  input external delay                                    6.00       6.00 r
  interrupt (in)                                          0.01       6.01 r
  U103/Y (BUFX2M)                                         0.23       6.24 r
  u_Control_Unit/interrupt_sig (Control_Unit)             0.00       6.24 r
  u_Control_Unit/U43/Y (OAI32X1M)                         0.17       6.41 f
  u_Control_Unit/U23/Y (CLKXOR2X2M)                       0.21       6.61 r
  u_Control_Unit/U61/Y (NOR2BX2M)                         0.05       6.66 f
  u_Control_Unit/Ex_MEM_regwrite (Control_Unit)           0.00       6.66 f
  U_ID_EX_Reg/Ex_MEM_regwrite_in (ID_EX_register)         0.00       6.66 f
  U_ID_EX_Reg/U35/Y (AO22X1M)                             0.28       6.94 f
  U_ID_EX_Reg/Ex_MEM_regwrite_out_reg/D (DFFRQX2M)        0.00       6.94 f
  data arrival time                                                  6.94

  clock clk (rise edge)                                   0.00       0.00
  clock network delay (ideal)                             0.00       0.00
  clock uncertainty                                       0.05       0.05
  U_ID_EX_Reg/Ex_MEM_regwrite_out_reg/CK (DFFRQX2M)       0.00       0.05 r
  library hold time                                      -0.01       0.04
  data required time                                                 0.04
  --------------------------------------------------------------------------
  data required time                                                 0.04
  data arrival time                                                 -6.94
  --------------------------------------------------------------------------
  slack (MET)                                                        6.90


  Startpoint: interrupt (input port clocked by clk)
  Endpoint: U_ID_EX_Reg/alu_control_out_reg[3]
            (rising edge-triggered flip-flop clocked by clk)
  Path Group: INREG
  Path Type: min

  Point                                                   Incr       Path
  --------------------------------------------------------------------------
  clock clk (rise edge)                                   0.00       0.00
  clock network delay (ideal)                             0.00       0.00
  input external delay                                    6.00       6.00 r
  interrupt (in)                                          0.01       6.01 r
  U103/Y (BUFX2M)                                         0.23       6.24 r
  u_Control_Unit/interrupt_sig (Control_Unit)             0.00       6.24 r
  u_Control_Unit/U3/Y (NOR2X2M)                           0.14       6.37 f
  u_Control_Unit/U16/Y (INVX2M)                           0.23       6.61 r
  u_Control_Unit/U58/Y (AOI21X2M)                         0.06       6.67 f
  u_Control_Unit/alu_control[3] (Control_Unit)            0.00       6.67 f
  U_ID_EX_Reg/alu_control_in[3] (ID_EX_register)          0.00       6.67 f
  U_ID_EX_Reg/U33/Y (AO22X1M)                             0.28       6.96 f
  U_ID_EX_Reg/alu_control_out_reg[3]/D (DFFRQX2M)         0.00       6.96 f
  data arrival time                                                  6.96

  clock clk (rise edge)                                   0.00       0.00
  clock network delay (ideal)                             0.00       0.00
  clock uncertainty                                       0.05       0.05
  U_ID_EX_Reg/alu_control_out_reg[3]/CK (DFFRQX2M)        0.00       0.05 r
  library hold time                                      -0.01       0.04
  data required time                                                 0.04
  --------------------------------------------------------------------------
  data required time                                                 0.04
  data arrival time                                                 -6.96
  --------------------------------------------------------------------------
  slack (MET)                                                        6.92


  Startpoint: interrupt (input port clocked by clk)
  Endpoint: U_ID_EX_Reg/alu_control_out_reg[2]
            (rising edge-triggered flip-flop clocked by clk)
  Path Group: INREG
  Path Type: min

  Point                                                   Incr       Path
  --------------------------------------------------------------------------
  clock clk (rise edge)                                   0.00       0.00
  clock network delay (ideal)                             0.00       0.00
  input external delay                                    6.00       6.00 r
  interrupt (in)                                          0.01       6.01 r
  U103/Y (BUFX2M)                                         0.23       6.24 r
  u_Control_Unit/interrupt_sig (Control_Unit)             0.00       6.24 r
  u_Control_Unit/U3/Y (NOR2X2M)                           0.14       6.37 f
  u_Control_Unit/U16/Y (INVX2M)                           0.23       6.61 r
  u_Control_Unit/U76/Y (AOI31X2M)                         0.06       6.67 f
  u_Control_Unit/alu_control[2] (Control_Unit)            0.00       6.67 f
  U_ID_EX_Reg/alu_control_in[2] (ID_EX_register)          0.00       6.67 f
  U_ID_EX_Reg/U52/Y (AO22X1M)                             0.29       6.96 f
  U_ID_EX_Reg/alu_control_out_reg[2]/D (DFFRQX2M)         0.00       6.96 f
  data arrival time                                                  6.96

  clock clk (rise edge)                                   0.00       0.00
  clock network delay (ideal)                             0.00       0.00
  clock uncertainty                                       0.05       0.05
  U_ID_EX_Reg/alu_control_out_reg[2]/CK (DFFRQX2M)        0.00       0.05 r
  library hold time                                      -0.01       0.04
  data required time                                                 0.04
  --------------------------------------------------------------------------
  data required time                                                 0.04
  data arrival time                                                 -6.96
  --------------------------------------------------------------------------
  slack (MET)                                                        6.92


  Startpoint: interrupt (input port clocked by clk)
  Endpoint: U_ID_EX_Reg/alu_control_out_reg[1]
            (rising edge-triggered flip-flop clocked by clk)
  Path Group: INREG
  Path Type: min

  Point                                                   Incr       Path
  --------------------------------------------------------------------------
  clock clk (rise edge)                                   0.00       0.00
  clock network delay (ideal)                             0.00       0.00
  input external delay                                    6.00       6.00 r
  interrupt (in)                                          0.01       6.01 r
  U103/Y (BUFX2M)                                         0.23       6.24 r
  u_Control_Unit/interrupt_sig (Control_Unit)             0.00       6.24 r
  u_Control_Unit/U3/Y (NOR2X2M)                           0.14       6.37 f
  u_Control_Unit/U16/Y (INVX2M)                           0.23       6.61 r
  u_Control_Unit/U74/Y (NOR2X2M)                          0.08       6.68 f
  u_Control_Unit/alu_control[1] (Control_Unit)            0.00       6.68 f
  U_ID_EX_Reg/alu_control_in[1] (ID_EX_register)          0.00       6.68 f
  U_ID_EX_Reg/U51/Y (AO22X1M)                             0.28       6.97 f
  U_ID_EX_Reg/alu_control_out_reg[1]/D (DFFRQX2M)         0.00       6.97 f
  data arrival time                                                  6.97

  clock clk (rise edge)                                   0.00       0.00
  clock network delay (ideal)                             0.00       0.00
  clock uncertainty                                       0.05       0.05
  U_ID_EX_Reg/alu_control_out_reg[1]/CK (DFFRQX2M)        0.00       0.05 r
  library hold time                                      -0.01       0.04
  data required time                                                 0.04
  --------------------------------------------------------------------------
  data required time                                                 0.04
  data arrival time                                                 -6.97
  --------------------------------------------------------------------------
  slack (MET)                                                        6.93


  Startpoint: interrupt (input port clocked by clk)
  Endpoint: U_ID_EX_Reg/alu_control_out_reg[0]
            (rising edge-triggered flip-flop clocked by clk)
  Path Group: INREG
  Path Type: min

  Point                                                   Incr       Path
  --------------------------------------------------------------------------
  clock clk (rise edge)                                   0.00       0.00
  clock network delay (ideal)                             0.00       0.00
  input external delay                                    6.00       6.00 r
  interrupt (in)                                          0.01       6.01 r
  U103/Y (BUFX2M)                                         0.23       6.24 r
  u_Control_Unit/interrupt_sig (Control_Unit)             0.00       6.24 r
  u_Control_Unit/U3/Y (NOR2X2M)                           0.14       6.37 f
  u_Control_Unit/U16/Y (INVX2M)                           0.23       6.61 r
  u_Control_Unit/U72/Y (NOR2X2M)                          0.08       6.68 f
  u_Control_Unit/alu_control[0] (Control_Unit)            0.00       6.68 f
  U_ID_EX_Reg/alu_control_in[0] (ID_EX_register)          0.00       6.68 f
  U_ID_EX_Reg/U50/Y (AO22X1M)                             0.28       6.97 f
  U_ID_EX_Reg/alu_control_out_reg[0]/D (DFFRQX2M)         0.00       6.97 f
  data arrival time                                                  6.97

  clock clk (rise edge)                                   0.00       0.00
  clock network delay (ideal)                             0.00       0.00
  clock uncertainty                                       0.05       0.05
  U_ID_EX_Reg/alu_control_out_reg[0]/CK (DFFRQX2M)        0.00       0.05 r
  library hold time                                      -0.01       0.04
  data required time                                                 0.04
  --------------------------------------------------------------------------
  data required time                                                 0.04
  data arrival time                                                 -6.97
  --------------------------------------------------------------------------
  slack (MET)                                                        6.93


  Startpoint: interrupt (input port clocked by clk)
  Endpoint: U_ID_EX_Reg/FlagWriteEnable_out_reg
            (rising edge-triggered flip-flop clocked by clk)
  Path Group: INREG
  Path Type: min

  Point                                                   Incr       Path
  --------------------------------------------------------------------------
  clock clk (rise edge)                                   0.00       0.00
  clock network delay (ideal)                             0.00       0.00
  input external delay                                    6.00       6.00 r
  interrupt (in)                                          0.01       6.01 r
  U103/Y (BUFX2M)                                         0.23       6.24 r
  u_Control_Unit/interrupt_sig (Control_Unit)             0.00       6.24 r
  u_Control_Unit/U3/Y (NOR2X2M)                           0.14       6.37 f
  u_Control_Unit/U16/Y (INVX2M)                           0.23       6.61 r
  u_Control_Unit/U71/Y (NOR2X2M)                          0.08       6.68 f
  u_Control_Unit/FlagWriteEnable (Control_Unit)           0.00       6.68 f
  U_ID_EX_Reg/FlagWriteEnable_in (ID_EX_register)         0.00       6.68 f
  U_ID_EX_Reg/U49/Y (AO22X1M)                             0.29       6.98 f
  U_ID_EX_Reg/FlagWriteEnable_out_reg/D (DFFRQX2M)        0.00       6.98 f
  data arrival time                                                  6.98

  clock clk (rise edge)                                   0.00       0.00
  clock network delay (ideal)                             0.00       0.00
  clock uncertainty                                       0.05       0.05
  U_ID_EX_Reg/FlagWriteEnable_out_reg/CK (DFFRQX2M)       0.00       0.05 r
  library hold time                                      -0.01       0.04
  data required time                                                 0.04
  --------------------------------------------------------------------------
  data required time                                                 0.04
  data arrival time                                                 -6.98
  --------------------------------------------------------------------------
  slack (MET)                                                        6.94


  Startpoint: interrupt (input port clocked by clk)
  Endpoint: U_ID_EX_Reg/SetC_out_reg
            (rising edge-triggered flip-flop clocked by clk)
  Path Group: INREG
  Path Type: min

  Point                                                   Incr       Path
  --------------------------------------------------------------------------
  clock clk (rise edge)                                   0.00       0.00
  clock network delay (ideal)                             0.00       0.00
  input external delay                                    6.00       6.00 r
  interrupt (in)                                          0.01       6.01 r
  U103/Y (BUFX2M)                                         0.23       6.24 r
  u_Control_Unit/interrupt_sig (Control_Unit)             0.00       6.24 r
  u_Control_Unit/U3/Y (NOR2X2M)                           0.14       6.37 f
  u_Control_Unit/U16/Y (INVX2M)                           0.23       6.61 r
  u_Control_Unit/U49/Y (NOR3X2M)                          0.09       6.70 f
  u_Control_Unit/SetC (Control_Unit)                      0.00       6.70 f
  U_ID_EX_Reg/SetC_in (ID_EX_register)                    0.00       6.70 f
  U_ID_EX_Reg/U32/Y (AO22X1M)                             0.28       6.98 f
  U_ID_EX_Reg/SetC_out_reg/D (DFFRQX2M)                   0.00       6.98 f
  data arrival time                                                  6.98

  clock clk (rise edge)                                   0.00       0.00
  clock network delay (ideal)                             0.00       0.00
  clock uncertainty                                       0.05       0.05
  U_ID_EX_Reg/SetC_out_reg/CK (DFFRQX2M)                  0.00       0.05 r
  library hold time                                      -0.01       0.04
  data required time                                                 0.04
  --------------------------------------------------------------------------
  data required time                                                 0.04
  data arrival time                                                 -6.98
  --------------------------------------------------------------------------
  slack (MET)                                                        6.94


  Startpoint: interrupt (input port clocked by clk)
  Endpoint: U_ID_EX_Reg/ClrC_out_reg
            (rising edge-triggered flip-flop clocked by clk)
  Path Group: INREG
  Path Type: min

  Point                                                   Incr       Path
  --------------------------------------------------------------------------
  clock clk (rise edge)                                   0.00       0.00
  clock network delay (ideal)                             0.00       0.00
  input external delay                                    6.00       6.00 r
  interrupt (in)                                          0.01       6.01 r
  U103/Y (BUFX2M)                                         0.23       6.24 r
  u_Control_Unit/interrupt_sig (Control_Unit)             0.00       6.24 r
  u_Control_Unit/U3/Y (NOR2X2M)                           0.14       6.37 f
  u_Control_Unit/U16/Y (INVX2M)                           0.23       6.61 r
  u_Control_Unit/U48/Y (NOR3X2M)                          0.09       6.70 f
  u_Control_Unit/ClrC (Control_Unit)                      0.00       6.70 f
  U_ID_EX_Reg/ClrC_in (ID_EX_register)                    0.00       6.70 f
  U_ID_EX_Reg/U31/Y (AO22X1M)                             0.28       6.98 f
  U_ID_EX_Reg/ClrC_out_reg/D (DFFRQX2M)                   0.00       6.98 f
  data arrival time                                                  6.98

  clock clk (rise edge)                                   0.00       0.00
  clock network delay (ideal)                             0.00       0.00
  clock uncertainty                                       0.05       0.05
  U_ID_EX_Reg/ClrC_out_reg/CK (DFFRQX2M)                  0.00       0.05 r
  library hold time                                      -0.01       0.04
  data required time                                                 0.04
  --------------------------------------------------------------------------
  data required time                                                 0.04
  data arrival time                                                 -6.98
  --------------------------------------------------------------------------
  slack (MET)                                                        6.94


  Startpoint: OUT_PORT_REG_reg[7]
              (rising edge-triggered flip-flop clocked by clk)
  Endpoint: out_port_val[7]
            (output port clocked by clk)
  Path Group: REGOUT
  Path Type: min

  Point                                    Incr       Path
  -----------------------------------------------------------
  clock clk (rise edge)                    0.00       0.00
  clock network delay (ideal)              0.00       0.00
  OUT_PORT_REG_reg[7]/CK (DFFRHQX8M)       0.00 #     0.00 r
  OUT_PORT_REG_reg[7]/Q (DFFRHQX8M)        0.70       0.70 f
  out_port_val[7] (out)                    0.00       0.70 f
  data arrival time                                   0.70

  clock clk (rise edge)                    0.00       0.00
  clock network delay (ideal)              0.00       0.00
  clock uncertainty                        0.05       0.05
  output external delay                   -6.00      -5.95
  data required time                                 -5.95
  -----------------------------------------------------------
  data required time                                 -5.95
  data arrival time                                  -0.70
  -----------------------------------------------------------
  slack (MET)                                         6.65


  Startpoint: OUT_PORT_REG_reg[6]
              (rising edge-triggered flip-flop clocked by clk)
  Endpoint: out_port_val[6]
            (output port clocked by clk)
  Path Group: REGOUT
  Path Type: min

  Point                                    Incr       Path
  -----------------------------------------------------------
  clock clk (rise edge)                    0.00       0.00
  clock network delay (ideal)              0.00       0.00
  OUT_PORT_REG_reg[6]/CK (DFFRHQX8M)       0.00 #     0.00 r
  OUT_PORT_REG_reg[6]/Q (DFFRHQX8M)        0.70       0.70 f
  out_port_val[6] (out)                    0.00       0.70 f
  data arrival time                                   0.70

  clock clk (rise edge)                    0.00       0.00
  clock network delay (ideal)              0.00       0.00
  clock uncertainty                        0.05       0.05
  output external delay                   -6.00      -5.95
  data required time                                 -5.95
  -----------------------------------------------------------
  data required time                                 -5.95
  data arrival time                                  -0.70
  -----------------------------------------------------------
  slack (MET)                                         6.65


  Startpoint: OUT_PORT_REG_reg[5]
              (rising edge-triggered flip-flop clocked by clk)
  Endpoint: out_port_val[5]
            (output port clocked by clk)
  Path Group: REGOUT
  Path Type: min

  Point                                    Incr       Path
  -----------------------------------------------------------
  clock clk (rise edge)                    0.00       0.00
  clock network delay (ideal)              0.00       0.00
  OUT_PORT_REG_reg[5]/CK (DFFRHQX8M)       0.00 #     0.00 r
  OUT_PORT_REG_reg[5]/Q (DFFRHQX8M)        0.70       0.70 f
  out_port_val[5] (out)                    0.00       0.70 f
  data arrival time                                   0.70

  clock clk (rise edge)                    0.00       0.00
  clock network delay (ideal)              0.00       0.00
  clock uncertainty                        0.05       0.05
  output external delay                   -6.00      -5.95
  data required time                                 -5.95
  -----------------------------------------------------------
  data required time                                 -5.95
  data arrival time                                  -0.70
  -----------------------------------------------------------
  slack (MET)                                         6.65


  Startpoint: OUT_PORT_REG_reg[4]
              (rising edge-triggered flip-flop clocked by clk)
  Endpoint: out_port_val[4]
            (output port clocked by clk)
  Path Group: REGOUT
  Path Type: min

  Point                                    Incr       Path
  -----------------------------------------------------------
  clock clk (rise edge)                    0.00       0.00
  clock network delay (ideal)              0.00       0.00
  OUT_PORT_REG_reg[4]/CK (DFFRHQX8M)       0.00 #     0.00 r
  OUT_PORT_REG_reg[4]/Q (DFFRHQX8M)        0.70       0.70 f
  out_port_val[4] (out)                    0.00       0.70 f
  data arrival time                                   0.70

  clock clk (rise edge)                    0.00       0.00
  clock network delay (ideal)              0.00       0.00
  clock uncertainty                        0.05       0.05
  output external delay                   -6.00      -5.95
  data required time                                 -5.95
  -----------------------------------------------------------
  data required time                                 -5.95
  data arrival time                                  -0.70
  -----------------------------------------------------------
  slack (MET)                                         6.65


  Startpoint: OUT_PORT_REG_reg[3]
              (rising edge-triggered flip-flop clocked by clk)
  Endpoint: out_port_val[3]
            (output port clocked by clk)
  Path Group: REGOUT
  Path Type: min

  Point                                    Incr       Path
  -----------------------------------------------------------
  clock clk (rise edge)                    0.00       0.00
  clock network delay (ideal)              0.00       0.00
  OUT_PORT_REG_reg[3]/CK (DFFRHQX8M)       0.00 #     0.00 r
  OUT_PORT_REG_reg[3]/Q (DFFRHQX8M)        0.70       0.70 f
  out_port_val[3] (out)                    0.00       0.70 f
  data arrival time                                   0.70

  clock clk (rise edge)                    0.00       0.00
  clock network delay (ideal)              0.00       0.00
  clock uncertainty                        0.05       0.05
  output external delay                   -6.00      -5.95
  data required time                                 -5.95
  -----------------------------------------------------------
  data required time                                 -5.95
  data arrival time                                  -0.70
  -----------------------------------------------------------
  slack (MET)                                         6.65


  Startpoint: OUT_PORT_REG_reg[2]
              (rising edge-triggered flip-flop clocked by clk)
  Endpoint: out_port_val[2]
            (output port clocked by clk)
  Path Group: REGOUT
  Path Type: min

  Point                                    Incr       Path
  -----------------------------------------------------------
  clock clk (rise edge)                    0.00       0.00
  clock network delay (ideal)              0.00       0.00
  OUT_PORT_REG_reg[2]/CK (DFFRHQX8M)       0.00 #     0.00 r
  OUT_PORT_REG_reg[2]/Q (DFFRHQX8M)        0.70       0.70 f
  out_port_val[2] (out)                    0.00       0.70 f
  data arrival time                                   0.70

  clock clk (rise edge)                    0.00       0.00
  clock network delay (ideal)              0.00       0.00
  clock uncertainty                        0.05       0.05
  output external delay                   -6.00      -5.95
  data required time                                 -5.95
  -----------------------------------------------------------
  data required time                                 -5.95
  data arrival time                                  -0.70
  -----------------------------------------------------------
  slack (MET)                                         6.65


  Startpoint: OUT_PORT_REG_reg[1]
              (rising edge-triggered flip-flop clocked by clk)
  Endpoint: out_port_val[1]
            (output port clocked by clk)
  Path Group: REGOUT
  Path Type: min

  Point                                    Incr       Path
  -----------------------------------------------------------
  clock clk (rise edge)                    0.00       0.00
  clock network delay (ideal)              0.00       0.00
  OUT_PORT_REG_reg[1]/CK (DFFRHQX8M)       0.00 #     0.00 r
  OUT_PORT_REG_reg[1]/Q (DFFRHQX8M)        0.70       0.70 f
  out_port_val[1] (out)                    0.00       0.70 f
  data arrival time                                   0.70

  clock clk (rise edge)                    0.00       0.00
  clock network delay (ideal)              0.00       0.00
  clock uncertainty                        0.05       0.05
  output external delay                   -6.00      -5.95
  data required time                                 -5.95
  -----------------------------------------------------------
  data required time                                 -5.95
  data arrival time                                  -0.70
  -----------------------------------------------------------
  slack (MET)                                         6.65


  Startpoint: OUT_PORT_REG_reg[0]
              (rising edge-triggered flip-flop clocked by clk)
  Endpoint: out_port_val[0]
            (output port clocked by clk)
  Path Group: REGOUT
  Path Type: min

  Point                                    Incr       Path
  -----------------------------------------------------------
  clock clk (rise edge)                    0.00       0.00
  clock network delay (ideal)              0.00       0.00
  OUT_PORT_REG_reg[0]/CK (DFFRHQX8M)       0.00 #     0.00 r
  OUT_PORT_REG_reg[0]/Q (DFFRHQX8M)        0.70       0.70 f
  out_port_val[0] (out)                    0.00       0.70 f
  data arrival time                                   0.70

  clock clk (rise edge)                    0.00       0.00
  clock network delay (ideal)              0.00       0.00
  clock uncertainty                        0.05       0.05
  output external delay                   -6.00      -5.95
  data required time                                 -5.95
  -----------------------------------------------------------
  data required time                                 -5.95
  data arrival time                                  -0.70
  -----------------------------------------------------------
  slack (MET)                                         6.65


  Startpoint: U_EX_MEM_Reg/out_port_en_out_reg
              (rising edge-triggered flip-flop clocked by clk)
  Endpoint: U_MEM_WB_Reg/out_port_en_out_reg
            (rising edge-triggered flip-flop clocked by clk)
  Path Group: clk
  Path Type: min

  Point                                                   Incr       Path
  --------------------------------------------------------------------------
  clock clk (rise edge)                                   0.00       0.00
  clock network delay (ideal)                             0.00       0.00
  U_EX_MEM_Reg/out_port_en_out_reg/CK (DFFRQX2M)          0.00 #     0.00 r
  U_EX_MEM_Reg/out_port_en_out_reg/Q (DFFRQX2M)           0.47       0.47 f
  U_EX_MEM_Reg/out_port_en_out (EX_M_register)            0.00       0.47 f
  U_MEM_WB_Reg/out_port_en_in (MEM_WB_Register)           0.00       0.47 f
  U_MEM_WB_Reg/out_port_en_out_reg/D (DFFRQX2M)           0.00       0.47 f
  data arrival time                                                  0.47

  clock clk (rise edge)                                   0.00       0.00
  clock network delay (ideal)                             0.00       0.00
  clock uncertainty                                       0.05       0.05
  U_MEM_WB_Reg/out_port_en_out_reg/CK (DFFRQX2M)          0.00       0.05 r
  library hold time                                      -0.01       0.04
  data required time                                                 0.04
  --------------------------------------------------------------------------
  data required time                                                 0.04
  data arrival time                                                 -0.47
  --------------------------------------------------------------------------
  slack (MET)                                                        0.43


  Startpoint: U_EX_MEM_Reg/wr_en_out_reg
              (rising edge-triggered flip-flop clocked by clk)
  Endpoint: U_MEM_WB_Reg/wr_en_out_reg
            (rising edge-triggered flip-flop clocked by clk)
  Path Group: clk
  Path Type: min

  Point                                                   Incr       Path
  --------------------------------------------------------------------------
  clock clk (rise edge)                                   0.00       0.00
  clock network delay (ideal)                             0.00       0.00
  U_EX_MEM_Reg/wr_en_out_reg/CK (DFFRQX2M)                0.00 #     0.00 r
  U_EX_MEM_Reg/wr_en_out_reg/Q (DFFRQX2M)                 0.47       0.47 f
  U_EX_MEM_Reg/wr_en_out (EX_M_register)                  0.00       0.47 f
  U_MEM_WB_Reg/wr_en_in (MEM_WB_Register)                 0.00       0.47 f
  U_MEM_WB_Reg/wr_en_out_reg/D (DFFRQX2M)                 0.00       0.47 f
  data arrival time                                                  0.47

  clock clk (rise edge)                                   0.00       0.00
  clock network delay (ideal)                             0.00       0.00
  clock uncertainty                                       0.05       0.05
  U_MEM_WB_Reg/wr_en_out_reg/CK (DFFRQX2M)                0.00       0.05 r
  library hold time                                      -0.01       0.04
  data required time                                                 0.04
  --------------------------------------------------------------------------
  data required time                                                 0.04
  data arrival time                                                 -0.47
  --------------------------------------------------------------------------
  slack (MET)                                                        0.43


  Startpoint: U_EX_MEM_Reg/SP_Dec_out_reg
              (rising edge-triggered flip-flop clocked by clk)
  Endpoint: U_MEM_WB_Reg/SP_Dec_out_reg
            (rising edge-triggered flip-flop clocked by clk)
  Path Group: clk
  Path Type: min

  Point                                                   Incr       Path
  --------------------------------------------------------------------------
  clock clk (rise edge)                                   0.00       0.00
  clock network delay (ideal)                             0.00       0.00
  U_EX_MEM_Reg/SP_Dec_out_reg/CK (DFFRQX2M)               0.00 #     0.00 r
  U_EX_MEM_Reg/SP_Dec_out_reg/Q (DFFRQX2M)                0.47       0.47 f
  U_EX_MEM_Reg/SP_Dec_out (EX_M_register)                 0.00       0.47 f
  U_MEM_WB_Reg/SP_Dec_in (MEM_WB_Register)                0.00       0.47 f
  U_MEM_WB_Reg/SP_Dec_out_reg/D (DFFRQX2M)                0.00       0.47 f
  data arrival time                                                  0.47

  clock clk (rise edge)                                   0.00       0.00
  clock network delay (ideal)                             0.00       0.00
  clock uncertainty                                       0.05       0.05
  U_MEM_WB_Reg/SP_Dec_out_reg/CK (DFFRQX2M)               0.00       0.05 r
  library hold time                                      -0.01       0.04
  data required time                                                 0.04
  --------------------------------------------------------------------------
  data required time                                                 0.04
  data arrival time                                                 -0.47
  --------------------------------------------------------------------------
  slack (MET)                                                        0.43


  Startpoint: U_EX_MEM_Reg/MEM_WB_regwrite_out_reg
              (rising edge-triggered flip-flop clocked by clk)
  Endpoint: U_MEM_WB_Reg/MEM_WB_regwrite_out_reg
            (rising edge-triggered flip-flop clocked by clk)
  Path Group: clk
  Path Type: min

  Point                                                   Incr       Path
  --------------------------------------------------------------------------
  clock clk (rise edge)                                   0.00       0.00
  clock network delay (ideal)                             0.00       0.00
  U_EX_MEM_Reg/MEM_WB_regwrite_out_reg/CK (DFFRQX2M)      0.00 #     0.00 r
  U_EX_MEM_Reg/MEM_WB_regwrite_out_reg/Q (DFFRQX2M)       0.47       0.47 f
  U_EX_MEM_Reg/MEM_WB_regwrite_out (EX_M_register)        0.00       0.47 f
  U_MEM_WB_Reg/MEM_WB_regwrite_in (MEM_WB_Register)       0.00       0.47 f
  U_MEM_WB_Reg/MEM_WB_regwrite_out_reg/D (DFFRQX2M)       0.00       0.47 f
  data arrival time                                                  0.47

  clock clk (rise edge)                                   0.00       0.00
  clock network delay (ideal)                             0.00       0.00
  clock uncertainty                                       0.05       0.05
  U_MEM_WB_Reg/MEM_WB_regwrite_out_reg/CK (DFFRQX2M)      0.00       0.05 r
  library hold time                                      -0.01       0.04
  data required time                                                 0.04
  --------------------------------------------------------------------------
  data required time                                                 0.04
  data arrival time                                                 -0.47
  --------------------------------------------------------------------------
  slack (MET)                                                        0.43


  Startpoint: U_EX_MEM_Reg/Sel_WriteData_out_reg[1]
              (rising edge-triggered flip-flop clocked by clk)
  Endpoint: U_MEM_WB_Reg/Sel_WriteData_out_reg[1]
            (rising edge-triggered flip-flop clocked by clk)
  Path Group: clk
  Path Type: min

  Point                                                   Incr       Path
  --------------------------------------------------------------------------
  clock clk (rise edge)                                   0.00       0.00
  clock network delay (ideal)                             0.00       0.00
  U_EX_MEM_Reg/Sel_WriteData_out_reg[1]/CK (DFFRQX2M)     0.00 #     0.00 r
  U_EX_MEM_Reg/Sel_WriteData_out_reg[1]/Q (DFFRQX2M)      0.47       0.47 f
  U_EX_MEM_Reg/Sel_WriteData_out[1] (EX_M_register)       0.00       0.47 f
  U_MEM_WB_Reg/Sel_WriteData_in[1] (MEM_WB_Register)      0.00       0.47 f
  U_MEM_WB_Reg/Sel_WriteData_out_reg[1]/D (DFFRQX2M)      0.00       0.47 f
  data arrival time                                                  0.47

  clock clk (rise edge)                                   0.00       0.00
  clock network delay (ideal)                             0.00       0.00
  clock uncertainty                                       0.05       0.05
  U_MEM_WB_Reg/Sel_WriteData_out_reg[1]/CK (DFFRQX2M)     0.00       0.05 r
  library hold time                                      -0.01       0.04
  data required time                                                 0.04
  --------------------------------------------------------------------------
  data required time                                                 0.04
  data arrival time                                                 -0.47
  --------------------------------------------------------------------------
  slack (MET)                                                        0.43


  Startpoint: U_EX_MEM_Reg/Sel_WriteData_out_reg[0]
              (rising edge-triggered flip-flop clocked by clk)
  Endpoint: U_MEM_WB_Reg/Sel_WriteData_out_reg[0]
            (rising edge-triggered flip-flop clocked by clk)
  Path Group: clk
  Path Type: min

  Point                                                   Incr       Path
  --------------------------------------------------------------------------
  clock clk (rise edge)                                   0.00       0.00
  clock network delay (ideal)                             0.00       0.00
  U_EX_MEM_Reg/Sel_WriteData_out_reg[0]/CK (DFFRQX2M)     0.00 #     0.00 r
  U_EX_MEM_Reg/Sel_WriteData_out_reg[0]/Q (DFFRQX2M)      0.47       0.47 f
  U_EX_MEM_Reg/Sel_WriteData_out[0] (EX_M_register)       0.00       0.47 f
  U_MEM_WB_Reg/Sel_WriteData_in[0] (MEM_WB_Register)      0.00       0.47 f
  U_MEM_WB_Reg/Sel_WriteData_out_reg[0]/D (DFFRQX2M)      0.00       0.47 f
  data arrival time                                                  0.47

  clock clk (rise edge)                                   0.00       0.00
  clock network delay (ideal)                             0.00       0.00
  clock uncertainty                                       0.05       0.05
  U_MEM_WB_Reg/Sel_WriteData_out_reg[0]/CK (DFFRQX2M)     0.00       0.05 r
  library hold time                                      -0.01       0.04
  data required time                                                 0.04
  --------------------------------------------------------------------------
  data required time                                                 0.04
  data arrival time                                                 -0.47
  --------------------------------------------------------------------------
  slack (MET)                                                        0.43


  Startpoint: U_EX_MEM_Reg/pc_plus_1_out_reg[7]
              (rising edge-triggered flip-flop clocked by clk)
  Endpoint: U_MEM_WB_Reg/pc_plus_1_out_reg[7]
            (rising edge-triggered flip-flop clocked by clk)
  Path Group: clk
  Path Type: min

  Point                                                   Incr       Path
  --------------------------------------------------------------------------
  clock clk (rise edge)                                   0.00       0.00
  clock network delay (ideal)                             0.00       0.00
  U_EX_MEM_Reg/pc_plus_1_out_reg[7]/CK (DFFRQX2M)         0.00 #     0.00 r
  U_EX_MEM_Reg/pc_plus_1_out_reg[7]/Q (DFFRQX2M)          0.47       0.47 f
  U_EX_MEM_Reg/pc_plus_1_out[7] (EX_M_register)           0.00       0.47 f
  U_MEM_WB_Reg/pc_plus_1_in[7] (MEM_WB_Register)          0.00       0.47 f
  U_MEM_WB_Reg/pc_plus_1_out_reg[7]/D (DFFRQX2M)          0.00       0.47 f
  data arrival time                                                  0.47

  clock clk (rise edge)                                   0.00       0.00
  clock network delay (ideal)                             0.00       0.00
  clock uncertainty                                       0.05       0.05
  U_MEM_WB_Reg/pc_plus_1_out_reg[7]/CK (DFFRQX2M)         0.00       0.05 r
  library hold time                                      -0.01       0.04
  data required time                                                 0.04
  --------------------------------------------------------------------------
  data required time                                                 0.04
  data arrival time                                                 -0.47
  --------------------------------------------------------------------------
  slack (MET)                                                        0.43


  Startpoint: U_EX_MEM_Reg/pc_plus_1_out_reg[6]
              (rising edge-triggered flip-flop clocked by clk)
  Endpoint: U_MEM_WB_Reg/pc_plus_1_out_reg[6]
            (rising edge-triggered flip-flop clocked by clk)
  Path Group: clk
  Path Type: min

  Point                                                   Incr       Path
  --------------------------------------------------------------------------
  clock clk (rise edge)                                   0.00       0.00
  clock network delay (ideal)                             0.00       0.00
  U_EX_MEM_Reg/pc_plus_1_out_reg[6]/CK (DFFRQX2M)         0.00 #     0.00 r
  U_EX_MEM_Reg/pc_plus_1_out_reg[6]/Q (DFFRQX2M)          0.47       0.47 f
  U_EX_MEM_Reg/pc_plus_1_out[6] (EX_M_register)           0.00       0.47 f
  U_MEM_WB_Reg/pc_plus_1_in[6] (MEM_WB_Register)          0.00       0.47 f
  U_MEM_WB_Reg/pc_plus_1_out_reg[6]/D (DFFRQX2M)          0.00       0.47 f
  data arrival time                                                  0.47

  clock clk (rise edge)                                   0.00       0.00
  clock network delay (ideal)                             0.00       0.00
  clock uncertainty                                       0.05       0.05
  U_MEM_WB_Reg/pc_plus_1_out_reg[6]/CK (DFFRQX2M)         0.00       0.05 r
  library hold time                                      -0.01       0.04
  data required time                                                 0.04
  --------------------------------------------------------------------------
  data required time                                                 0.04
  data arrival time                                                 -0.47
  --------------------------------------------------------------------------
  slack (MET)                                                        0.43


  Startpoint: U_EX_MEM_Reg/pc_plus_1_out_reg[5]
              (rising edge-triggered flip-flop clocked by clk)
  Endpoint: U_MEM_WB_Reg/pc_plus_1_out_reg[5]
            (rising edge-triggered flip-flop clocked by clk)
  Path Group: clk
  Path Type: min

  Point                                                   Incr       Path
  --------------------------------------------------------------------------
  clock clk (rise edge)                                   0.00       0.00
  clock network delay (ideal)                             0.00       0.00
  U_EX_MEM_Reg/pc_plus_1_out_reg[5]/CK (DFFRQX2M)         0.00 #     0.00 r
  U_EX_MEM_Reg/pc_plus_1_out_reg[5]/Q (DFFRQX2M)          0.47       0.47 f
  U_EX_MEM_Reg/pc_plus_1_out[5] (EX_M_register)           0.00       0.47 f
  U_MEM_WB_Reg/pc_plus_1_in[5] (MEM_WB_Register)          0.00       0.47 f
  U_MEM_WB_Reg/pc_plus_1_out_reg[5]/D (DFFRQX2M)          0.00       0.47 f
  data arrival time                                                  0.47

  clock clk (rise edge)                                   0.00       0.00
  clock network delay (ideal)                             0.00       0.00
  clock uncertainty                                       0.05       0.05
  U_MEM_WB_Reg/pc_plus_1_out_reg[5]/CK (DFFRQX2M)         0.00       0.05 r
  library hold time                                      -0.01       0.04
  data required time                                                 0.04
  --------------------------------------------------------------------------
  data required time                                                 0.04
  data arrival time                                                 -0.47
  --------------------------------------------------------------------------
  slack (MET)                                                        0.43


  Startpoint: U_EX_MEM_Reg/pc_plus_1_out_reg[4]
              (rising edge-triggered flip-flop clocked by clk)
  Endpoint: U_MEM_WB_Reg/pc_plus_1_out_reg[4]
            (rising edge-triggered flip-flop clocked by clk)
  Path Group: clk
  Path Type: min

  Point                                                   Incr       Path
  --------------------------------------------------------------------------
  clock clk (rise edge)                                   0.00       0.00
  clock network delay (ideal)                             0.00       0.00
  U_EX_MEM_Reg/pc_plus_1_out_reg[4]/CK (DFFRQX2M)         0.00 #     0.00 r
  U_EX_MEM_Reg/pc_plus_1_out_reg[4]/Q (DFFRQX2M)          0.47       0.47 f
  U_EX_MEM_Reg/pc_plus_1_out[4] (EX_M_register)           0.00       0.47 f
  U_MEM_WB_Reg/pc_plus_1_in[4] (MEM_WB_Register)          0.00       0.47 f
  U_MEM_WB_Reg/pc_plus_1_out_reg[4]/D (DFFRQX2M)          0.00       0.47 f
  data arrival time                                                  0.47

  clock clk (rise edge)                                   0.00       0.00
  clock network delay (ideal)                             0.00       0.00
  clock uncertainty                                       0.05       0.05
  U_MEM_WB_Reg/pc_plus_1_out_reg[4]/CK (DFFRQX2M)         0.00       0.05 r
  library hold time                                      -0.01       0.04
  data required time                                                 0.04
  --------------------------------------------------------------------------
  data required time                                                 0.04
  data arrival time                                                 -0.47
  --------------------------------------------------------------------------
  slack (MET)                                                        0.43


  Startpoint: U_EX_MEM_Reg/pc_plus_1_out_reg[3]
              (rising edge-triggered flip-flop clocked by clk)
  Endpoint: U_MEM_WB_Reg/pc_plus_1_out_reg[3]
            (rising edge-triggered flip-flop clocked by clk)
  Path Group: clk
  Path Type: min

  Point                                                   Incr       Path
  --------------------------------------------------------------------------
  clock clk (rise edge)                                   0.00       0.00
  clock network delay (ideal)                             0.00       0.00
  U_EX_MEM_Reg/pc_plus_1_out_reg[3]/CK (DFFRQX2M)         0.00 #     0.00 r
  U_EX_MEM_Reg/pc_plus_1_out_reg[3]/Q (DFFRQX2M)          0.47       0.47 f
  U_EX_MEM_Reg/pc_plus_1_out[3] (EX_M_register)           0.00       0.47 f
  U_MEM_WB_Reg/pc_plus_1_in[3] (MEM_WB_Register)          0.00       0.47 f
  U_MEM_WB_Reg/pc_plus_1_out_reg[3]/D (DFFRQX2M)          0.00       0.47 f
  data arrival time                                                  0.47

  clock clk (rise edge)                                   0.00       0.00
  clock network delay (ideal)                             0.00       0.00
  clock uncertainty                                       0.05       0.05
  U_MEM_WB_Reg/pc_plus_1_out_reg[3]/CK (DFFRQX2M)         0.00       0.05 r
  library hold time                                      -0.01       0.04
  data required time                                                 0.04
  --------------------------------------------------------------------------
  data required time                                                 0.04
  data arrival time                                                 -0.47
  --------------------------------------------------------------------------
  slack (MET)                                                        0.43


  Startpoint: U_EX_MEM_Reg/pc_plus_1_out_reg[2]
              (rising edge-triggered flip-flop clocked by clk)
  Endpoint: U_MEM_WB_Reg/pc_plus_1_out_reg[2]
            (rising edge-triggered flip-flop clocked by clk)
  Path Group: clk
  Path Type: min

  Point                                                   Incr       Path
  --------------------------------------------------------------------------
  clock clk (rise edge)                                   0.00       0.00
  clock network delay (ideal)                             0.00       0.00
  U_EX_MEM_Reg/pc_plus_1_out_reg[2]/CK (DFFRQX2M)         0.00 #     0.00 r
  U_EX_MEM_Reg/pc_plus_1_out_reg[2]/Q (DFFRQX2M)          0.47       0.47 f
  U_EX_MEM_Reg/pc_plus_1_out[2] (EX_M_register)           0.00       0.47 f
  U_MEM_WB_Reg/pc_plus_1_in[2] (MEM_WB_Register)          0.00       0.47 f
  U_MEM_WB_Reg/pc_plus_1_out_reg[2]/D (DFFRQX2M)          0.00       0.47 f
  data arrival time                                                  0.47

  clock clk (rise edge)                                   0.00       0.00
  clock network delay (ideal)                             0.00       0.00
  clock uncertainty                                       0.05       0.05
  U_MEM_WB_Reg/pc_plus_1_out_reg[2]/CK (DFFRQX2M)         0.00       0.05 r
  library hold time                                      -0.01       0.04
  data required time                                                 0.04
  --------------------------------------------------------------------------
  data required time                                                 0.04
  data arrival time                                                 -0.47
  --------------------------------------------------------------------------
  slack (MET)                                                        0.43


  Startpoint: U_EX_MEM_Reg/pc_plus_1_out_reg[1]
              (rising edge-triggered flip-flop clocked by clk)
  Endpoint: U_MEM_WB_Reg/pc_plus_1_out_reg[1]
            (rising edge-triggered flip-flop clocked by clk)
  Path Group: clk
  Path Type: min

  Point                                                   Incr       Path
  --------------------------------------------------------------------------
  clock clk (rise edge)                                   0.00       0.00
  clock network delay (ideal)                             0.00       0.00
  U_EX_MEM_Reg/pc_plus_1_out_reg[1]/CK (DFFRQX2M)         0.00 #     0.00 r
  U_EX_MEM_Reg/pc_plus_1_out_reg[1]/Q (DFFRQX2M)          0.47       0.47 f
  U_EX_MEM_Reg/pc_plus_1_out[1] (EX_M_register)           0.00       0.47 f
  U_MEM_WB_Reg/pc_plus_1_in[1] (MEM_WB_Register)          0.00       0.47 f
  U_MEM_WB_Reg/pc_plus_1_out_reg[1]/D (DFFRQX2M)          0.00       0.47 f
  data arrival time                                                  0.47

  clock clk (rise edge)                                   0.00       0.00
  clock network delay (ideal)                             0.00       0.00
  clock uncertainty                                       0.05       0.05
  U_MEM_WB_Reg/pc_plus_1_out_reg[1]/CK (DFFRQX2M)         0.00       0.05 r
  library hold time                                      -0.01       0.04
  data required time                                                 0.04
  --------------------------------------------------------------------------
  data required time                                                 0.04
  data arrival time                                                 -0.47
  --------------------------------------------------------------------------
  slack (MET)                                                        0.43


  Startpoint: U_EX_MEM_Reg/pc_plus_1_out_reg[0]
              (rising edge-triggered flip-flop clocked by clk)
  Endpoint: U_MEM_WB_Reg/pc_plus_1_out_reg[0]
            (rising edge-triggered flip-flop clocked by clk)
  Path Group: clk
  Path Type: min

  Point                                                   Incr       Path
  --------------------------------------------------------------------------
  clock clk (rise edge)                                   0.00       0.00
  clock network delay (ideal)                             0.00       0.00
  U_EX_MEM_Reg/pc_plus_1_out_reg[0]/CK (DFFRQX2M)         0.00 #     0.00 r
  U_EX_MEM_Reg/pc_plus_1_out_reg[0]/Q (DFFRQX2M)          0.47       0.47 f
  U_EX_MEM_Reg/pc_plus_1_out[0] (EX_M_register)           0.00       0.47 f
  U_MEM_WB_Reg/pc_plus_1_in[0] (MEM_WB_Register)          0.00       0.47 f
  U_MEM_WB_Reg/pc_plus_1_out_reg[0]/D (DFFRQX2M)          0.00       0.47 f
  data arrival time                                                  0.47

  clock clk (rise edge)                                   0.00       0.00
  clock network delay (ideal)                             0.00       0.00
  clock uncertainty                                       0.05       0.05
  U_MEM_WB_Reg/pc_plus_1_out_reg[0]/CK (DFFRQX2M)         0.00       0.05 r
  library hold time                                      -0.01       0.04
  data required time                                                 0.04
  --------------------------------------------------------------------------
  data required time                                                 0.04
  data arrival time                                                 -0.47
  --------------------------------------------------------------------------
  slack (MET)                                                        0.43


  Startpoint: U_EX_MEM_Reg/ccr_flags_out_reg[3]
              (rising edge-triggered flip-flop clocked by clk)
  Endpoint: U_MEM_WB_Reg/ccr_flags_out_reg[3]
            (rising edge-triggered flip-flop clocked by clk)
  Path Group: clk
  Path Type: min

  Point                                                   Incr       Path
  --------------------------------------------------------------------------
  clock clk (rise edge)                                   0.00       0.00
  clock network delay (ideal)                             0.00       0.00
  U_EX_MEM_Reg/ccr_flags_out_reg[3]/CK (DFFRQX2M)         0.00 #     0.00 r
  U_EX_MEM_Reg/ccr_flags_out_reg[3]/Q (DFFRQX2M)          0.47       0.47 f
  U_EX_MEM_Reg/ccr_flags_out[3] (EX_M_register)           0.00       0.47 f
  U_MEM_WB_Reg/ccr_flags_in[3] (MEM_WB_Register)          0.00       0.47 f
  U_MEM_WB_Reg/ccr_flags_out_reg[3]/D (DFFRQX2M)          0.00       0.47 f
  data arrival time                                                  0.47

  clock clk (rise edge)                                   0.00       0.00
  clock network delay (ideal)                             0.00       0.00
  clock uncertainty                                       0.05       0.05
  U_MEM_WB_Reg/ccr_flags_out_reg[3]/CK (DFFRQX2M)         0.00       0.05 r
  library hold time                                      -0.01       0.04
  data required time                                                 0.04
  --------------------------------------------------------------------------
  data required time                                                 0.04
  data arrival time                                                 -0.47
  --------------------------------------------------------------------------
  slack (MET)                                                        0.43


  Startpoint: U_EX_MEM_Reg/ccr_flags_out_reg[2]
              (rising edge-triggered flip-flop clocked by clk)
  Endpoint: U_MEM_WB_Reg/ccr_flags_out_reg[2]
            (rising edge-triggered flip-flop clocked by clk)
  Path Group: clk
  Path Type: min

  Point                                                   Incr       Path
  --------------------------------------------------------------------------
  clock clk (rise edge)                                   0.00       0.00
  clock network delay (ideal)                             0.00       0.00
  U_EX_MEM_Reg/ccr_flags_out_reg[2]/CK (DFFRQX2M)         0.00 #     0.00 r
  U_EX_MEM_Reg/ccr_flags_out_reg[2]/Q (DFFRQX2M)          0.47       0.47 f
  U_EX_MEM_Reg/ccr_flags_out[2] (EX_M_register)           0.00       0.47 f
  U_MEM_WB_Reg/ccr_flags_in[2] (MEM_WB_Register)          0.00       0.47 f
  U_MEM_WB_Reg/ccr_flags_out_reg[2]/D (DFFRQX2M)          0.00       0.47 f
  data arrival time                                                  0.47

  clock clk (rise edge)                                   0.00       0.00
  clock network delay (ideal)                             0.00       0.00
  clock uncertainty                                       0.05       0.05
  U_MEM_WB_Reg/ccr_flags_out_reg[2]/CK (DFFRQX2M)         0.00       0.05 r
  library hold time                                      -0.01       0.04
  data required time                                                 0.04
  --------------------------------------------------------------------------
  data required time                                                 0.04
  data arrival time                                                 -0.47
  --------------------------------------------------------------------------
  slack (MET)                                                        0.43


  Startpoint: U_EX_MEM_Reg/ccr_flags_out_reg[1]
              (rising edge-triggered flip-flop clocked by clk)
  Endpoint: U_MEM_WB_Reg/ccr_flags_out_reg[1]
            (rising edge-triggered flip-flop clocked by clk)
  Path Group: clk
  Path Type: min

  Point                                                   Incr       Path
  --------------------------------------------------------------------------
  clock clk (rise edge)                                   0.00       0.00
  clock network delay (ideal)                             0.00       0.00
  U_EX_MEM_Reg/ccr_flags_out_reg[1]/CK (DFFRQX2M)         0.00 #     0.00 r
  U_EX_MEM_Reg/ccr_flags_out_reg[1]/Q (DFFRQX2M)          0.47       0.47 f
  U_EX_MEM_Reg/ccr_flags_out[1] (EX_M_register)           0.00       0.47 f
  U_MEM_WB_Reg/ccr_flags_in[1] (MEM_WB_Register)          0.00       0.47 f
  U_MEM_WB_Reg/ccr_flags_out_reg[1]/D (DFFRQX2M)          0.00       0.47 f
  data arrival time                                                  0.47

  clock clk (rise edge)                                   0.00       0.00
  clock network delay (ideal)                             0.00       0.00
  clock uncertainty                                       0.05       0.05
  U_MEM_WB_Reg/ccr_flags_out_reg[1]/CK (DFFRQX2M)         0.00       0.05 r
  library hold time                                      -0.01       0.04
  data required time                                                 0.04
  --------------------------------------------------------------------------
  data required time                                                 0.04
  data arrival time                                                 -0.47
  --------------------------------------------------------------------------
  slack (MET)                                                        0.43


  Startpoint: U_EX_MEM_Reg/ccr_flags_out_reg[0]
              (rising edge-triggered flip-flop clocked by clk)
  Endpoint: U_MEM_WB_Reg/ccr_flags_out_reg[0]
            (rising edge-triggered flip-flop clocked by clk)
  Path Group: clk
  Path Type: min

  Point                                                   Incr       Path
  --------------------------------------------------------------------------
  clock clk (rise edge)                                   0.00       0.00
  clock network delay (ideal)                             0.00       0.00
  U_EX_MEM_Reg/ccr_flags_out_reg[0]/CK (DFFRQX2M)         0.00 #     0.00 r
  U_EX_MEM_Reg/ccr_flags_out_reg[0]/Q (DFFRQX2M)          0.47       0.47 f
  U_EX_MEM_Reg/ccr_flags_out[0] (EX_M_register)           0.00       0.47 f
  U_MEM_WB_Reg/ccr_flags_in[0] (MEM_WB_Register)          0.00       0.47 f
  U_MEM_WB_Reg/ccr_flags_out_reg[0]/D (DFFRQX2M)          0.00       0.47 f
  data arrival time                                                  0.47

  clock clk (rise edge)                                   0.00       0.00
  clock network delay (ideal)                             0.00       0.00
  clock uncertainty                                       0.05       0.05
  U_MEM_WB_Reg/ccr_flags_out_reg[0]/CK (DFFRQX2M)         0.00       0.05 r
  library hold time                                      -0.01       0.04
  data required time                                                 0.04
  --------------------------------------------------------------------------
  data required time                                                 0.04
  data arrival time                                                 -0.47
  --------------------------------------------------------------------------
  slack (MET)                                                        0.43


  Startpoint: U_ID_EX_Reg/pc_out_reg[7]
              (rising edge-triggered flip-flop clocked by clk)
  Endpoint: U_EX_MEM_Reg/current_pc_out_reg[7]
            (rising edge-triggered flip-flop clocked by clk)
  Path Group: clk
  Path Type: min

  Point                                                   Incr       Path
  --------------------------------------------------------------------------
  clock clk (rise edge)                                   0.00       0.00
  clock network delay (ideal)                             0.00       0.00
  U_ID_EX_Reg/pc_out_reg[7]/CK (DFFRQX2M)                 0.00 #     0.00 r
  U_ID_EX_Reg/pc_out_reg[7]/Q (DFFRQX2M)                  0.48       0.48 f
  U_ID_EX_Reg/pc_out[7] (ID_EX_register)                  0.00       0.48 f
  U_EX_MEM_Reg/current_pc_in[7] (EX_M_register)           0.00       0.48 f
  U_EX_MEM_Reg/current_pc_out_reg[7]/D (DFFRQX2M)         0.00       0.48 f
  data arrival time                                                  0.48

  clock clk (rise edge)                                   0.00       0.00
  clock network delay (ideal)                             0.00       0.00
  clock uncertainty                                       0.05       0.05
  U_EX_MEM_Reg/current_pc_out_reg[7]/CK (DFFRQX2M)        0.00       0.05 r
  library hold time                                      -0.01       0.04
  data required time                                                 0.04
  --------------------------------------------------------------------------
  data required time                                                 0.04
  data arrival time                                                 -0.48
  --------------------------------------------------------------------------
  slack (MET)                                                        0.44


  Startpoint: U_ID_EX_Reg/pc_out_reg[6]
              (rising edge-triggered flip-flop clocked by clk)
  Endpoint: U_EX_MEM_Reg/current_pc_out_reg[6]
            (rising edge-triggered flip-flop clocked by clk)
  Path Group: clk
  Path Type: min

  Point                                                   Incr       Path
  --------------------------------------------------------------------------
  clock clk (rise edge)                                   0.00       0.00
  clock network delay (ideal)                             0.00       0.00
  U_ID_EX_Reg/pc_out_reg[6]/CK (DFFRQX2M)                 0.00 #     0.00 r
  U_ID_EX_Reg/pc_out_reg[6]/Q (DFFRQX2M)                  0.48       0.48 f
  U_ID_EX_Reg/pc_out[6] (ID_EX_register)                  0.00       0.48 f
  U_EX_MEM_Reg/current_pc_in[6] (EX_M_register)           0.00       0.48 f
  U_EX_MEM_Reg/current_pc_out_reg[6]/D (DFFRQX2M)         0.00       0.48 f
  data arrival time                                                  0.48

  clock clk (rise edge)                                   0.00       0.00
  clock network delay (ideal)                             0.00       0.00
  clock uncertainty                                       0.05       0.05
  U_EX_MEM_Reg/current_pc_out_reg[6]/CK (DFFRQX2M)        0.00       0.05 r
  library hold time                                      -0.01       0.04
  data required time                                                 0.04
  --------------------------------------------------------------------------
  data required time                                                 0.04
  data arrival time                                                 -0.48
  --------------------------------------------------------------------------
  slack (MET)                                                        0.44


  Startpoint: U_ID_EX_Reg/pc_out_reg[5]
              (rising edge-triggered flip-flop clocked by clk)
  Endpoint: U_EX_MEM_Reg/current_pc_out_reg[5]
            (rising edge-triggered flip-flop clocked by clk)
  Path Group: clk
  Path Type: min

  Point                                                   Incr       Path
  --------------------------------------------------------------------------
  clock clk (rise edge)                                   0.00       0.00
  clock network delay (ideal)                             0.00       0.00
  U_ID_EX_Reg/pc_out_reg[5]/CK (DFFRQX2M)                 0.00 #     0.00 r
  U_ID_EX_Reg/pc_out_reg[5]/Q (DFFRQX2M)                  0.48       0.48 f
  U_ID_EX_Reg/pc_out[5] (ID_EX_register)                  0.00       0.48 f
  U_EX_MEM_Reg/current_pc_in[5] (EX_M_register)           0.00       0.48 f
  U_EX_MEM_Reg/current_pc_out_reg[5]/D (DFFRQX2M)         0.00       0.48 f
  data arrival time                                                  0.48

  clock clk (rise edge)                                   0.00       0.00
  clock network delay (ideal)                             0.00       0.00
  clock uncertainty                                       0.05       0.05
  U_EX_MEM_Reg/current_pc_out_reg[5]/CK (DFFRQX2M)        0.00       0.05 r
  library hold time                                      -0.01       0.04
  data required time                                                 0.04
  --------------------------------------------------------------------------
  data required time                                                 0.04
  data arrival time                                                 -0.48
  --------------------------------------------------------------------------
  slack (MET)                                                        0.44


  Startpoint: U_ID_EX_Reg/pc_out_reg[4]
              (rising edge-triggered flip-flop clocked by clk)
  Endpoint: U_EX_MEM_Reg/current_pc_out_reg[4]
            (rising edge-triggered flip-flop clocked by clk)
  Path Group: clk
  Path Type: min

  Point                                                   Incr       Path
  --------------------------------------------------------------------------
  clock clk (rise edge)                                   0.00       0.00
  clock network delay (ideal)                             0.00       0.00
  U_ID_EX_Reg/pc_out_reg[4]/CK (DFFRQX2M)                 0.00 #     0.00 r
  U_ID_EX_Reg/pc_out_reg[4]/Q (DFFRQX2M)                  0.48       0.48 f
  U_ID_EX_Reg/pc_out[4] (ID_EX_register)                  0.00       0.48 f
  U_EX_MEM_Reg/current_pc_in[4] (EX_M_register)           0.00       0.48 f
  U_EX_MEM_Reg/current_pc_out_reg[4]/D (DFFRQX2M)         0.00       0.48 f
  data arrival time                                                  0.48

  clock clk (rise edge)                                   0.00       0.00
  clock network delay (ideal)                             0.00       0.00
  clock uncertainty                                       0.05       0.05
  U_EX_MEM_Reg/current_pc_out_reg[4]/CK (DFFRQX2M)        0.00       0.05 r
  library hold time                                      -0.01       0.04
  data required time                                                 0.04
  --------------------------------------------------------------------------
  data required time                                                 0.04
  data arrival time                                                 -0.48
  --------------------------------------------------------------------------
  slack (MET)                                                        0.44


  Startpoint: U_ID_EX_Reg/pc_out_reg[3]
              (rising edge-triggered flip-flop clocked by clk)
  Endpoint: U_EX_MEM_Reg/current_pc_out_reg[3]
            (rising edge-triggered flip-flop clocked by clk)
  Path Group: clk
  Path Type: min

  Point                                                   Incr       Path
  --------------------------------------------------------------------------
  clock clk (rise edge)                                   0.00       0.00
  clock network delay (ideal)                             0.00       0.00
  U_ID_EX_Reg/pc_out_reg[3]/CK (DFFRQX2M)                 0.00 #     0.00 r
  U_ID_EX_Reg/pc_out_reg[3]/Q (DFFRQX2M)                  0.48       0.48 f
  U_ID_EX_Reg/pc_out[3] (ID_EX_register)                  0.00       0.48 f
  U_EX_MEM_Reg/current_pc_in[3] (EX_M_register)           0.00       0.48 f
  U_EX_MEM_Reg/current_pc_out_reg[3]/D (DFFRQX2M)         0.00       0.48 f
  data arrival time                                                  0.48

  clock clk (rise edge)                                   0.00       0.00
  clock network delay (ideal)                             0.00       0.00
  clock uncertainty                                       0.05       0.05
  U_EX_MEM_Reg/current_pc_out_reg[3]/CK (DFFRQX2M)        0.00       0.05 r
  library hold time                                      -0.01       0.04
  data required time                                                 0.04
  --------------------------------------------------------------------------
  data required time                                                 0.04
  data arrival time                                                 -0.48
  --------------------------------------------------------------------------
  slack (MET)                                                        0.44


  Startpoint: U_ID_EX_Reg/pc_out_reg[2]
              (rising edge-triggered flip-flop clocked by clk)
  Endpoint: U_EX_MEM_Reg/current_pc_out_reg[2]
            (rising edge-triggered flip-flop clocked by clk)
  Path Group: clk
  Path Type: min

  Point                                                   Incr       Path
  --------------------------------------------------------------------------
  clock clk (rise edge)                                   0.00       0.00
  clock network delay (ideal)                             0.00       0.00
  U_ID_EX_Reg/pc_out_reg[2]/CK (DFFRQX2M)                 0.00 #     0.00 r
  U_ID_EX_Reg/pc_out_reg[2]/Q (DFFRQX2M)                  0.48       0.48 f
  U_ID_EX_Reg/pc_out[2] (ID_EX_register)                  0.00       0.48 f
  U_EX_MEM_Reg/current_pc_in[2] (EX_M_register)           0.00       0.48 f
  U_EX_MEM_Reg/current_pc_out_reg[2]/D (DFFRQX2M)         0.00       0.48 f
  data arrival time                                                  0.48

  clock clk (rise edge)                                   0.00       0.00
  clock network delay (ideal)                             0.00       0.00
  clock uncertainty                                       0.05       0.05
  U_EX_MEM_Reg/current_pc_out_reg[2]/CK (DFFRQX2M)        0.00       0.05 r
  library hold time                                      -0.01       0.04
  data required time                                                 0.04
  --------------------------------------------------------------------------
  data required time                                                 0.04
  data arrival time                                                 -0.48
  --------------------------------------------------------------------------
  slack (MET)                                                        0.44


  Startpoint: U_ID_EX_Reg/pc_out_reg[1]
              (rising edge-triggered flip-flop clocked by clk)
  Endpoint: U_EX_MEM_Reg/current_pc_out_reg[1]
            (rising edge-triggered flip-flop clocked by clk)
  Path Group: clk
  Path Type: min

  Point                                                   Incr       Path
  --------------------------------------------------------------------------
  clock clk (rise edge)                                   0.00       0.00
  clock network delay (ideal)                             0.00       0.00
  U_ID_EX_Reg/pc_out_reg[1]/CK (DFFRQX2M)                 0.00 #     0.00 r
  U_ID_EX_Reg/pc_out_reg[1]/Q (DFFRQX2M)                  0.48       0.48 f
  U_ID_EX_Reg/pc_out[1] (ID_EX_register)                  0.00       0.48 f
  U_EX_MEM_Reg/current_pc_in[1] (EX_M_register)           0.00       0.48 f
  U_EX_MEM_Reg/current_pc_out_reg[1]/D (DFFRQX2M)         0.00       0.48 f
  data arrival time                                                  0.48

  clock clk (rise edge)                                   0.00       0.00
  clock network delay (ideal)                             0.00       0.00
  clock uncertainty                                       0.05       0.05
  U_EX_MEM_Reg/current_pc_out_reg[1]/CK (DFFRQX2M)        0.00       0.05 r
  library hold time                                      -0.01       0.04
  data required time                                                 0.04
  --------------------------------------------------------------------------
  data required time                                                 0.04
  data arrival time                                                 -0.48
  --------------------------------------------------------------------------
  slack (MET)                                                        0.44


  Startpoint: U_ID_EX_Reg/pc_out_reg[0]
              (rising edge-triggered flip-flop clocked by clk)
  Endpoint: U_EX_MEM_Reg/current_pc_out_reg[0]
            (rising edge-triggered flip-flop clocked by clk)
  Path Group: clk
  Path Type: min

  Point                                                   Incr       Path
  --------------------------------------------------------------------------
  clock clk (rise edge)                                   0.00       0.00
  clock network delay (ideal)                             0.00       0.00
  U_ID_EX_Reg/pc_out_reg[0]/CK (DFFRQX2M)                 0.00 #     0.00 r
  U_ID_EX_Reg/pc_out_reg[0]/Q (DFFRQX2M)                  0.48       0.48 f
  U_ID_EX_Reg/pc_out[0] (ID_EX_register)                  0.00       0.48 f
  U_EX_MEM_Reg/current_pc_in[0] (EX_M_register)           0.00       0.48 f
  U_EX_MEM_Reg/current_pc_out_reg[0]/D (DFFRQX2M)         0.00       0.48 f
  data arrival time                                                  0.48

  clock clk (rise edge)                                   0.00       0.00
  clock network delay (ideal)                             0.00       0.00
  clock uncertainty                                       0.05       0.05
  U_EX_MEM_Reg/current_pc_out_reg[0]/CK (DFFRQX2M)        0.00       0.05 r
  library hold time                                      -0.01       0.04
  data required time                                                 0.04
  --------------------------------------------------------------------------
  data required time                                                 0.04
  data arrival time                                                 -0.48
  --------------------------------------------------------------------------
  slack (MET)                                                        0.44


  Startpoint: U_ID_EX_Reg/mem_write_en_out_reg
              (rising edge-triggered flip-flop clocked by clk)
  Endpoint: U_EX_MEM_Reg/mem_write_en_out_reg
            (rising edge-triggered flip-flop clocked by clk)
  Path Group: clk
  Path Type: min

  Point                                                   Incr       Path
  --------------------------------------------------------------------------
  clock clk (rise edge)                                   0.00       0.00
  clock network delay (ideal)                             0.00       0.00
  U_ID_EX_Reg/mem_write_en_out_reg/CK (DFFRQX2M)          0.00 #     0.00 r
  U_ID_EX_Reg/mem_write_en_out_reg/Q (DFFRQX2M)           0.48       0.48 f
  U_ID_EX_Reg/mem_write_en_out (ID_EX_register)           0.00       0.48 f
  U_EX_MEM_Reg/mem_write_en_in (EX_M_register)            0.00       0.48 f
  U_EX_MEM_Reg/mem_write_en_out_reg/D (DFFRQX2M)          0.00       0.48 f
  data arrival time                                                  0.48

  clock clk (rise edge)                                   0.00       0.00
  clock network delay (ideal)                             0.00       0.00
  clock uncertainty                                       0.05       0.05
  U_EX_MEM_Reg/mem_write_en_out_reg/CK (DFFRQX2M)         0.00       0.05 r
  library hold time                                      -0.01       0.04
  data required time                                                 0.04
  --------------------------------------------------------------------------
  data required time                                                 0.04
  data arrival time                                                 -0.48
  --------------------------------------------------------------------------
  slack (MET)                                                        0.44


  Startpoint: U_ID_EX_Reg/mem_W_data_sel_out_reg[0]
              (rising edge-triggered flip-flop clocked by clk)
  Endpoint: U_EX_MEM_Reg/mem_W_data_sel_out_reg[0]
            (rising edge-triggered flip-flop clocked by clk)
  Path Group: clk
  Path Type: min

  Point                                                   Incr       Path
  --------------------------------------------------------------------------
  clock clk (rise edge)                                   0.00       0.00
  clock network delay (ideal)                             0.00       0.00
  U_ID_EX_Reg/mem_W_data_sel_out_reg[0]/CK (DFFRQX2M)     0.00 #     0.00 r
  U_ID_EX_Reg/mem_W_data_sel_out_reg[0]/Q (DFFRQX2M)      0.48       0.48 f
  U_ID_EX_Reg/mem_W_data_sel_out[0] (ID_EX_register)      0.00       0.48 f
  U_EX_MEM_Reg/mem_W_data_sel_in[0] (EX_M_register)       0.00       0.48 f
  U_EX_MEM_Reg/mem_W_data_sel_out_reg[0]/D (DFFRQX2M)     0.00       0.48 f
  data arrival time                                                  0.48

  clock clk (rise edge)                                   0.00       0.00
  clock network delay (ideal)                             0.00       0.00
  clock uncertainty                                       0.05       0.05
  U_EX_MEM_Reg/mem_W_data_sel_out_reg[0]/CK (DFFRQX2M)
                                                          0.00       0.05 r
  library hold time                                      -0.01       0.04
  data required time                                                 0.04
  --------------------------------------------------------------------------
  data required time                                                 0.04
  data arrival time                                                 -0.48
  --------------------------------------------------------------------------
  slack (MET)                                                        0.44


  Startpoint: U_ID_EX_Reg/mem_W_data_sel_out_reg[1]
              (rising edge-triggered flip-flop clocked by clk)
  Endpoint: U_EX_MEM_Reg/mem_W_data_sel_out_reg[1]
            (rising edge-triggered flip-flop clocked by clk)
  Path Group: clk
  Path Type: min

  Point                                                   Incr       Path
  --------------------------------------------------------------------------
  clock clk (rise edge)                                   0.00       0.00
  clock network delay (ideal)                             0.00       0.00
  U_ID_EX_Reg/mem_W_data_sel_out_reg[1]/CK (DFFRQX2M)     0.00 #     0.00 r
  U_ID_EX_Reg/mem_W_data_sel_out_reg[1]/Q (DFFRQX2M)      0.48       0.48 f
  U_ID_EX_Reg/mem_W_data_sel_out[1] (ID_EX_register)      0.00       0.48 f
  U_EX_MEM_Reg/mem_W_data_sel_in[1] (EX_M_register)       0.00       0.48 f
  U_EX_MEM_Reg/mem_W_data_sel_out_reg[1]/D (DFFRQX2M)     0.00       0.48 f
  data arrival time                                                  0.48

  clock clk (rise edge)                                   0.00       0.00
  clock network delay (ideal)                             0.00       0.00
  clock uncertainty                                       0.05       0.05
  U_EX_MEM_Reg/mem_W_data_sel_out_reg[1]/CK (DFFRQX2M)
                                                          0.00       0.05 r
  library hold time                                      -0.01       0.04
  data required time                                                 0.04
  --------------------------------------------------------------------------
  data required time                                                 0.04
  data arrival time                                                 -0.48
  --------------------------------------------------------------------------
  slack (MET)                                                        0.44


  Startpoint: U_ID_EX_Reg/IR_out_reg[7]
              (rising edge-triggered flip-flop clocked by clk)
  Endpoint: U_EX_MEM_Reg/instruction_out_reg[7]
            (rising edge-triggered flip-flop clocked by clk)
  Path Group: clk
  Path Type: min

  Point                                                   Incr       Path
  --------------------------------------------------------------------------
  clock clk (rise edge)                                   0.00       0.00
  clock network delay (ideal)                             0.00       0.00
  U_ID_EX_Reg/IR_out_reg[7]/CK (DFFRQX2M)                 0.00 #     0.00 r
  U_ID_EX_Reg/IR_out_reg[7]/Q (DFFRQX2M)                  0.48       0.48 f
  U_ID_EX_Reg/IR_out[7] (ID_EX_register)                  0.00       0.48 f
  U_EX_MEM_Reg/instruction_in[7] (EX_M_register)          0.00       0.48 f
  U_EX_MEM_Reg/instruction_out_reg[7]/D (DFFRQX2M)        0.00       0.48 f
  data arrival time                                                  0.48

  clock clk (rise edge)                                   0.00       0.00
  clock network delay (ideal)                             0.00       0.00
  clock uncertainty                                       0.05       0.05
  U_EX_MEM_Reg/instruction_out_reg[7]/CK (DFFRQX2M)       0.00       0.05 r
  library hold time                                      -0.01       0.04
  data required time                                                 0.04
  --------------------------------------------------------------------------
  data required time                                                 0.04
  data arrival time                                                 -0.48
  --------------------------------------------------------------------------
  slack (MET)                                                        0.44


  Startpoint: U_ID_EX_Reg/IR_out_reg[6]
              (rising edge-triggered flip-flop clocked by clk)
  Endpoint: U_EX_MEM_Reg/instruction_out_reg[6]
            (rising edge-triggered flip-flop clocked by clk)
  Path Group: clk
  Path Type: min

  Point                                                   Incr       Path
  --------------------------------------------------------------------------
  clock clk (rise edge)                                   0.00       0.00
  clock network delay (ideal)                             0.00       0.00
  U_ID_EX_Reg/IR_out_reg[6]/CK (DFFRQX2M)                 0.00 #     0.00 r
  U_ID_EX_Reg/IR_out_reg[6]/Q (DFFRQX2M)                  0.48       0.48 f
  U_ID_EX_Reg/IR_out[6] (ID_EX_register)                  0.00       0.48 f
  U_EX_MEM_Reg/instruction_in[6] (EX_M_register)          0.00       0.48 f
  U_EX_MEM_Reg/instruction_out_reg[6]/D (DFFRQX2M)        0.00       0.48 f
  data arrival time                                                  0.48

  clock clk (rise edge)                                   0.00       0.00
  clock network delay (ideal)                             0.00       0.00
  clock uncertainty                                       0.05       0.05
  U_EX_MEM_Reg/instruction_out_reg[6]/CK (DFFRQX2M)       0.00       0.05 r
  library hold time                                      -0.01       0.04
  data required time                                                 0.04
  --------------------------------------------------------------------------
  data required time                                                 0.04
  data arrival time                                                 -0.48
  --------------------------------------------------------------------------
  slack (MET)                                                        0.44


  Startpoint: U_ID_EX_Reg/IR_out_reg[5]
              (rising edge-triggered flip-flop clocked by clk)
  Endpoint: U_EX_MEM_Reg/instruction_out_reg[5]
            (rising edge-triggered flip-flop clocked by clk)
  Path Group: clk
  Path Type: min

  Point                                                   Incr       Path
  --------------------------------------------------------------------------
  clock clk (rise edge)                                   0.00       0.00
  clock network delay (ideal)                             0.00       0.00
  U_ID_EX_Reg/IR_out_reg[5]/CK (DFFRQX2M)                 0.00 #     0.00 r
  U_ID_EX_Reg/IR_out_reg[5]/Q (DFFRQX2M)                  0.48       0.48 f
  U_ID_EX_Reg/IR_out[5] (ID_EX_register)                  0.00       0.48 f
  U_EX_MEM_Reg/instruction_in[5] (EX_M_register)          0.00       0.48 f
  U_EX_MEM_Reg/instruction_out_reg[5]/D (DFFRQX2M)        0.00       0.48 f
  data arrival time                                                  0.48

  clock clk (rise edge)                                   0.00       0.00
  clock network delay (ideal)                             0.00       0.00
  clock uncertainty                                       0.05       0.05
  U_EX_MEM_Reg/instruction_out_reg[5]/CK (DFFRQX2M)       0.00       0.05 r
  library hold time                                      -0.01       0.04
  data required time                                                 0.04
  --------------------------------------------------------------------------
  data required time                                                 0.04
  data arrival time                                                 -0.48
  --------------------------------------------------------------------------
  slack (MET)                                                        0.44


  Startpoint: U_ID_EX_Reg/IR_out_reg[4]
              (rising edge-triggered flip-flop clocked by clk)
  Endpoint: U_EX_MEM_Reg/instruction_out_reg[4]
            (rising edge-triggered flip-flop clocked by clk)
  Path Group: clk
  Path Type: min

  Point                                                   Incr       Path
  --------------------------------------------------------------------------
  clock clk (rise edge)                                   0.00       0.00
  clock network delay (ideal)                             0.00       0.00
  U_ID_EX_Reg/IR_out_reg[4]/CK (DFFRQX2M)                 0.00 #     0.00 r
  U_ID_EX_Reg/IR_out_reg[4]/Q (DFFRQX2M)                  0.48       0.48 f
  U_ID_EX_Reg/IR_out[4] (ID_EX_register)                  0.00       0.48 f
  U_EX_MEM_Reg/instruction_in[4] (EX_M_register)          0.00       0.48 f
  U_EX_MEM_Reg/instruction_out_reg[4]/D (DFFRQX2M)        0.00       0.48 f
  data arrival time                                                  0.48

  clock clk (rise edge)                                   0.00       0.00
  clock network delay (ideal)                             0.00       0.00
  clock uncertainty                                       0.05       0.05
  U_EX_MEM_Reg/instruction_out_reg[4]/CK (DFFRQX2M)       0.00       0.05 r
  library hold time                                      -0.01       0.04
  data required time                                                 0.04
  --------------------------------------------------------------------------
  data required time                                                 0.04
  data arrival time                                                 -0.48
  --------------------------------------------------------------------------
  slack (MET)                                                        0.44


  Startpoint: U_ID_EX_Reg/sp_out_reg[7]
              (rising edge-triggered flip-flop clocked by clk)
  Endpoint: U_EX_MEM_Reg/sp_out_reg[7]
            (rising edge-triggered flip-flop clocked by clk)
  Path Group: clk
  Path Type: min

  Point                                                   Incr       Path
  --------------------------------------------------------------------------
  clock clk (rise edge)                                   0.00       0.00
  clock network delay (ideal)                             0.00       0.00
  U_ID_EX_Reg/sp_out_reg[7]/CK (DFFRQX2M)                 0.00 #     0.00 r
  U_ID_EX_Reg/sp_out_reg[7]/Q (DFFRQX2M)                  0.48       0.48 f
  U_ID_EX_Reg/sp_out[7] (ID_EX_register)                  0.00       0.48 f
  U_EX_MEM_Reg/sp_in[7] (EX_M_register)                   0.00       0.48 f
  U_EX_MEM_Reg/sp_out_reg[7]/D (DFFRQX2M)                 0.00       0.48 f
  data arrival time                                                  0.48

  clock clk (rise edge)                                   0.00       0.00
  clock network delay (ideal)                             0.00       0.00
  clock uncertainty                                       0.05       0.05
  U_EX_MEM_Reg/sp_out_reg[7]/CK (DFFRQX2M)                0.00       0.05 r
  library hold time                                      -0.01       0.04
  data required time                                                 0.04
  --------------------------------------------------------------------------
  data required time                                                 0.04
  data arrival time                                                 -0.48
  --------------------------------------------------------------------------
  slack (MET)                                                        0.44


  Startpoint: U_ID_EX_Reg/sp_out_reg[6]
              (rising edge-triggered flip-flop clocked by clk)
  Endpoint: U_EX_MEM_Reg/sp_out_reg[6]
            (rising edge-triggered flip-flop clocked by clk)
  Path Group: clk
  Path Type: min

  Point                                                   Incr       Path
  --------------------------------------------------------------------------
  clock clk (rise edge)                                   0.00       0.00
  clock network delay (ideal)                             0.00       0.00
  U_ID_EX_Reg/sp_out_reg[6]/CK (DFFRQX2M)                 0.00 #     0.00 r
  U_ID_EX_Reg/sp_out_reg[6]/Q (DFFRQX2M)                  0.48       0.48 f
  U_ID_EX_Reg/sp_out[6] (ID_EX_register)                  0.00       0.48 f
  U_EX_MEM_Reg/sp_in[6] (EX_M_register)                   0.00       0.48 f
  U_EX_MEM_Reg/sp_out_reg[6]/D (DFFRQX2M)                 0.00       0.48 f
  data arrival time                                                  0.48

  clock clk (rise edge)                                   0.00       0.00
  clock network delay (ideal)                             0.00       0.00
  clock uncertainty                                       0.05       0.05
  U_EX_MEM_Reg/sp_out_reg[6]/CK (DFFRQX2M)                0.00       0.05 r
  library hold time                                      -0.01       0.04
  data required time                                                 0.04
  --------------------------------------------------------------------------
  data required time                                                 0.04
  data arrival time                                                 -0.48
  --------------------------------------------------------------------------
  slack (MET)                                                        0.44


  Startpoint: U_ID_EX_Reg/sp_out_reg[5]
              (rising edge-triggered flip-flop clocked by clk)
  Endpoint: U_EX_MEM_Reg/sp_out_reg[5]
            (rising edge-triggered flip-flop clocked by clk)
  Path Group: clk
  Path Type: min

  Point                                                   Incr       Path
  --------------------------------------------------------------------------
  clock clk (rise edge)                                   0.00       0.00
  clock network delay (ideal)                             0.00       0.00
  U_ID_EX_Reg/sp_out_reg[5]/CK (DFFRQX2M)                 0.00 #     0.00 r
  U_ID_EX_Reg/sp_out_reg[5]/Q (DFFRQX2M)                  0.48       0.48 f
  U_ID_EX_Reg/sp_out[5] (ID_EX_register)                  0.00       0.48 f
  U_EX_MEM_Reg/sp_in[5] (EX_M_register)                   0.00       0.48 f
  U_EX_MEM_Reg/sp_out_reg[5]/D (DFFRQX2M)                 0.00       0.48 f
  data arrival time                                                  0.48

  clock clk (rise edge)                                   0.00       0.00
  clock network delay (ideal)                             0.00       0.00
  clock uncertainty                                       0.05       0.05
  U_EX_MEM_Reg/sp_out_reg[5]/CK (DFFRQX2M)                0.00       0.05 r
  library hold time                                      -0.01       0.04
  data required time                                                 0.04
  --------------------------------------------------------------------------
  data required time                                                 0.04
  data arrival time                                                 -0.48
  --------------------------------------------------------------------------
  slack (MET)                                                        0.44


  Startpoint: U_ID_EX_Reg/sp_out_reg[4]
              (rising edge-triggered flip-flop clocked by clk)
  Endpoint: U_EX_MEM_Reg/sp_out_reg[4]
            (rising edge-triggered flip-flop clocked by clk)
  Path Group: clk
  Path Type: min

  Point                                                   Incr       Path
  --------------------------------------------------------------------------
  clock clk (rise edge)                                   0.00       0.00
  clock network delay (ideal)                             0.00       0.00
  U_ID_EX_Reg/sp_out_reg[4]/CK (DFFRQX2M)                 0.00 #     0.00 r
  U_ID_EX_Reg/sp_out_reg[4]/Q (DFFRQX2M)                  0.48       0.48 f
  U_ID_EX_Reg/sp_out[4] (ID_EX_register)                  0.00       0.48 f
  U_EX_MEM_Reg/sp_in[4] (EX_M_register)                   0.00       0.48 f
  U_EX_MEM_Reg/sp_out_reg[4]/D (DFFRQX2M)                 0.00       0.48 f
  data arrival time                                                  0.48

  clock clk (rise edge)                                   0.00       0.00
  clock network delay (ideal)                             0.00       0.00
  clock uncertainty                                       0.05       0.05
  U_EX_MEM_Reg/sp_out_reg[4]/CK (DFFRQX2M)                0.00       0.05 r
  library hold time                                      -0.01       0.04
  data required time                                                 0.04
  --------------------------------------------------------------------------
  data required time                                                 0.04
  data arrival time                                                 -0.48
  --------------------------------------------------------------------------
  slack (MET)                                                        0.44


  Startpoint: U_ID_EX_Reg/sp_out_reg[3]
              (rising edge-triggered flip-flop clocked by clk)
  Endpoint: U_EX_MEM_Reg/sp_out_reg[3]
            (rising edge-triggered flip-flop clocked by clk)
  Path Group: clk
  Path Type: min

  Point                                                   Incr       Path
  --------------------------------------------------------------------------
  clock clk (rise edge)                                   0.00       0.00
  clock network delay (ideal)                             0.00       0.00
  U_ID_EX_Reg/sp_out_reg[3]/CK (DFFRQX2M)                 0.00 #     0.00 r
  U_ID_EX_Reg/sp_out_reg[3]/Q (DFFRQX2M)                  0.48       0.48 f
  U_ID_EX_Reg/sp_out[3] (ID_EX_register)                  0.00       0.48 f
  U_EX_MEM_Reg/sp_in[3] (EX_M_register)                   0.00       0.48 f
  U_EX_MEM_Reg/sp_out_reg[3]/D (DFFRQX2M)                 0.00       0.48 f
  data arrival time                                                  0.48

  clock clk (rise edge)                                   0.00       0.00
  clock network delay (ideal)                             0.00       0.00
  clock uncertainty                                       0.05       0.05
  U_EX_MEM_Reg/sp_out_reg[3]/CK (DFFRQX2M)                0.00       0.05 r
  library hold time                                      -0.01       0.04
  data required time                                                 0.04
  --------------------------------------------------------------------------
  data required time                                                 0.04
  data arrival time                                                 -0.48
  --------------------------------------------------------------------------
  slack (MET)                                                        0.44


  Startpoint: U_ID_EX_Reg/sp_out_reg[2]
              (rising edge-triggered flip-flop clocked by clk)
  Endpoint: U_EX_MEM_Reg/sp_out_reg[2]
            (rising edge-triggered flip-flop clocked by clk)
  Path Group: clk
  Path Type: min

  Point                                                   Incr       Path
  --------------------------------------------------------------------------
  clock clk (rise edge)                                   0.00       0.00
  clock network delay (ideal)                             0.00       0.00
  U_ID_EX_Reg/sp_out_reg[2]/CK (DFFRQX2M)                 0.00 #     0.00 r
  U_ID_EX_Reg/sp_out_reg[2]/Q (DFFRQX2M)                  0.48       0.48 f
  U_ID_EX_Reg/sp_out[2] (ID_EX_register)                  0.00       0.48 f
  U_EX_MEM_Reg/sp_in[2] (EX_M_register)                   0.00       0.48 f
  U_EX_MEM_Reg/sp_out_reg[2]/D (DFFRQX2M)                 0.00       0.48 f
  data arrival time                                                  0.48

  clock clk (rise edge)                                   0.00       0.00
  clock network delay (ideal)                             0.00       0.00
  clock uncertainty                                       0.05       0.05
  U_EX_MEM_Reg/sp_out_reg[2]/CK (DFFRQX2M)                0.00       0.05 r
  library hold time                                      -0.01       0.04
  data required time                                                 0.04
  --------------------------------------------------------------------------
  data required time                                                 0.04
  data arrival time                                                 -0.48
  --------------------------------------------------------------------------
  slack (MET)                                                        0.44


  Startpoint: U_ID_EX_Reg/sp_out_reg[1]
              (rising edge-triggered flip-flop clocked by clk)
  Endpoint: U_EX_MEM_Reg/sp_out_reg[1]
            (rising edge-triggered flip-flop clocked by clk)
  Path Group: clk
  Path Type: min

  Point                                                   Incr       Path
  --------------------------------------------------------------------------
  clock clk (rise edge)                                   0.00       0.00
  clock network delay (ideal)                             0.00       0.00
  U_ID_EX_Reg/sp_out_reg[1]/CK (DFFRQX2M)                 0.00 #     0.00 r
  U_ID_EX_Reg/sp_out_reg[1]/Q (DFFRQX2M)                  0.48       0.48 f
  U_ID_EX_Reg/sp_out[1] (ID_EX_register)                  0.00       0.48 f
  U_EX_MEM_Reg/sp_in[1] (EX_M_register)                   0.00       0.48 f
  U_EX_MEM_Reg/sp_out_reg[1]/D (DFFRQX2M)                 0.00       0.48 f
  data arrival time                                                  0.48

  clock clk (rise edge)                                   0.00       0.00
  clock network delay (ideal)                             0.00       0.00
  clock uncertainty                                       0.05       0.05
  U_EX_MEM_Reg/sp_out_reg[1]/CK (DFFRQX2M)                0.00       0.05 r
  library hold time                                      -0.01       0.04
  data required time                                                 0.04
  --------------------------------------------------------------------------
  data required time                                                 0.04
  data arrival time                                                 -0.48
  --------------------------------------------------------------------------
  slack (MET)                                                        0.44


  Startpoint: U_ID_EX_Reg/mem_W_addr_sel_out_reg[1]
              (rising edge-triggered flip-flop clocked by clk)
  Endpoint: U_EX_MEM_Reg/mem_W_addr_sel_out_reg[1]
            (rising edge-triggered flip-flop clocked by clk)
  Path Group: clk
  Path Type: min

  Point                                                   Incr       Path
  --------------------------------------------------------------------------
  clock clk (rise edge)                                   0.00       0.00
  clock network delay (ideal)                             0.00       0.00
  U_ID_EX_Reg/mem_W_addr_sel_out_reg[1]/CK (DFFRQX2M)     0.00 #     0.00 r
  U_ID_EX_Reg/mem_W_addr_sel_out_reg[1]/Q (DFFRQX2M)      0.48       0.48 f
  U_ID_EX_Reg/mem_W_addr_sel_out[1] (ID_EX_register)      0.00       0.48 f
  U_EX_MEM_Reg/mem_W_addr_sel_in[1] (EX_M_register)       0.00       0.48 f
  U_EX_MEM_Reg/mem_W_addr_sel_out_reg[1]/D (DFFRQX2M)     0.00       0.48 f
  data arrival time                                                  0.48

  clock clk (rise edge)                                   0.00       0.00
  clock network delay (ideal)                             0.00       0.00
  clock uncertainty                                       0.05       0.05
  U_EX_MEM_Reg/mem_W_addr_sel_out_reg[1]/CK (DFFRQX2M)
                                                          0.00       0.05 r
  library hold time                                      -0.01       0.04
  data required time                                                 0.04
  --------------------------------------------------------------------------
  data required time                                                 0.04
  data arrival time                                                 -0.48
  --------------------------------------------------------------------------
  slack (MET)                                                        0.44


  Startpoint: U_ID_EX_Reg/mem_W_addr_sel_out_reg[0]
              (rising edge-triggered flip-flop clocked by clk)
  Endpoint: U_EX_MEM_Reg/mem_W_addr_sel_out_reg[0]
            (rising edge-triggered flip-flop clocked by clk)
  Path Group: clk
  Path Type: min

  Point                                                   Incr       Path
  --------------------------------------------------------------------------
  clock clk (rise edge)                                   0.00       0.00
  clock network delay (ideal)                             0.00       0.00
  U_ID_EX_Reg/mem_W_addr_sel_out_reg[0]/CK (DFFRQX2M)     0.00 #     0.00 r
  U_ID_EX_Reg/mem_W_addr_sel_out_reg[0]/Q (DFFRQX2M)      0.48       0.48 f
  U_ID_EX_Reg/mem_W_addr_sel_out[0] (ID_EX_register)      0.00       0.48 f
  U_EX_MEM_Reg/mem_W_addr_sel_in[0] (EX_M_register)       0.00       0.48 f
  U_EX_MEM_Reg/mem_W_addr_sel_out_reg[0]/D (DFFRQX2M)     0.00       0.48 f
  data arrival time                                                  0.48

  clock clk (rise edge)                                   0.00       0.00
  clock network delay (ideal)                             0.00       0.00
  clock uncertainty                                       0.05       0.05
  U_EX_MEM_Reg/mem_W_addr_sel_out_reg[0]/CK (DFFRQX2M)
                                                          0.00       0.05 r
  library hold time                                      -0.01       0.04
  data required time                                                 0.04
  --------------------------------------------------------------------------
  data required time                                                 0.04
  data arrival time                                                 -0.48
  --------------------------------------------------------------------------
  slack (MET)                                                        0.44


  Startpoint: U_ID_EX_Reg/sp_out_reg[0]
              (rising edge-triggered flip-flop clocked by clk)
  Endpoint: U_EX_MEM_Reg/sp_out_reg[0]
            (rising edge-triggered flip-flop clocked by clk)
  Path Group: clk
  Path Type: min

  Point                                                   Incr       Path
  --------------------------------------------------------------------------
  clock clk (rise edge)                                   0.00       0.00
  clock network delay (ideal)                             0.00       0.00
  U_ID_EX_Reg/sp_out_reg[0]/CK (DFFRQX2M)                 0.00 #     0.00 r
  U_ID_EX_Reg/sp_out_reg[0]/Q (DFFRQX2M)                  0.48       0.48 f
  U_ID_EX_Reg/sp_out[0] (ID_EX_register)                  0.00       0.48 f
  U_EX_MEM_Reg/sp_in[0] (EX_M_register)                   0.00       0.48 f
  U_EX_MEM_Reg/sp_out_reg[0]/D (DFFRQX2M)                 0.00       0.48 f
  data arrival time                                                  0.48

  clock clk (rise edge)                                   0.00       0.00
  clock network delay (ideal)                             0.00       0.00
  clock uncertainty                                       0.05       0.05
  U_EX_MEM_Reg/sp_out_reg[0]/CK (DFFRQX2M)                0.00       0.05 r
  library hold time                                      -0.01       0.04
  data required time                                                 0.04
  --------------------------------------------------------------------------
  data required time                                                 0.04
  data arrival time                                                 -0.48
  --------------------------------------------------------------------------
  slack (MET)                                                        0.44


  Startpoint: U_ID_EX_Reg/mem_R_addr_sel_out_reg[1]
              (rising edge-triggered flip-flop clocked by clk)
  Endpoint: U_EX_MEM_Reg/mem_R_addr_sel_out_reg[1]
            (rising edge-triggered flip-flop clocked by clk)
  Path Group: clk
  Path Type: min

  Point                                                   Incr       Path
  --------------------------------------------------------------------------
  clock clk (rise edge)                                   0.00       0.00
  clock network delay (ideal)                             0.00       0.00
  U_ID_EX_Reg/mem_R_addr_sel_out_reg[1]/CK (DFFRQX2M)     0.00 #     0.00 r
  U_ID_EX_Reg/mem_R_addr_sel_out_reg[1]/Q (DFFRQX2M)      0.48       0.48 f
  U_ID_EX_Reg/mem_R_addr_sel_out[1] (ID_EX_register)      0.00       0.48 f
  U_EX_MEM_Reg/mem_R_addr_sel_in[1] (EX_M_register)       0.00       0.48 f
  U_EX_MEM_Reg/mem_R_addr_sel_out_reg[1]/D (DFFRQX2M)     0.00       0.48 f
  data arrival time                                                  0.48

  clock clk (rise edge)                                   0.00       0.00
  clock network delay (ideal)                             0.00       0.00
  clock uncertainty                                       0.05       0.05
  U_EX_MEM_Reg/mem_R_addr_sel_out_reg[1]/CK (DFFRQX2M)
                                                          0.00       0.05 r
  library hold time                                      -0.01       0.04
  data required time                                                 0.04
  --------------------------------------------------------------------------
  data required time                                                 0.04
  data arrival time                                                 -0.48
  --------------------------------------------------------------------------
  slack (MET)                                                        0.44


  Startpoint: U_ID_EX_Reg/mem_R_addr_sel_out_reg[0]
              (rising edge-triggered flip-flop clocked by clk)
  Endpoint: U_EX_MEM_Reg/mem_R_addr_sel_out_reg[0]
            (rising edge-triggered flip-flop clocked by clk)
  Path Group: clk
  Path Type: min

  Point                                                   Incr       Path
  --------------------------------------------------------------------------
  clock clk (rise edge)                                   0.00       0.00
  clock network delay (ideal)                             0.00       0.00
  U_ID_EX_Reg/mem_R_addr_sel_out_reg[0]/CK (DFFRQX2M)     0.00 #     0.00 r
  U_ID_EX_Reg/mem_R_addr_sel_out_reg[0]/Q (DFFRQX2M)      0.48       0.48 f
  U_ID_EX_Reg/mem_R_addr_sel_out[0] (ID_EX_register)      0.00       0.48 f
  U_EX_MEM_Reg/mem_R_addr_sel_in[0] (EX_M_register)       0.00       0.48 f
  U_EX_MEM_Reg/mem_R_addr_sel_out_reg[0]/D (DFFRQX2M)     0.00       0.48 f
  data arrival time                                                  0.48

  clock clk (rise edge)                                   0.00       0.00
  clock network delay (ideal)                             0.00       0.00
  clock uncertainty                                       0.05       0.05
  U_EX_MEM_Reg/mem_R_addr_sel_out_reg[0]/CK (DFFRQX2M)
                                                          0.00       0.05 r
  library hold time                                      -0.01       0.04
  data required time                                                 0.04
  --------------------------------------------------------------------------
  data required time                                                 0.04
  data arrival time                                                 -0.48
  --------------------------------------------------------------------------
  slack (MET)                                                        0.44


  Startpoint: U_ID_EX_Reg/Ex_MEM_regwrite_out_reg
              (rising edge-triggered flip-flop clocked by clk)
  Endpoint: U_EX_MEM_Reg/Ex_MEM_regwrite_out_reg
            (rising edge-triggered flip-flop clocked by clk)
  Path Group: clk
  Path Type: min

  Point                                                   Incr       Path
  --------------------------------------------------------------------------
  clock clk (rise edge)                                   0.00       0.00
  clock network delay (ideal)                             0.00       0.00
  U_ID_EX_Reg/Ex_MEM_regwrite_out_reg/CK (DFFRQX2M)       0.00 #     0.00 r
  U_ID_EX_Reg/Ex_MEM_regwrite_out_reg/Q (DFFRQX2M)        0.48       0.48 f
  U_ID_EX_Reg/Ex_MEM_regwrite_out (ID_EX_register)        0.00       0.48 f
  U_EX_MEM_Reg/Ex_MEM_regwrite_in (EX_M_register)         0.00       0.48 f
  U_EX_MEM_Reg/Ex_MEM_regwrite_out_reg/D (DFFRQX2M)       0.00       0.48 f
  data arrival time                                                  0.48

  clock clk (rise edge)                                   0.00       0.00
  clock network delay (ideal)                             0.00       0.00
  clock uncertainty                                       0.05       0.05
  U_EX_MEM_Reg/Ex_MEM_regwrite_out_reg/CK (DFFRQX2M)      0.00       0.05 r
  library hold time                                      -0.01       0.04
  data required time                                                 0.04
  --------------------------------------------------------------------------
  data required time                                                 0.04
  data arrival time                                                 -0.48
  --------------------------------------------------------------------------
  slack (MET)                                                        0.44


  Startpoint: U_ID_EX_Reg/Sel_WriteAddr_out_reg[0]
              (rising edge-triggered flip-flop clocked by clk)
  Endpoint: U_EX_MEM_Reg/Sel_WriteAddr_out_reg[0]
            (rising edge-triggered flip-flop clocked by clk)
  Path Group: clk
  Path Type: min

  Point                                                   Incr       Path
  --------------------------------------------------------------------------
  clock clk (rise edge)                                   0.00       0.00
  clock network delay (ideal)                             0.00       0.00
  U_ID_EX_Reg/Sel_WriteAddr_out_reg[0]/CK (DFFRQX2M)      0.00 #     0.00 r
  U_ID_EX_Reg/Sel_WriteAddr_out_reg[0]/Q (DFFRQX2M)       0.48       0.48 f
  U_ID_EX_Reg/Sel_WriteAddr_out[0] (ID_EX_register)       0.00       0.48 f
  U_EX_MEM_Reg/Sel_WriteAddr_in[0] (EX_M_register)        0.00       0.48 f
  U_EX_MEM_Reg/Sel_WriteAddr_out_reg[0]/D (DFFRQX2M)      0.00       0.48 f
  data arrival time                                                  0.48

  clock clk (rise edge)                                   0.00       0.00
  clock network delay (ideal)                             0.00       0.00
  clock uncertainty                                       0.05       0.05
  U_EX_MEM_Reg/Sel_WriteAddr_out_reg[0]/CK (DFFRQX2M)     0.00       0.05 r
  library hold time                                      -0.01       0.04
  data required time                                                 0.04
  --------------------------------------------------------------------------
  data required time                                                 0.04
  data arrival time                                                 -0.48
  --------------------------------------------------------------------------
  slack (MET)                                                        0.44


  Startpoint: U_ID_EX_Reg/Sel_WriteAddr_out_reg[1]
              (rising edge-triggered flip-flop clocked by clk)
  Endpoint: U_EX_MEM_Reg/Sel_WriteAddr_out_reg[1]
            (rising edge-triggered flip-flop clocked by clk)
  Path Group: clk
  Path Type: min

  Point                                                   Incr       Path
  --------------------------------------------------------------------------
  clock clk (rise edge)                                   0.00       0.00
  clock network delay (ideal)                             0.00       0.00
  U_ID_EX_Reg/Sel_WriteAddr_out_reg[1]/CK (DFFRQX2M)      0.00 #     0.00 r
  U_ID_EX_Reg/Sel_WriteAddr_out_reg[1]/Q (DFFRQX2M)       0.48       0.48 f
  U_ID_EX_Reg/Sel_WriteAddr_out[1] (ID_EX_register)       0.00       0.48 f
  U_EX_MEM_Reg/Sel_WriteAddr_in[1] (EX_M_register)        0.00       0.48 f
  U_EX_MEM_Reg/Sel_WriteAddr_out_reg[1]/D (DFFRQX2M)      0.00       0.48 f
  data arrival time                                                  0.48

  clock clk (rise edge)                                   0.00       0.00
  clock network delay (ideal)                             0.00       0.00
  clock uncertainty                                       0.05       0.05
  U_EX_MEM_Reg/Sel_WriteAddr_out_reg[1]/CK (DFFRQX2M)     0.00       0.05 r
  library hold time                                      -0.01       0.04
  data required time                                                 0.04
  --------------------------------------------------------------------------
  data required time                                                 0.04
  data arrival time                                                 -0.48
  --------------------------------------------------------------------------
  slack (MET)                                                        0.44


  Startpoint: U_ID_EX_Reg/MEM_WB_regwrite_out_reg
              (rising edge-triggered flip-flop clocked by clk)
  Endpoint: U_EX_MEM_Reg/MEM_WB_regwrite_out_reg
            (rising edge-triggered flip-flop clocked by clk)
  Path Group: clk
  Path Type: min

  Point                                                   Incr       Path
  --------------------------------------------------------------------------
  clock clk (rise edge)                                   0.00       0.00
  clock network delay (ideal)                             0.00       0.00
  U_ID_EX_Reg/MEM_WB_regwrite_out_reg/CK (DFFRQX2M)       0.00 #     0.00 r
  U_ID_EX_Reg/MEM_WB_regwrite_out_reg/Q (DFFRQX2M)        0.48       0.48 f
  U_ID_EX_Reg/MEM_WB_regwrite_out (ID_EX_register)        0.00       0.48 f
  U_EX_MEM_Reg/MEM_WB_regwrite_in (EX_M_register)         0.00       0.48 f
  U_EX_MEM_Reg/MEM_WB_regwrite_out_reg/D (DFFRQX2M)       0.00       0.48 f
  data arrival time                                                  0.48

  clock clk (rise edge)                                   0.00       0.00
  clock network delay (ideal)                             0.00       0.00
  clock uncertainty                                       0.05       0.05
  U_EX_MEM_Reg/MEM_WB_regwrite_out_reg/CK (DFFRQX2M)      0.00       0.05 r
  library hold time                                      -0.01       0.04
  data required time                                                 0.04
  --------------------------------------------------------------------------
  data required time                                                 0.04
  data arrival time                                                 -0.48
  --------------------------------------------------------------------------
  slack (MET)                                                        0.44


  Startpoint: U_ID_EX_Reg/out_port_en_out_reg
              (rising edge-triggered flip-flop clocked by clk)
  Endpoint: U_EX_MEM_Reg/out_port_en_out_reg
            (rising edge-triggered flip-flop clocked by clk)
  Path Group: clk
  Path Type: min

  Point                                                   Incr       Path
  --------------------------------------------------------------------------
  clock clk (rise edge)                                   0.00       0.00
  clock network delay (ideal)                             0.00       0.00
  U_ID_EX_Reg/out_port_en_out_reg/CK (DFFRQX2M)           0.00 #     0.00 r
  U_ID_EX_Reg/out_port_en_out_reg/Q (DFFRQX2M)            0.48       0.48 f
  U_ID_EX_Reg/out_port_en_out (ID_EX_register)            0.00       0.48 f
  U_EX_MEM_Reg/out_port_en_in (EX_M_register)             0.00       0.48 f
  U_EX_MEM_Reg/out_port_en_out_reg/D (DFFRQX2M)           0.00       0.48 f
  data arrival time                                                  0.48

  clock clk (rise edge)                                   0.00       0.00
  clock network delay (ideal)                             0.00       0.00
  clock uncertainty                                       0.05       0.05
  U_EX_MEM_Reg/out_port_en_out_reg/CK (DFFRQX2M)          0.00       0.05 r
  library hold time                                      -0.01       0.04
  data required time                                                 0.04
  --------------------------------------------------------------------------
  data required time                                                 0.04
  data arrival time                                                 -0.48
  --------------------------------------------------------------------------
  slack (MET)                                                        0.44


  Startpoint: U_ID_EX_Reg/pc_out_plus_1_reg[7]
              (rising edge-triggered flip-flop clocked by clk)
  Endpoint: U_EX_MEM_Reg/pc_plus_1_out_reg[7]
            (rising edge-triggered flip-flop clocked by clk)
  Path Group: clk
  Path Type: min

  Point                                                   Incr       Path
  --------------------------------------------------------------------------
  clock clk (rise edge)                                   0.00       0.00
  clock network delay (ideal)                             0.00       0.00
  U_ID_EX_Reg/pc_out_plus_1_reg[7]/CK (DFFRQX2M)          0.00 #     0.00 r
  U_ID_EX_Reg/pc_out_plus_1_reg[7]/Q (DFFRQX2M)           0.48       0.48 f
  U_ID_EX_Reg/pc_out_plus_1[7] (ID_EX_register)           0.00       0.48 f
  U_EX_MEM_Reg/pc_plus_1_in[7] (EX_M_register)            0.00       0.48 f
  U_EX_MEM_Reg/pc_plus_1_out_reg[7]/D (DFFRQX2M)          0.00       0.48 f
  data arrival time                                                  0.48

  clock clk (rise edge)                                   0.00       0.00
  clock network delay (ideal)                             0.00       0.00
  clock uncertainty                                       0.05       0.05
  U_EX_MEM_Reg/pc_plus_1_out_reg[7]/CK (DFFRQX2M)         0.00       0.05 r
  library hold time                                      -0.01       0.04
  data required time                                                 0.04
  --------------------------------------------------------------------------
  data required time                                                 0.04
  data arrival time                                                 -0.48
  --------------------------------------------------------------------------
  slack (MET)                                                        0.44


  Startpoint: U_ID_EX_Reg/pc_out_plus_1_reg[6]
              (rising edge-triggered flip-flop clocked by clk)
  Endpoint: U_EX_MEM_Reg/pc_plus_1_out_reg[6]
            (rising edge-triggered flip-flop clocked by clk)
  Path Group: clk
  Path Type: min

  Point                                                   Incr       Path
  --------------------------------------------------------------------------
  clock clk (rise edge)                                   0.00       0.00
  clock network delay (ideal)                             0.00       0.00
  U_ID_EX_Reg/pc_out_plus_1_reg[6]/CK (DFFRQX2M)          0.00 #     0.00 r
  U_ID_EX_Reg/pc_out_plus_1_reg[6]/Q (DFFRQX2M)           0.48       0.48 f
  U_ID_EX_Reg/pc_out_plus_1[6] (ID_EX_register)           0.00       0.48 f
  U_EX_MEM_Reg/pc_plus_1_in[6] (EX_M_register)            0.00       0.48 f
  U_EX_MEM_Reg/pc_plus_1_out_reg[6]/D (DFFRQX2M)          0.00       0.48 f
  data arrival time                                                  0.48

  clock clk (rise edge)                                   0.00       0.00
  clock network delay (ideal)                             0.00       0.00
  clock uncertainty                                       0.05       0.05
  U_EX_MEM_Reg/pc_plus_1_out_reg[6]/CK (DFFRQX2M)         0.00       0.05 r
  library hold time                                      -0.01       0.04
  data required time                                                 0.04
  --------------------------------------------------------------------------
  data required time                                                 0.04
  data arrival time                                                 -0.48
  --------------------------------------------------------------------------
  slack (MET)                                                        0.44


  Startpoint: U_ID_EX_Reg/pc_out_plus_1_reg[5]
              (rising edge-triggered flip-flop clocked by clk)
  Endpoint: U_EX_MEM_Reg/pc_plus_1_out_reg[5]
            (rising edge-triggered flip-flop clocked by clk)
  Path Group: clk
  Path Type: min

  Point                                                   Incr       Path
  --------------------------------------------------------------------------
  clock clk (rise edge)                                   0.00       0.00
  clock network delay (ideal)                             0.00       0.00
  U_ID_EX_Reg/pc_out_plus_1_reg[5]/CK (DFFRQX2M)          0.00 #     0.00 r
  U_ID_EX_Reg/pc_out_plus_1_reg[5]/Q (DFFRQX2M)           0.48       0.48 f
  U_ID_EX_Reg/pc_out_plus_1[5] (ID_EX_register)           0.00       0.48 f
  U_EX_MEM_Reg/pc_plus_1_in[5] (EX_M_register)            0.00       0.48 f
  U_EX_MEM_Reg/pc_plus_1_out_reg[5]/D (DFFRQX2M)          0.00       0.48 f
  data arrival time                                                  0.48

  clock clk (rise edge)                                   0.00       0.00
  clock network delay (ideal)                             0.00       0.00
  clock uncertainty                                       0.05       0.05
  U_EX_MEM_Reg/pc_plus_1_out_reg[5]/CK (DFFRQX2M)         0.00       0.05 r
  library hold time                                      -0.01       0.04
  data required time                                                 0.04
  --------------------------------------------------------------------------
  data required time                                                 0.04
  data arrival time                                                 -0.48
  --------------------------------------------------------------------------
  slack (MET)                                                        0.44


  Startpoint: U_ID_EX_Reg/pc_out_plus_1_reg[4]
              (rising edge-triggered flip-flop clocked by clk)
  Endpoint: U_EX_MEM_Reg/pc_plus_1_out_reg[4]
            (rising edge-triggered flip-flop clocked by clk)
  Path Group: clk
  Path Type: min

  Point                                                   Incr       Path
  --------------------------------------------------------------------------
  clock clk (rise edge)                                   0.00       0.00
  clock network delay (ideal)                             0.00       0.00
  U_ID_EX_Reg/pc_out_plus_1_reg[4]/CK (DFFRQX2M)          0.00 #     0.00 r
  U_ID_EX_Reg/pc_out_plus_1_reg[4]/Q (DFFRQX2M)           0.48       0.48 f
  U_ID_EX_Reg/pc_out_plus_1[4] (ID_EX_register)           0.00       0.48 f
  U_EX_MEM_Reg/pc_plus_1_in[4] (EX_M_register)            0.00       0.48 f
  U_EX_MEM_Reg/pc_plus_1_out_reg[4]/D (DFFRQX2M)          0.00       0.48 f
  data arrival time                                                  0.48

  clock clk (rise edge)                                   0.00       0.00
  clock network delay (ideal)                             0.00       0.00
  clock uncertainty                                       0.05       0.05
  U_EX_MEM_Reg/pc_plus_1_out_reg[4]/CK (DFFRQX2M)         0.00       0.05 r
  library hold time                                      -0.01       0.04
  data required time                                                 0.04
  --------------------------------------------------------------------------
  data required time                                                 0.04
  data arrival time                                                 -0.48
  --------------------------------------------------------------------------
  slack (MET)                                                        0.44


  Startpoint: U_ID_EX_Reg/pc_out_plus_1_reg[3]
              (rising edge-triggered flip-flop clocked by clk)
  Endpoint: U_EX_MEM_Reg/pc_plus_1_out_reg[3]
            (rising edge-triggered flip-flop clocked by clk)
  Path Group: clk
  Path Type: min

  Point                                                   Incr       Path
  --------------------------------------------------------------------------
  clock clk (rise edge)                                   0.00       0.00
  clock network delay (ideal)                             0.00       0.00
  U_ID_EX_Reg/pc_out_plus_1_reg[3]/CK (DFFRQX2M)          0.00 #     0.00 r
  U_ID_EX_Reg/pc_out_plus_1_reg[3]/Q (DFFRQX2M)           0.48       0.48 f
  U_ID_EX_Reg/pc_out_plus_1[3] (ID_EX_register)           0.00       0.48 f
  U_EX_MEM_Reg/pc_plus_1_in[3] (EX_M_register)            0.00       0.48 f
  U_EX_MEM_Reg/pc_plus_1_out_reg[3]/D (DFFRQX2M)          0.00       0.48 f
  data arrival time                                                  0.48

  clock clk (rise edge)                                   0.00       0.00
  clock network delay (ideal)                             0.00       0.00
  clock uncertainty                                       0.05       0.05
  U_EX_MEM_Reg/pc_plus_1_out_reg[3]/CK (DFFRQX2M)         0.00       0.05 r
  library hold time                                      -0.01       0.04
  data required time                                                 0.04
  --------------------------------------------------------------------------
  data required time                                                 0.04
  data arrival time                                                 -0.48
  --------------------------------------------------------------------------
  slack (MET)                                                        0.44


  Startpoint: U_ID_EX_Reg/pc_out_plus_1_reg[2]
              (rising edge-triggered flip-flop clocked by clk)
  Endpoint: U_EX_MEM_Reg/pc_plus_1_out_reg[2]
            (rising edge-triggered flip-flop clocked by clk)
  Path Group: clk
  Path Type: min

  Point                                                   Incr       Path
  --------------------------------------------------------------------------
  clock clk (rise edge)                                   0.00       0.00
  clock network delay (ideal)                             0.00       0.00
  U_ID_EX_Reg/pc_out_plus_1_reg[2]/CK (DFFRQX2M)          0.00 #     0.00 r
  U_ID_EX_Reg/pc_out_plus_1_reg[2]/Q (DFFRQX2M)           0.48       0.48 f
  U_ID_EX_Reg/pc_out_plus_1[2] (ID_EX_register)           0.00       0.48 f
  U_EX_MEM_Reg/pc_plus_1_in[2] (EX_M_register)            0.00       0.48 f
  U_EX_MEM_Reg/pc_plus_1_out_reg[2]/D (DFFRQX2M)          0.00       0.48 f
  data arrival time                                                  0.48

  clock clk (rise edge)                                   0.00       0.00
  clock network delay (ideal)                             0.00       0.00
  clock uncertainty                                       0.05       0.05
  U_EX_MEM_Reg/pc_plus_1_out_reg[2]/CK (DFFRQX2M)         0.00       0.05 r
  library hold time                                      -0.01       0.04
  data required time                                                 0.04
  --------------------------------------------------------------------------
  data required time                                                 0.04
  data arrival time                                                 -0.48
  --------------------------------------------------------------------------
  slack (MET)                                                        0.44


  Startpoint: U_ID_EX_Reg/pc_out_plus_1_reg[1]
              (rising edge-triggered flip-flop clocked by clk)
  Endpoint: U_EX_MEM_Reg/pc_plus_1_out_reg[1]
            (rising edge-triggered flip-flop clocked by clk)
  Path Group: clk
  Path Type: min

  Point                                                   Incr       Path
  --------------------------------------------------------------------------
  clock clk (rise edge)                                   0.00       0.00
  clock network delay (ideal)                             0.00       0.00
  U_ID_EX_Reg/pc_out_plus_1_reg[1]/CK (DFFRQX2M)          0.00 #     0.00 r
  U_ID_EX_Reg/pc_out_plus_1_reg[1]/Q (DFFRQX2M)           0.48       0.48 f
  U_ID_EX_Reg/pc_out_plus_1[1] (ID_EX_register)           0.00       0.48 f
  U_EX_MEM_Reg/pc_plus_1_in[1] (EX_M_register)            0.00       0.48 f
  U_EX_MEM_Reg/pc_plus_1_out_reg[1]/D (DFFRQX2M)          0.00       0.48 f
  data arrival time                                                  0.48

  clock clk (rise edge)                                   0.00       0.00
  clock network delay (ideal)                             0.00       0.00
  clock uncertainty                                       0.05       0.05
  U_EX_MEM_Reg/pc_plus_1_out_reg[1]/CK (DFFRQX2M)         0.00       0.05 r
  library hold time                                      -0.01       0.04
  data required time                                                 0.04
  --------------------------------------------------------------------------
  data required time                                                 0.04
  data arrival time                                                 -0.48
  --------------------------------------------------------------------------
  slack (MET)                                                        0.44


  Startpoint: U_ID_EX_Reg/pc_out_plus_1_reg[0]
              (rising edge-triggered flip-flop clocked by clk)
  Endpoint: U_EX_MEM_Reg/pc_plus_1_out_reg[0]
            (rising edge-triggered flip-flop clocked by clk)
  Path Group: clk
  Path Type: min

  Point                                                   Incr       Path
  --------------------------------------------------------------------------
  clock clk (rise edge)                                   0.00       0.00
  clock network delay (ideal)                             0.00       0.00
  U_ID_EX_Reg/pc_out_plus_1_reg[0]/CK (DFFRQX2M)          0.00 #     0.00 r
  U_ID_EX_Reg/pc_out_plus_1_reg[0]/Q (DFFRQX2M)           0.48       0.48 f
  U_ID_EX_Reg/pc_out_plus_1[0] (ID_EX_register)           0.00       0.48 f
  U_EX_MEM_Reg/pc_plus_1_in[0] (EX_M_register)            0.00       0.48 f
  U_EX_MEM_Reg/pc_plus_1_out_reg[0]/D (DFFRQX2M)          0.00       0.48 f
  data arrival time                                                  0.48

  clock clk (rise edge)                                   0.00       0.00
  clock network delay (ideal)                             0.00       0.00
  clock uncertainty                                       0.05       0.05
  U_EX_MEM_Reg/pc_plus_1_out_reg[0]/CK (DFFRQX2M)         0.00       0.05 r
  library hold time                                      -0.01       0.04
  data required time                                                 0.04
  --------------------------------------------------------------------------
  data required time                                                 0.04
  data arrival time                                                 -0.48
  --------------------------------------------------------------------------
  slack (MET)                                                        0.44


  Startpoint: U_ID_EX_Reg/Sel_WriteData_out_reg[1]
              (rising edge-triggered flip-flop clocked by clk)
  Endpoint: U_EX_MEM_Reg/Sel_WriteData_out_reg[1]
            (rising edge-triggered flip-flop clocked by clk)
  Path Group: clk
  Path Type: min

  Point                                                   Incr       Path
  --------------------------------------------------------------------------
  clock clk (rise edge)                                   0.00       0.00
  clock network delay (ideal)                             0.00       0.00
  U_ID_EX_Reg/Sel_WriteData_out_reg[1]/CK (DFFRQX2M)      0.00 #     0.00 r
  U_ID_EX_Reg/Sel_WriteData_out_reg[1]/Q (DFFRQX2M)       0.48       0.48 f
  U_ID_EX_Reg/Sel_WriteData_out[1] (ID_EX_register)       0.00       0.48 f
  U_EX_MEM_Reg/Sel_WriteData_in[1] (EX_M_register)        0.00       0.48 f
  U_EX_MEM_Reg/Sel_WriteData_out_reg[1]/D (DFFRQX2M)      0.00       0.48 f
  data arrival time                                                  0.48

  clock clk (rise edge)                                   0.00       0.00
  clock network delay (ideal)                             0.00       0.00
  clock uncertainty                                       0.05       0.05
  U_EX_MEM_Reg/Sel_WriteData_out_reg[1]/CK (DFFRQX2M)     0.00       0.05 r
  library hold time                                      -0.01       0.04
  data required time                                                 0.04
  --------------------------------------------------------------------------
  data required time                                                 0.04
  data arrival time                                                 -0.48
  --------------------------------------------------------------------------
  slack (MET)                                                        0.44


  Startpoint: U_ID_EX_Reg/Sel_WriteData_out_reg[0]
              (rising edge-triggered flip-flop clocked by clk)
  Endpoint: U_EX_MEM_Reg/Sel_WriteData_out_reg[0]
            (rising edge-triggered flip-flop clocked by clk)
  Path Group: clk
  Path Type: min

  Point                                                   Incr       Path
  --------------------------------------------------------------------------
  clock clk (rise edge)                                   0.00       0.00
  clock network delay (ideal)                             0.00       0.00
  U_ID_EX_Reg/Sel_WriteData_out_reg[0]/CK (DFFRQX2M)      0.00 #     0.00 r
  U_ID_EX_Reg/Sel_WriteData_out_reg[0]/Q (DFFRQX2M)       0.48       0.48 f
  U_ID_EX_Reg/Sel_WriteData_out[0] (ID_EX_register)       0.00       0.48 f
  U_EX_MEM_Reg/Sel_WriteData_in[0] (EX_M_register)        0.00       0.48 f
  U_EX_MEM_Reg/Sel_WriteData_out_reg[0]/D (DFFRQX2M)      0.00       0.48 f
  data arrival time                                                  0.48

  clock clk (rise edge)                                   0.00       0.00
  clock network delay (ideal)                             0.00       0.00
  clock uncertainty                                       0.05       0.05
  U_EX_MEM_Reg/Sel_WriteData_out_reg[0]/CK (DFFRQX2M)     0.00       0.05 r
  library hold time                                      -0.01       0.04
  data required time                                                 0.04
  --------------------------------------------------------------------------
  data required time                                                 0.04
  data arrival time                                                 -0.48
  --------------------------------------------------------------------------
  slack (MET)                                                        0.44


  Startpoint: U_ID_EX_Reg/SP_Dec_out_reg
              (rising edge-triggered flip-flop clocked by clk)
  Endpoint: U_EX_MEM_Reg/SP_Dec_out_reg
            (rising edge-triggered flip-flop clocked by clk)
  Path Group: clk
  Path Type: min

  Point                                                   Incr       Path
  --------------------------------------------------------------------------
  clock clk (rise edge)                                   0.00       0.00
  clock network delay (ideal)                             0.00       0.00
  U_ID_EX_Reg/SP_Dec_out_reg/CK (DFFRQX2M)                0.00 #     0.00 r
  U_ID_EX_Reg/SP_Dec_out_reg/Q (DFFRQX2M)                 0.48       0.48 f
  U_ID_EX_Reg/SP_Dec_out (ID_EX_register)                 0.00       0.48 f
  U_EX_MEM_Reg/SP_Dec_in (EX_M_register)                  0.00       0.48 f
  U_EX_MEM_Reg/SP_Dec_out_reg/D (DFFRQX2M)                0.00       0.48 f
  data arrival time                                                  0.48

  clock clk (rise edge)                                   0.00       0.00
  clock network delay (ideal)                             0.00       0.00
  clock uncertainty                                       0.05       0.05
  U_EX_MEM_Reg/SP_Dec_out_reg/CK (DFFRQX2M)               0.00       0.05 r
  library hold time                                      -0.01       0.04
  data required time                                                 0.04
  --------------------------------------------------------------------------
  data required time                                                 0.04
  data arrival time                                                 -0.48
  --------------------------------------------------------------------------
  slack (MET)                                                        0.44


  Startpoint: U_ID_EX_Reg/wr_en_out_reg
              (rising edge-triggered flip-flop clocked by clk)
  Endpoint: U_EX_MEM_Reg/wr_en_out_reg
            (rising edge-triggered flip-flop clocked by clk)
  Path Group: clk
  Path Type: min

  Point                                                   Incr       Path
  --------------------------------------------------------------------------
  clock clk (rise edge)                                   0.00       0.00
  clock network delay (ideal)                             0.00       0.00
  U_ID_EX_Reg/wr_en_out_reg/CK (DFFRQX2M)                 0.00 #     0.00 r
  U_ID_EX_Reg/wr_en_out_reg/Q (DFFRQX2M)                  0.48       0.48 f
  U_ID_EX_Reg/wr_en_out (ID_EX_register)                  0.00       0.48 f
  U_EX_MEM_Reg/wr_en_in (EX_M_register)                   0.00       0.48 f
  U_EX_MEM_Reg/wr_en_out_reg/D (DFFRQX2M)                 0.00       0.48 f
  data arrival time                                                  0.48

  clock clk (rise edge)                                   0.00       0.00
  clock network delay (ideal)                             0.00       0.00
  clock uncertainty                                       0.05       0.05
  U_EX_MEM_Reg/wr_en_out_reg/CK (DFFRQX2M)                0.00       0.05 r
  library hold time                                      -0.01       0.04
  data required time                                                 0.04
  --------------------------------------------------------------------------
  data required time                                                 0.04
  data arrival time                                                 -0.48
  --------------------------------------------------------------------------
  slack (MET)                                                        0.44


  Startpoint: U_EX_MEM_Reg/Sel_WriteAddr_out_reg[0]
              (rising edge-triggered flip-flop clocked by clk)
  Endpoint: U_MEM_WB_Reg/Sel_WriteAddr_out_reg[0]
            (rising edge-triggered flip-flop clocked by clk)
  Path Group: clk
  Path Type: min

  Point                                                   Incr       Path
  --------------------------------------------------------------------------
  clock clk (rise edge)                                   0.00       0.00
  clock network delay (ideal)                             0.00       0.00
  U_EX_MEM_Reg/Sel_WriteAddr_out_reg[0]/CK (DFFRQX2M)     0.00 #     0.00 r
  U_EX_MEM_Reg/Sel_WriteAddr_out_reg[0]/Q (DFFRQX2M)      0.48       0.48 f
  U_EX_MEM_Reg/Sel_WriteAddr_out[0] (EX_M_register)       0.00       0.48 f
  U_MEM_WB_Reg/Sel_WriteAddr_in[0] (MEM_WB_Register)      0.00       0.48 f
  U_MEM_WB_Reg/Sel_WriteAddr_out_reg[0]/D (DFFRQX2M)      0.00       0.48 f
  data arrival time                                                  0.48

  clock clk (rise edge)                                   0.00       0.00
  clock network delay (ideal)                             0.00       0.00
  clock uncertainty                                       0.05       0.05
  U_MEM_WB_Reg/Sel_WriteAddr_out_reg[0]/CK (DFFRQX2M)     0.00       0.05 r
  library hold time                                      -0.01       0.04
  data required time                                                 0.04
  --------------------------------------------------------------------------
  data required time                                                 0.04
  data arrival time                                                 -0.48
  --------------------------------------------------------------------------
  slack (MET)                                                        0.44


  Startpoint: U_EX_MEM_Reg/current_pc_out_reg[7]
              (rising edge-triggered flip-flop clocked by clk)
  Endpoint: U_MEM_WB_Reg/current_pc_out_reg[7]
            (rising edge-triggered flip-flop clocked by clk)
  Path Group: clk
  Path Type: min

  Point                                                   Incr       Path
  --------------------------------------------------------------------------
  clock clk (rise edge)                                   0.00       0.00
  clock network delay (ideal)                             0.00       0.00
  U_EX_MEM_Reg/current_pc_out_reg[7]/CK (DFFRQX2M)        0.00 #     0.00 r
  U_EX_MEM_Reg/current_pc_out_reg[7]/Q (DFFRQX2M)         0.48       0.48 f
  U_EX_MEM_Reg/current_pc_out[7] (EX_M_register)          0.00       0.48 f
  U_MEM_WB_Reg/current_pc_in[7] (MEM_WB_Register)         0.00       0.48 f
  U_MEM_WB_Reg/current_pc_out_reg[7]/D (DFFRQX2M)         0.00       0.48 f
  data arrival time                                                  0.48

  clock clk (rise edge)                                   0.00       0.00
  clock network delay (ideal)                             0.00       0.00
  clock uncertainty                                       0.05       0.05
  U_MEM_WB_Reg/current_pc_out_reg[7]/CK (DFFRQX2M)        0.00       0.05 r
  library hold time                                      -0.01       0.04
  data required time                                                 0.04
  --------------------------------------------------------------------------
  data required time                                                 0.04
  data arrival time                                                 -0.48
  --------------------------------------------------------------------------
  slack (MET)                                                        0.45


  Startpoint: U_EX_MEM_Reg/current_pc_out_reg[6]
              (rising edge-triggered flip-flop clocked by clk)
  Endpoint: U_MEM_WB_Reg/current_pc_out_reg[6]
            (rising edge-triggered flip-flop clocked by clk)
  Path Group: clk
  Path Type: min

  Point                                                   Incr       Path
  --------------------------------------------------------------------------
  clock clk (rise edge)                                   0.00       0.00
  clock network delay (ideal)                             0.00       0.00
  U_EX_MEM_Reg/current_pc_out_reg[6]/CK (DFFRQX2M)        0.00 #     0.00 r
  U_EX_MEM_Reg/current_pc_out_reg[6]/Q (DFFRQX2M)         0.48       0.48 f
  U_EX_MEM_Reg/current_pc_out[6] (EX_M_register)          0.00       0.48 f
  U_MEM_WB_Reg/current_pc_in[6] (MEM_WB_Register)         0.00       0.48 f
  U_MEM_WB_Reg/current_pc_out_reg[6]/D (DFFRQX2M)         0.00       0.48 f
  data arrival time                                                  0.48

  clock clk (rise edge)                                   0.00       0.00
  clock network delay (ideal)                             0.00       0.00
  clock uncertainty                                       0.05       0.05
  U_MEM_WB_Reg/current_pc_out_reg[6]/CK (DFFRQX2M)        0.00       0.05 r
  library hold time                                      -0.01       0.04
  data required time                                                 0.04
  --------------------------------------------------------------------------
  data required time                                                 0.04
  data arrival time                                                 -0.48
  --------------------------------------------------------------------------
  slack (MET)                                                        0.45


  Startpoint: U_EX_MEM_Reg/current_pc_out_reg[5]
              (rising edge-triggered flip-flop clocked by clk)
  Endpoint: U_MEM_WB_Reg/current_pc_out_reg[5]
            (rising edge-triggered flip-flop clocked by clk)
  Path Group: clk
  Path Type: min

  Point                                                   Incr       Path
  --------------------------------------------------------------------------
  clock clk (rise edge)                                   0.00       0.00
  clock network delay (ideal)                             0.00       0.00
  U_EX_MEM_Reg/current_pc_out_reg[5]/CK (DFFRQX2M)        0.00 #     0.00 r
  U_EX_MEM_Reg/current_pc_out_reg[5]/Q (DFFRQX2M)         0.48       0.48 f
  U_EX_MEM_Reg/current_pc_out[5] (EX_M_register)          0.00       0.48 f
  U_MEM_WB_Reg/current_pc_in[5] (MEM_WB_Register)         0.00       0.48 f
  U_MEM_WB_Reg/current_pc_out_reg[5]/D (DFFRQX2M)         0.00       0.48 f
  data arrival time                                                  0.48

  clock clk (rise edge)                                   0.00       0.00
  clock network delay (ideal)                             0.00       0.00
  clock uncertainty                                       0.05       0.05
  U_MEM_WB_Reg/current_pc_out_reg[5]/CK (DFFRQX2M)        0.00       0.05 r
  library hold time                                      -0.01       0.04
  data required time                                                 0.04
  --------------------------------------------------------------------------
  data required time                                                 0.04
  data arrival time                                                 -0.48
  --------------------------------------------------------------------------
  slack (MET)                                                        0.45


  Startpoint: U_EX_MEM_Reg/current_pc_out_reg[4]
              (rising edge-triggered flip-flop clocked by clk)
  Endpoint: U_MEM_WB_Reg/current_pc_out_reg[4]
            (rising edge-triggered flip-flop clocked by clk)
  Path Group: clk
  Path Type: min

  Point                                                   Incr       Path
  --------------------------------------------------------------------------
  clock clk (rise edge)                                   0.00       0.00
  clock network delay (ideal)                             0.00       0.00
  U_EX_MEM_Reg/current_pc_out_reg[4]/CK (DFFRQX2M)        0.00 #     0.00 r
  U_EX_MEM_Reg/current_pc_out_reg[4]/Q (DFFRQX2M)         0.48       0.48 f
  U_EX_MEM_Reg/current_pc_out[4] (EX_M_register)          0.00       0.48 f
  U_MEM_WB_Reg/current_pc_in[4] (MEM_WB_Register)         0.00       0.48 f
  U_MEM_WB_Reg/current_pc_out_reg[4]/D (DFFRQX2M)         0.00       0.48 f
  data arrival time                                                  0.48

  clock clk (rise edge)                                   0.00       0.00
  clock network delay (ideal)                             0.00       0.00
  clock uncertainty                                       0.05       0.05
  U_MEM_WB_Reg/current_pc_out_reg[4]/CK (DFFRQX2M)        0.00       0.05 r
  library hold time                                      -0.01       0.04
  data required time                                                 0.04
  --------------------------------------------------------------------------
  data required time                                                 0.04
  data arrival time                                                 -0.48
  --------------------------------------------------------------------------
  slack (MET)                                                        0.45


  Startpoint: U_EX_MEM_Reg/current_pc_out_reg[3]
              (rising edge-triggered flip-flop clocked by clk)
  Endpoint: U_MEM_WB_Reg/current_pc_out_reg[3]
            (rising edge-triggered flip-flop clocked by clk)
  Path Group: clk
  Path Type: min

  Point                                                   Incr       Path
  --------------------------------------------------------------------------
  clock clk (rise edge)                                   0.00       0.00
  clock network delay (ideal)                             0.00       0.00
  U_EX_MEM_Reg/current_pc_out_reg[3]/CK (DFFRQX2M)        0.00 #     0.00 r
  U_EX_MEM_Reg/current_pc_out_reg[3]/Q (DFFRQX2M)         0.48       0.48 f
  U_EX_MEM_Reg/current_pc_out[3] (EX_M_register)          0.00       0.48 f
  U_MEM_WB_Reg/current_pc_in[3] (MEM_WB_Register)         0.00       0.48 f
  U_MEM_WB_Reg/current_pc_out_reg[3]/D (DFFRQX2M)         0.00       0.48 f
  data arrival time                                                  0.48

  clock clk (rise edge)                                   0.00       0.00
  clock network delay (ideal)                             0.00       0.00
  clock uncertainty                                       0.05       0.05
  U_MEM_WB_Reg/current_pc_out_reg[3]/CK (DFFRQX2M)        0.00       0.05 r
  library hold time                                      -0.01       0.04
  data required time                                                 0.04
  --------------------------------------------------------------------------
  data required time                                                 0.04
  data arrival time                                                 -0.48
  --------------------------------------------------------------------------
  slack (MET)                                                        0.45


  Startpoint: U_EX_MEM_Reg/current_pc_out_reg[2]
              (rising edge-triggered flip-flop clocked by clk)
  Endpoint: U_MEM_WB_Reg/current_pc_out_reg[2]
            (rising edge-triggered flip-flop clocked by clk)
  Path Group: clk
  Path Type: min

  Point                                                   Incr       Path
  --------------------------------------------------------------------------
  clock clk (rise edge)                                   0.00       0.00
  clock network delay (ideal)                             0.00       0.00
  U_EX_MEM_Reg/current_pc_out_reg[2]/CK (DFFRQX2M)        0.00 #     0.00 r
  U_EX_MEM_Reg/current_pc_out_reg[2]/Q (DFFRQX2M)         0.48       0.48 f
  U_EX_MEM_Reg/current_pc_out[2] (EX_M_register)          0.00       0.48 f
  U_MEM_WB_Reg/current_pc_in[2] (MEM_WB_Register)         0.00       0.48 f
  U_MEM_WB_Reg/current_pc_out_reg[2]/D (DFFRQX2M)         0.00       0.48 f
  data arrival time                                                  0.48

  clock clk (rise edge)                                   0.00       0.00
  clock network delay (ideal)                             0.00       0.00
  clock uncertainty                                       0.05       0.05
  U_MEM_WB_Reg/current_pc_out_reg[2]/CK (DFFRQX2M)        0.00       0.05 r
  library hold time                                      -0.01       0.04
  data required time                                                 0.04
  --------------------------------------------------------------------------
  data required time                                                 0.04
  data arrival time                                                 -0.48
  --------------------------------------------------------------------------
  slack (MET)                                                        0.45


  Startpoint: U_EX_MEM_Reg/current_pc_out_reg[1]
              (rising edge-triggered flip-flop clocked by clk)
  Endpoint: U_MEM_WB_Reg/current_pc_out_reg[1]
            (rising edge-triggered flip-flop clocked by clk)
  Path Group: clk
  Path Type: min

  Point                                                   Incr       Path
  --------------------------------------------------------------------------
  clock clk (rise edge)                                   0.00       0.00
  clock network delay (ideal)                             0.00       0.00
  U_EX_MEM_Reg/current_pc_out_reg[1]/CK (DFFRQX2M)        0.00 #     0.00 r
  U_EX_MEM_Reg/current_pc_out_reg[1]/Q (DFFRQX2M)         0.48       0.48 f
  U_EX_MEM_Reg/current_pc_out[1] (EX_M_register)          0.00       0.48 f
  U_MEM_WB_Reg/current_pc_in[1] (MEM_WB_Register)         0.00       0.48 f
  U_MEM_WB_Reg/current_pc_out_reg[1]/D (DFFRQX2M)         0.00       0.48 f
  data arrival time                                                  0.48

  clock clk (rise edge)                                   0.00       0.00
  clock network delay (ideal)                             0.00       0.00
  clock uncertainty                                       0.05       0.05
  U_MEM_WB_Reg/current_pc_out_reg[1]/CK (DFFRQX2M)        0.00       0.05 r
  library hold time                                      -0.01       0.04
  data required time                                                 0.04
  --------------------------------------------------------------------------
  data required time                                                 0.04
  data arrival time                                                 -0.48
  --------------------------------------------------------------------------
  slack (MET)                                                        0.45


  Startpoint: U_EX_MEM_Reg/current_pc_out_reg[0]
              (rising edge-triggered flip-flop clocked by clk)
  Endpoint: U_MEM_WB_Reg/current_pc_out_reg[0]
            (rising edge-triggered flip-flop clocked by clk)
  Path Group: clk
  Path Type: min

  Point                                                   Incr       Path
  --------------------------------------------------------------------------
  clock clk (rise edge)                                   0.00       0.00
  clock network delay (ideal)                             0.00       0.00
  U_EX_MEM_Reg/current_pc_out_reg[0]/CK (DFFRQX2M)        0.00 #     0.00 r
  U_EX_MEM_Reg/current_pc_out_reg[0]/Q (DFFRQX2M)         0.48       0.48 f
  U_EX_MEM_Reg/current_pc_out[0] (EX_M_register)          0.00       0.48 f
  U_MEM_WB_Reg/current_pc_in[0] (MEM_WB_Register)         0.00       0.48 f
  U_MEM_WB_Reg/current_pc_out_reg[0]/D (DFFRQX2M)         0.00       0.48 f
  data arrival time                                                  0.48

  clock clk (rise edge)                                   0.00       0.00
  clock network delay (ideal)                             0.00       0.00
  clock uncertainty                                       0.05       0.05
  U_MEM_WB_Reg/current_pc_out_reg[0]/CK (DFFRQX2M)        0.00       0.05 r
  library hold time                                      -0.01       0.04
  data required time                                                 0.04
  --------------------------------------------------------------------------
  data required time                                                 0.04
  data arrival time                                                 -0.48
  --------------------------------------------------------------------------
  slack (MET)                                                        0.45


  Startpoint: U_EX_MEM_Reg/reg_rb_data_out_reg[7]
              (rising edge-triggered flip-flop clocked by clk)
  Endpoint: U_MEM_WB_Reg/reg_rb_data_out_reg[7]
            (rising edge-triggered flip-flop clocked by clk)
  Path Group: clk
  Path Type: min

  Point                                                   Incr       Path
  --------------------------------------------------------------------------
  clock clk (rise edge)                                   0.00       0.00
  clock network delay (ideal)                             0.00       0.00
  U_EX_MEM_Reg/reg_rb_data_out_reg[7]/CK (DFFRQX2M)       0.00 #     0.00 r
  U_EX_MEM_Reg/reg_rb_data_out_reg[7]/Q (DFFRQX2M)        0.48       0.48 f
  U_EX_MEM_Reg/reg_rb_data_out[7] (EX_M_register)         0.00       0.48 f
  U_MEM_WB_Reg/reg_rb_data_in[7] (MEM_WB_Register)        0.00       0.48 f
  U_MEM_WB_Reg/reg_rb_data_out_reg[7]/D (DFFRQX2M)        0.00       0.48 f
  data arrival time                                                  0.48

  clock clk (rise edge)                                   0.00       0.00
  clock network delay (ideal)                             0.00       0.00
  clock uncertainty                                       0.05       0.05
  U_MEM_WB_Reg/reg_rb_data_out_reg[7]/CK (DFFRQX2M)       0.00       0.05 r
  library hold time                                      -0.01       0.04
  data required time                                                 0.04
  --------------------------------------------------------------------------
  data required time                                                 0.04
  data arrival time                                                 -0.48
  --------------------------------------------------------------------------
  slack (MET)                                                        0.45


  Startpoint: U_EX_MEM_Reg/reg_rb_data_out_reg[6]
              (rising edge-triggered flip-flop clocked by clk)
  Endpoint: U_MEM_WB_Reg/reg_rb_data_out_reg[6]
            (rising edge-triggered flip-flop clocked by clk)
  Path Group: clk
  Path Type: min

  Point                                                   Incr       Path
  --------------------------------------------------------------------------
  clock clk (rise edge)                                   0.00       0.00
  clock network delay (ideal)                             0.00       0.00
  U_EX_MEM_Reg/reg_rb_data_out_reg[6]/CK (DFFRQX2M)       0.00 #     0.00 r
  U_EX_MEM_Reg/reg_rb_data_out_reg[6]/Q (DFFRQX2M)        0.48       0.48 f
  U_EX_MEM_Reg/reg_rb_data_out[6] (EX_M_register)         0.00       0.48 f
  U_MEM_WB_Reg/reg_rb_data_in[6] (MEM_WB_Register)        0.00       0.48 f
  U_MEM_WB_Reg/reg_rb_data_out_reg[6]/D (DFFRQX2M)        0.00       0.48 f
  data arrival time                                                  0.48

  clock clk (rise edge)                                   0.00       0.00
  clock network delay (ideal)                             0.00       0.00
  clock uncertainty                                       0.05       0.05
  U_MEM_WB_Reg/reg_rb_data_out_reg[6]/CK (DFFRQX2M)       0.00       0.05 r
  library hold time                                      -0.01       0.04
  data required time                                                 0.04
  --------------------------------------------------------------------------
  data required time                                                 0.04
  data arrival time                                                 -0.48
  --------------------------------------------------------------------------
  slack (MET)                                                        0.45


  Startpoint: U_EX_MEM_Reg/reg_rb_data_out_reg[5]
              (rising edge-triggered flip-flop clocked by clk)
  Endpoint: U_MEM_WB_Reg/reg_rb_data_out_reg[5]
            (rising edge-triggered flip-flop clocked by clk)
  Path Group: clk
  Path Type: min

  Point                                                   Incr       Path
  --------------------------------------------------------------------------
  clock clk (rise edge)                                   0.00       0.00
  clock network delay (ideal)                             0.00       0.00
  U_EX_MEM_Reg/reg_rb_data_out_reg[5]/CK (DFFRQX2M)       0.00 #     0.00 r
  U_EX_MEM_Reg/reg_rb_data_out_reg[5]/Q (DFFRQX2M)        0.48       0.48 f
  U_EX_MEM_Reg/reg_rb_data_out[5] (EX_M_register)         0.00       0.48 f
  U_MEM_WB_Reg/reg_rb_data_in[5] (MEM_WB_Register)        0.00       0.48 f
  U_MEM_WB_Reg/reg_rb_data_out_reg[5]/D (DFFRQX2M)        0.00       0.48 f
  data arrival time                                                  0.48

  clock clk (rise edge)                                   0.00       0.00
  clock network delay (ideal)                             0.00       0.00
  clock uncertainty                                       0.05       0.05
  U_MEM_WB_Reg/reg_rb_data_out_reg[5]/CK (DFFRQX2M)       0.00       0.05 r
  library hold time                                      -0.01       0.04
  data required time                                                 0.04
  --------------------------------------------------------------------------
  data required time                                                 0.04
  data arrival time                                                 -0.48
  --------------------------------------------------------------------------
  slack (MET)                                                        0.45


  Startpoint: U_EX_MEM_Reg/reg_rb_data_out_reg[4]
              (rising edge-triggered flip-flop clocked by clk)
  Endpoint: U_MEM_WB_Reg/reg_rb_data_out_reg[4]
            (rising edge-triggered flip-flop clocked by clk)
  Path Group: clk
  Path Type: min

  Point                                                   Incr       Path
  --------------------------------------------------------------------------
  clock clk (rise edge)                                   0.00       0.00
  clock network delay (ideal)                             0.00       0.00
  U_EX_MEM_Reg/reg_rb_data_out_reg[4]/CK (DFFRQX2M)       0.00 #     0.00 r
  U_EX_MEM_Reg/reg_rb_data_out_reg[4]/Q (DFFRQX2M)        0.48       0.48 f
  U_EX_MEM_Reg/reg_rb_data_out[4] (EX_M_register)         0.00       0.48 f
  U_MEM_WB_Reg/reg_rb_data_in[4] (MEM_WB_Register)        0.00       0.48 f
  U_MEM_WB_Reg/reg_rb_data_out_reg[4]/D (DFFRQX2M)        0.00       0.48 f
  data arrival time                                                  0.48

  clock clk (rise edge)                                   0.00       0.00
  clock network delay (ideal)                             0.00       0.00
  clock uncertainty                                       0.05       0.05
  U_MEM_WB_Reg/reg_rb_data_out_reg[4]/CK (DFFRQX2M)       0.00       0.05 r
  library hold time                                      -0.01       0.04
  data required time                                                 0.04
  --------------------------------------------------------------------------
  data required time                                                 0.04
  data arrival time                                                 -0.48
  --------------------------------------------------------------------------
  slack (MET)                                                        0.45


  Startpoint: U_EX_MEM_Reg/reg_rb_data_out_reg[3]
              (rising edge-triggered flip-flop clocked by clk)
  Endpoint: U_MEM_WB_Reg/reg_rb_data_out_reg[3]
            (rising edge-triggered flip-flop clocked by clk)
  Path Group: clk
  Path Type: min

  Point                                                   Incr       Path
  --------------------------------------------------------------------------
  clock clk (rise edge)                                   0.00       0.00
  clock network delay (ideal)                             0.00       0.00
  U_EX_MEM_Reg/reg_rb_data_out_reg[3]/CK (DFFRQX2M)       0.00 #     0.00 r
  U_EX_MEM_Reg/reg_rb_data_out_reg[3]/Q (DFFRQX2M)        0.48       0.48 f
  U_EX_MEM_Reg/reg_rb_data_out[3] (EX_M_register)         0.00       0.48 f
  U_MEM_WB_Reg/reg_rb_data_in[3] (MEM_WB_Register)        0.00       0.48 f
  U_MEM_WB_Reg/reg_rb_data_out_reg[3]/D (DFFRQX2M)        0.00       0.48 f
  data arrival time                                                  0.48

  clock clk (rise edge)                                   0.00       0.00
  clock network delay (ideal)                             0.00       0.00
  clock uncertainty                                       0.05       0.05
  U_MEM_WB_Reg/reg_rb_data_out_reg[3]/CK (DFFRQX2M)       0.00       0.05 r
  library hold time                                      -0.01       0.04
  data required time                                                 0.04
  --------------------------------------------------------------------------
  data required time                                                 0.04
  data arrival time                                                 -0.48
  --------------------------------------------------------------------------
  slack (MET)                                                        0.45


  Startpoint: U_EX_MEM_Reg/reg_rb_data_out_reg[2]
              (rising edge-triggered flip-flop clocked by clk)
  Endpoint: U_MEM_WB_Reg/reg_rb_data_out_reg[2]
            (rising edge-triggered flip-flop clocked by clk)
  Path Group: clk
  Path Type: min

  Point                                                   Incr       Path
  --------------------------------------------------------------------------
  clock clk (rise edge)                                   0.00       0.00
  clock network delay (ideal)                             0.00       0.00
  U_EX_MEM_Reg/reg_rb_data_out_reg[2]/CK (DFFRQX2M)       0.00 #     0.00 r
  U_EX_MEM_Reg/reg_rb_data_out_reg[2]/Q (DFFRQX2M)        0.48       0.48 f
  U_EX_MEM_Reg/reg_rb_data_out[2] (EX_M_register)         0.00       0.48 f
  U_MEM_WB_Reg/reg_rb_data_in[2] (MEM_WB_Register)        0.00       0.48 f
  U_MEM_WB_Reg/reg_rb_data_out_reg[2]/D (DFFRQX2M)        0.00       0.48 f
  data arrival time                                                  0.48

  clock clk (rise edge)                                   0.00       0.00
  clock network delay (ideal)                             0.00       0.00
  clock uncertainty                                       0.05       0.05
  U_MEM_WB_Reg/reg_rb_data_out_reg[2]/CK (DFFRQX2M)       0.00       0.05 r
  library hold time                                      -0.01       0.04
  data required time                                                 0.04
  --------------------------------------------------------------------------
  data required time                                                 0.04
  data arrival time                                                 -0.48
  --------------------------------------------------------------------------
  slack (MET)                                                        0.45


  Startpoint: U_EX_MEM_Reg/reg_rb_data_out_reg[1]
              (rising edge-triggered flip-flop clocked by clk)
  Endpoint: U_MEM_WB_Reg/reg_rb_data_out_reg[1]
            (rising edge-triggered flip-flop clocked by clk)
  Path Group: clk
  Path Type: min

  Point                                                   Incr       Path
  --------------------------------------------------------------------------
  clock clk (rise edge)                                   0.00       0.00
  clock network delay (ideal)                             0.00       0.00
  U_EX_MEM_Reg/reg_rb_data_out_reg[1]/CK (DFFRQX2M)       0.00 #     0.00 r
  U_EX_MEM_Reg/reg_rb_data_out_reg[1]/Q (DFFRQX2M)        0.48       0.48 f
  U_EX_MEM_Reg/reg_rb_data_out[1] (EX_M_register)         0.00       0.48 f
  U_MEM_WB_Reg/reg_rb_data_in[1] (MEM_WB_Register)        0.00       0.48 f
  U_MEM_WB_Reg/reg_rb_data_out_reg[1]/D (DFFRQX2M)        0.00       0.48 f
  data arrival time                                                  0.48

  clock clk (rise edge)                                   0.00       0.00
  clock network delay (ideal)                             0.00       0.00
  clock uncertainty                                       0.05       0.05
  U_MEM_WB_Reg/reg_rb_data_out_reg[1]/CK (DFFRQX2M)       0.00       0.05 r
  library hold time                                      -0.01       0.04
  data required time                                                 0.04
  --------------------------------------------------------------------------
  data required time                                                 0.04
  data arrival time                                                 -0.48
  --------------------------------------------------------------------------
  slack (MET)                                                        0.45


  Startpoint: U_EX_MEM_Reg/reg_rb_data_out_reg[0]
              (rising edge-triggered flip-flop clocked by clk)
  Endpoint: U_MEM_WB_Reg/reg_rb_data_out_reg[0]
            (rising edge-triggered flip-flop clocked by clk)
  Path Group: clk
  Path Type: min

  Point                                                   Incr       Path
  --------------------------------------------------------------------------
  clock clk (rise edge)                                   0.00       0.00
  clock network delay (ideal)                             0.00       0.00
  U_EX_MEM_Reg/reg_rb_data_out_reg[0]/CK (DFFRQX2M)       0.00 #     0.00 r
  U_EX_MEM_Reg/reg_rb_data_out_reg[0]/Q (DFFRQX2M)        0.48       0.48 f
  U_EX_MEM_Reg/reg_rb_data_out[0] (EX_M_register)         0.00       0.48 f
  U_MEM_WB_Reg/reg_rb_data_in[0] (MEM_WB_Register)        0.00       0.48 f
  U_MEM_WB_Reg/reg_rb_data_out_reg[0]/D (DFFRQX2M)        0.00       0.48 f
  data arrival time                                                  0.48

  clock clk (rise edge)                                   0.00       0.00
  clock network delay (ideal)                             0.00       0.00
  clock uncertainty                                       0.05       0.05
  U_MEM_WB_Reg/reg_rb_data_out_reg[0]/CK (DFFRQX2M)       0.00       0.05 r
  library hold time                                      -0.01       0.04
  data required time                                                 0.04
  --------------------------------------------------------------------------
  data required time                                                 0.04
  data arrival time                                                 -0.48
  --------------------------------------------------------------------------
  slack (MET)                                                        0.45


  Startpoint: U_EX_MEM_Reg/Sel_WriteAddr_out_reg[1]
              (rising edge-triggered flip-flop clocked by clk)
  Endpoint: U_MEM_WB_Reg/Sel_WriteAddr_out_reg[1]
            (rising edge-triggered flip-flop clocked by clk)
  Path Group: clk
  Path Type: min

  Point                                                   Incr       Path
  --------------------------------------------------------------------------
  clock clk (rise edge)                                   0.00       0.00
  clock network delay (ideal)                             0.00       0.00
  U_EX_MEM_Reg/Sel_WriteAddr_out_reg[1]/CK (DFFRQX2M)     0.00 #     0.00 r
  U_EX_MEM_Reg/Sel_WriteAddr_out_reg[1]/Q (DFFRQX2M)      0.49       0.49 f
  U_EX_MEM_Reg/Sel_WriteAddr_out[1] (EX_M_register)       0.00       0.49 f
  U_MEM_WB_Reg/Sel_WriteAddr_in[1] (MEM_WB_Register)      0.00       0.49 f
  U_MEM_WB_Reg/Sel_WriteAddr_out_reg[1]/D (DFFRQX2M)      0.00       0.49 f
  data arrival time                                                  0.49

  clock clk (rise edge)                                   0.00       0.00
  clock network delay (ideal)                             0.00       0.00
  clock uncertainty                                       0.05       0.05
  U_MEM_WB_Reg/Sel_WriteAddr_out_reg[1]/CK (DFFRQX2M)     0.00       0.05 r
  library hold time                                      -0.01       0.04
  data required time                                                 0.04
  --------------------------------------------------------------------------
  data required time                                                 0.04
  data arrival time                                                 -0.49
  --------------------------------------------------------------------------
  slack (MET)                                                        0.45


  Startpoint: U_EX_MEM_Reg/alu_result_out_reg[7]
              (rising edge-triggered flip-flop clocked by clk)
  Endpoint: U_MEM_WB_Reg/alu_result_out_reg[7]
            (rising edge-triggered flip-flop clocked by clk)
  Path Group: clk
  Path Type: min

  Point                                                   Incr       Path
  --------------------------------------------------------------------------
  clock clk (rise edge)                                   0.00       0.00
  clock network delay (ideal)                             0.00       0.00
  U_EX_MEM_Reg/alu_result_out_reg[7]/CK (DFFRQX2M)        0.00 #     0.00 r
  U_EX_MEM_Reg/alu_result_out_reg[7]/Q (DFFRQX2M)         0.49       0.49 f
  U_EX_MEM_Reg/alu_result_out[7] (EX_M_register)          0.00       0.49 f
  U_MEM_WB_Reg/alu_result_in[7] (MEM_WB_Register)         0.00       0.49 f
  U_MEM_WB_Reg/alu_result_out_reg[7]/D (DFFRQX2M)         0.00       0.49 f
  data arrival time                                                  0.49

  clock clk (rise edge)                                   0.00       0.00
  clock network delay (ideal)                             0.00       0.00
  clock uncertainty                                       0.05       0.05
  U_MEM_WB_Reg/alu_result_out_reg[7]/CK (DFFRQX2M)        0.00       0.05 r
  library hold time                                      -0.01       0.04
  data required time                                                 0.04
  --------------------------------------------------------------------------
  data required time                                                 0.04
  data arrival time                                                 -0.49
  --------------------------------------------------------------------------
  slack (MET)                                                        0.45


  Startpoint: U_EX_MEM_Reg/instruction_out_reg[7]
              (rising edge-triggered flip-flop clocked by clk)
  Endpoint: U_MEM_WB_Reg/instruction_out_reg[7]
            (rising edge-triggered flip-flop clocked by clk)
  Path Group: clk
  Path Type: min

  Point                                                   Incr       Path
  --------------------------------------------------------------------------
  clock clk (rise edge)                                   0.00       0.00
  clock network delay (ideal)                             0.00       0.00
  U_EX_MEM_Reg/instruction_out_reg[7]/CK (DFFRQX2M)       0.00 #     0.00 r
  U_EX_MEM_Reg/instruction_out_reg[7]/Q (DFFRQX2M)        0.49       0.49 f
  U_EX_MEM_Reg/instruction_out[7] (EX_M_register)         0.00       0.49 f
  U_MEM_WB_Reg/instruction_in[7] (MEM_WB_Register)        0.00       0.49 f
  U_MEM_WB_Reg/instruction_out_reg[7]/D (DFFRQX2M)        0.00       0.49 f
  data arrival time                                                  0.49

  clock clk (rise edge)                                   0.00       0.00
  clock network delay (ideal)                             0.00       0.00
  clock uncertainty                                       0.05       0.05
  U_MEM_WB_Reg/instruction_out_reg[7]/CK (DFFRQX2M)       0.00       0.05 r
  library hold time                                      -0.01       0.04
  data required time                                                 0.04
  --------------------------------------------------------------------------
  data required time                                                 0.04
  data arrival time                                                 -0.49
  --------------------------------------------------------------------------
  slack (MET)                                                        0.45


  Startpoint: U_EX_MEM_Reg/alu_result_out_reg[6]
              (rising edge-triggered flip-flop clocked by clk)
  Endpoint: U_MEM_WB_Reg/alu_result_out_reg[6]
            (rising edge-triggered flip-flop clocked by clk)
  Path Group: clk
  Path Type: min

  Point                                                   Incr       Path
  --------------------------------------------------------------------------
  clock clk (rise edge)                                   0.00       0.00
  clock network delay (ideal)                             0.00       0.00
  U_EX_MEM_Reg/alu_result_out_reg[6]/CK (DFFRQX2M)        0.00 #     0.00 r
  U_EX_MEM_Reg/alu_result_out_reg[6]/Q (DFFRQX2M)         0.49       0.49 f
  U_EX_MEM_Reg/alu_result_out[6] (EX_M_register)          0.00       0.49 f
  U_MEM_WB_Reg/alu_result_in[6] (MEM_WB_Register)         0.00       0.49 f
  U_MEM_WB_Reg/alu_result_out_reg[6]/D (DFFRQX2M)         0.00       0.49 f
  data arrival time                                                  0.49

  clock clk (rise edge)                                   0.00       0.00
  clock network delay (ideal)                             0.00       0.00
  clock uncertainty                                       0.05       0.05
  U_MEM_WB_Reg/alu_result_out_reg[6]/CK (DFFRQX2M)        0.00       0.05 r
  library hold time                                      -0.01       0.04
  data required time                                                 0.04
  --------------------------------------------------------------------------
  data required time                                                 0.04
  data arrival time                                                 -0.49
  --------------------------------------------------------------------------
  slack (MET)                                                        0.45


  Startpoint: U_EX_MEM_Reg/alu_result_out_reg[5]
              (rising edge-triggered flip-flop clocked by clk)
  Endpoint: U_MEM_WB_Reg/alu_result_out_reg[5]
            (rising edge-triggered flip-flop clocked by clk)
  Path Group: clk
  Path Type: min

  Point                                                   Incr       Path
  --------------------------------------------------------------------------
  clock clk (rise edge)                                   0.00       0.00
  clock network delay (ideal)                             0.00       0.00
  U_EX_MEM_Reg/alu_result_out_reg[5]/CK (DFFRQX2M)        0.00 #     0.00 r
  U_EX_MEM_Reg/alu_result_out_reg[5]/Q (DFFRQX2M)         0.49       0.49 f
  U_EX_MEM_Reg/alu_result_out[5] (EX_M_register)          0.00       0.49 f
  U_MEM_WB_Reg/alu_result_in[5] (MEM_WB_Register)         0.00       0.49 f
  U_MEM_WB_Reg/alu_result_out_reg[5]/D (DFFRQX2M)         0.00       0.49 f
  data arrival time                                                  0.49

  clock clk (rise edge)                                   0.00       0.00
  clock network delay (ideal)                             0.00       0.00
  clock uncertainty                                       0.05       0.05
  U_MEM_WB_Reg/alu_result_out_reg[5]/CK (DFFRQX2M)        0.00       0.05 r
  library hold time                                      -0.01       0.04
  data required time                                                 0.04
  --------------------------------------------------------------------------
  data required time                                                 0.04
  data arrival time                                                 -0.49
  --------------------------------------------------------------------------
  slack (MET)                                                        0.45


  Startpoint: U_EX_MEM_Reg/alu_result_out_reg[4]
              (rising edge-triggered flip-flop clocked by clk)
  Endpoint: U_MEM_WB_Reg/alu_result_out_reg[4]
            (rising edge-triggered flip-flop clocked by clk)
  Path Group: clk
  Path Type: min

  Point                                                   Incr       Path
  --------------------------------------------------------------------------
  clock clk (rise edge)                                   0.00       0.00
  clock network delay (ideal)                             0.00       0.00
  U_EX_MEM_Reg/alu_result_out_reg[4]/CK (DFFRQX2M)        0.00 #     0.00 r
  U_EX_MEM_Reg/alu_result_out_reg[4]/Q (DFFRQX2M)         0.49       0.49 f
  U_EX_MEM_Reg/alu_result_out[4] (EX_M_register)          0.00       0.49 f
  U_MEM_WB_Reg/alu_result_in[4] (MEM_WB_Register)         0.00       0.49 f
  U_MEM_WB_Reg/alu_result_out_reg[4]/D (DFFRQX2M)         0.00       0.49 f
  data arrival time                                                  0.49

  clock clk (rise edge)                                   0.00       0.00
  clock network delay (ideal)                             0.00       0.00
  clock uncertainty                                       0.05       0.05
  U_MEM_WB_Reg/alu_result_out_reg[4]/CK (DFFRQX2M)        0.00       0.05 r
  library hold time                                      -0.01       0.04
  data required time                                                 0.04
  --------------------------------------------------------------------------
  data required time                                                 0.04
  data arrival time                                                 -0.49
  --------------------------------------------------------------------------
  slack (MET)                                                        0.45


  Startpoint: U_EX_MEM_Reg/alu_result_out_reg[3]
              (rising edge-triggered flip-flop clocked by clk)
  Endpoint: U_MEM_WB_Reg/alu_result_out_reg[3]
            (rising edge-triggered flip-flop clocked by clk)
  Path Group: clk
  Path Type: min

  Point                                                   Incr       Path
  --------------------------------------------------------------------------
  clock clk (rise edge)                                   0.00       0.00
  clock network delay (ideal)                             0.00       0.00
  U_EX_MEM_Reg/alu_result_out_reg[3]/CK (DFFRQX2M)        0.00 #     0.00 r
  U_EX_MEM_Reg/alu_result_out_reg[3]/Q (DFFRQX2M)         0.49       0.49 f
  U_EX_MEM_Reg/alu_result_out[3] (EX_M_register)          0.00       0.49 f
  U_MEM_WB_Reg/alu_result_in[3] (MEM_WB_Register)         0.00       0.49 f
  U_MEM_WB_Reg/alu_result_out_reg[3]/D (DFFRQX2M)         0.00       0.49 f
  data arrival time                                                  0.49

  clock clk (rise edge)                                   0.00       0.00
  clock network delay (ideal)                             0.00       0.00
  clock uncertainty                                       0.05       0.05
  U_MEM_WB_Reg/alu_result_out_reg[3]/CK (DFFRQX2M)        0.00       0.05 r
  library hold time                                      -0.01       0.04
  data required time                                                 0.04
  --------------------------------------------------------------------------
  data required time                                                 0.04
  data arrival time                                                 -0.49
  --------------------------------------------------------------------------
  slack (MET)                                                        0.45


  Startpoint: U_EX_MEM_Reg/instruction_out_reg[6]
              (rising edge-triggered flip-flop clocked by clk)
  Endpoint: U_MEM_WB_Reg/instruction_out_reg[6]
            (rising edge-triggered flip-flop clocked by clk)
  Path Group: clk
  Path Type: min

  Point                                                   Incr       Path
  --------------------------------------------------------------------------
  clock clk (rise edge)                                   0.00       0.00
  clock network delay (ideal)                             0.00       0.00
  U_EX_MEM_Reg/instruction_out_reg[6]/CK (DFFRQX2M)       0.00 #     0.00 r
  U_EX_MEM_Reg/instruction_out_reg[6]/Q (DFFRQX2M)        0.49       0.49 f
  U_EX_MEM_Reg/instruction_out[6] (EX_M_register)         0.00       0.49 f
  U_MEM_WB_Reg/instruction_in[6] (MEM_WB_Register)        0.00       0.49 f
  U_MEM_WB_Reg/instruction_out_reg[6]/D (DFFRQX2M)        0.00       0.49 f
  data arrival time                                                  0.49

  clock clk (rise edge)                                   0.00       0.00
  clock network delay (ideal)                             0.00       0.00
  clock uncertainty                                       0.05       0.05
  U_MEM_WB_Reg/instruction_out_reg[6]/CK (DFFRQX2M)       0.00       0.05 r
  library hold time                                      -0.01       0.04
  data required time                                                 0.04
  --------------------------------------------------------------------------
  data required time                                                 0.04
  data arrival time                                                 -0.49
  --------------------------------------------------------------------------
  slack (MET)                                                        0.45


  Startpoint: U_EX_MEM_Reg/instruction_out_reg[5]
              (rising edge-triggered flip-flop clocked by clk)
  Endpoint: U_MEM_WB_Reg/instruction_out_reg[5]
            (rising edge-triggered flip-flop clocked by clk)
  Path Group: clk
  Path Type: min

  Point                                                   Incr       Path
  --------------------------------------------------------------------------
  clock clk (rise edge)                                   0.00       0.00
  clock network delay (ideal)                             0.00       0.00
  U_EX_MEM_Reg/instruction_out_reg[5]/CK (DFFRQX2M)       0.00 #     0.00 r
  U_EX_MEM_Reg/instruction_out_reg[5]/Q (DFFRQX2M)        0.49       0.49 f
  U_EX_MEM_Reg/instruction_out[5] (EX_M_register)         0.00       0.49 f
  U_MEM_WB_Reg/instruction_in[5] (MEM_WB_Register)        0.00       0.49 f
  U_MEM_WB_Reg/instruction_out_reg[5]/D (DFFRQX2M)        0.00       0.49 f
  data arrival time                                                  0.49

  clock clk (rise edge)                                   0.00       0.00
  clock network delay (ideal)                             0.00       0.00
  clock uncertainty                                       0.05       0.05
  U_MEM_WB_Reg/instruction_out_reg[5]/CK (DFFRQX2M)       0.00       0.05 r
  library hold time                                      -0.01       0.04
  data required time                                                 0.04
  --------------------------------------------------------------------------
  data required time                                                 0.04
  data arrival time                                                 -0.49
  --------------------------------------------------------------------------
  slack (MET)                                                        0.45


  Startpoint: U_EX_MEM_Reg/instruction_out_reg[4]
              (rising edge-triggered flip-flop clocked by clk)
  Endpoint: U_MEM_WB_Reg/instruction_out_reg[4]
            (rising edge-triggered flip-flop clocked by clk)
  Path Group: clk
  Path Type: min

  Point                                                   Incr       Path
  --------------------------------------------------------------------------
  clock clk (rise edge)                                   0.00       0.00
  clock network delay (ideal)                             0.00       0.00
  U_EX_MEM_Reg/instruction_out_reg[4]/CK (DFFRQX2M)       0.00 #     0.00 r
  U_EX_MEM_Reg/instruction_out_reg[4]/Q (DFFRQX2M)        0.49       0.49 f
  U_EX_MEM_Reg/instruction_out[4] (EX_M_register)         0.00       0.49 f
  U_MEM_WB_Reg/instruction_in[4] (MEM_WB_Register)        0.00       0.49 f
  U_MEM_WB_Reg/instruction_out_reg[4]/D (DFFRQX2M)        0.00       0.49 f
  data arrival time                                                  0.49

  clock clk (rise edge)                                   0.00       0.00
  clock network delay (ideal)                             0.00       0.00
  clock uncertainty                                       0.05       0.05
  U_MEM_WB_Reg/instruction_out_reg[4]/CK (DFFRQX2M)       0.00       0.05 r
  library hold time                                      -0.01       0.04
  data required time                                                 0.04
  --------------------------------------------------------------------------
  data required time                                                 0.04
  data arrival time                                                 -0.49
  --------------------------------------------------------------------------
  slack (MET)                                                        0.45


  Startpoint: U_EX_MEM_Reg/alu_result_out_reg[2]
              (rising edge-triggered flip-flop clocked by clk)
  Endpoint: U_MEM_WB_Reg/alu_result_out_reg[2]
            (rising edge-triggered flip-flop clocked by clk)
  Path Group: clk
  Path Type: min

  Point                                                   Incr       Path
  --------------------------------------------------------------------------
  clock clk (rise edge)                                   0.00       0.00
  clock network delay (ideal)                             0.00       0.00
  U_EX_MEM_Reg/alu_result_out_reg[2]/CK (DFFRQX2M)        0.00 #     0.00 r
  U_EX_MEM_Reg/alu_result_out_reg[2]/Q (DFFRQX2M)         0.49       0.49 f
  U_EX_MEM_Reg/alu_result_out[2] (EX_M_register)          0.00       0.49 f
  U_MEM_WB_Reg/alu_result_in[2] (MEM_WB_Register)         0.00       0.49 f
  U_MEM_WB_Reg/alu_result_out_reg[2]/D (DFFRQX2M)         0.00       0.49 f
  data arrival time                                                  0.49

  clock clk (rise edge)                                   0.00       0.00
  clock network delay (ideal)                             0.00       0.00
  clock uncertainty                                       0.05       0.05
  U_MEM_WB_Reg/alu_result_out_reg[2]/CK (DFFRQX2M)        0.00       0.05 r
  library hold time                                      -0.01       0.04
  data required time                                                 0.04
  --------------------------------------------------------------------------
  data required time                                                 0.04
  data arrival time                                                 -0.49
  --------------------------------------------------------------------------
  slack (MET)                                                        0.45


  Startpoint: U_EX_MEM_Reg/alu_result_out_reg[1]
              (rising edge-triggered flip-flop clocked by clk)
  Endpoint: U_MEM_WB_Reg/alu_result_out_reg[1]
            (rising edge-triggered flip-flop clocked by clk)
  Path Group: clk
  Path Type: min

  Point                                                   Incr       Path
  --------------------------------------------------------------------------
  clock clk (rise edge)                                   0.00       0.00
  clock network delay (ideal)                             0.00       0.00
  U_EX_MEM_Reg/alu_result_out_reg[1]/CK (DFFRQX2M)        0.00 #     0.00 r
  U_EX_MEM_Reg/alu_result_out_reg[1]/Q (DFFRQX2M)         0.49       0.49 f
  U_EX_MEM_Reg/alu_result_out[1] (EX_M_register)          0.00       0.49 f
  U_MEM_WB_Reg/alu_result_in[1] (MEM_WB_Register)         0.00       0.49 f
  U_MEM_WB_Reg/alu_result_out_reg[1]/D (DFFRQX2M)         0.00       0.49 f
  data arrival time                                                  0.49

  clock clk (rise edge)                                   0.00       0.00
  clock network delay (ideal)                             0.00       0.00
  clock uncertainty                                       0.05       0.05
  U_MEM_WB_Reg/alu_result_out_reg[1]/CK (DFFRQX2M)        0.00       0.05 r
  library hold time                                      -0.01       0.04
  data required time                                                 0.04
  --------------------------------------------------------------------------
  data required time                                                 0.04
  data arrival time                                                 -0.49
  --------------------------------------------------------------------------
  slack (MET)                                                        0.45


  Startpoint: U_EX_MEM_Reg/alu_result_out_reg[0]
              (rising edge-triggered flip-flop clocked by clk)
  Endpoint: U_MEM_WB_Reg/alu_result_out_reg[0]
            (rising edge-triggered flip-flop clocked by clk)
  Path Group: clk
  Path Type: min

  Point                                                   Incr       Path
  --------------------------------------------------------------------------
  clock clk (rise edge)                                   0.00       0.00
  clock network delay (ideal)                             0.00       0.00
  U_EX_MEM_Reg/alu_result_out_reg[0]/CK (DFFRQX2M)        0.00 #     0.00 r
  U_EX_MEM_Reg/alu_result_out_reg[0]/Q (DFFRQX2M)         0.49       0.49 f
  U_EX_MEM_Reg/alu_result_out[0] (EX_M_register)          0.00       0.49 f
  U_MEM_WB_Reg/alu_result_in[0] (MEM_WB_Register)         0.00       0.49 f
  U_MEM_WB_Reg/alu_result_out_reg[0]/D (DFFRQX2M)         0.00       0.49 f
  data arrival time                                                  0.49

  clock clk (rise edge)                                   0.00       0.00
  clock network delay (ideal)                             0.00       0.00
  clock uncertainty                                       0.05       0.05
  U_MEM_WB_Reg/alu_result_out_reg[0]/CK (DFFRQX2M)        0.00       0.05 r
  library hold time                                      -0.01       0.04
  data required time                                                 0.04
  --------------------------------------------------------------------------
  data required time                                                 0.04
  data arrival time                                                 -0.49
  --------------------------------------------------------------------------
  slack (MET)                                                        0.45


  Startpoint: U_EX_MEM_Reg/reg_ra_data_out_reg[7]
              (rising edge-triggered flip-flop clocked by clk)
  Endpoint: U_MEM_WB_Reg/reg_ra_data_out_reg[7]
            (rising edge-triggered flip-flop clocked by clk)
  Path Group: clk
  Path Type: min

  Point                                                   Incr       Path
  --------------------------------------------------------------------------
  clock clk (rise edge)                                   0.00       0.00
  clock network delay (ideal)                             0.00       0.00
  U_EX_MEM_Reg/reg_ra_data_out_reg[7]/CK (DFFRQX2M)       0.00 #     0.00 r
  U_EX_MEM_Reg/reg_ra_data_out_reg[7]/Q (DFFRQX2M)        0.49       0.49 f
  U_EX_MEM_Reg/reg_ra_data_out[7] (EX_M_register)         0.00       0.49 f
  U_MEM_WB_Reg/reg_ra_data_in[7] (MEM_WB_Register)        0.00       0.49 f
  U_MEM_WB_Reg/reg_ra_data_out_reg[7]/D (DFFRQX2M)        0.00       0.49 f
  data arrival time                                                  0.49

  clock clk (rise edge)                                   0.00       0.00
  clock network delay (ideal)                             0.00       0.00
  clock uncertainty                                       0.05       0.05
  U_MEM_WB_Reg/reg_ra_data_out_reg[7]/CK (DFFRQX2M)       0.00       0.05 r
  library hold time                                      -0.01       0.04
  data required time                                                 0.04
  --------------------------------------------------------------------------
  data required time                                                 0.04
  data arrival time                                                 -0.49
  --------------------------------------------------------------------------
  slack (MET)                                                        0.45


  Startpoint: U_EX_MEM_Reg/reg_ra_data_out_reg[6]
              (rising edge-triggered flip-flop clocked by clk)
  Endpoint: U_MEM_WB_Reg/reg_ra_data_out_reg[6]
            (rising edge-triggered flip-flop clocked by clk)
  Path Group: clk
  Path Type: min

  Point                                                   Incr       Path
  --------------------------------------------------------------------------
  clock clk (rise edge)                                   0.00       0.00
  clock network delay (ideal)                             0.00       0.00
  U_EX_MEM_Reg/reg_ra_data_out_reg[6]/CK (DFFRQX2M)       0.00 #     0.00 r
  U_EX_MEM_Reg/reg_ra_data_out_reg[6]/Q (DFFRQX2M)        0.49       0.49 f
  U_EX_MEM_Reg/reg_ra_data_out[6] (EX_M_register)         0.00       0.49 f
  U_MEM_WB_Reg/reg_ra_data_in[6] (MEM_WB_Register)        0.00       0.49 f
  U_MEM_WB_Reg/reg_ra_data_out_reg[6]/D (DFFRQX2M)        0.00       0.49 f
  data arrival time                                                  0.49

  clock clk (rise edge)                                   0.00       0.00
  clock network delay (ideal)                             0.00       0.00
  clock uncertainty                                       0.05       0.05
  U_MEM_WB_Reg/reg_ra_data_out_reg[6]/CK (DFFRQX2M)       0.00       0.05 r
  library hold time                                      -0.01       0.04
  data required time                                                 0.04
  --------------------------------------------------------------------------
  data required time                                                 0.04
  data arrival time                                                 -0.49
  --------------------------------------------------------------------------
  slack (MET)                                                        0.45


  Startpoint: U_EX_MEM_Reg/reg_ra_data_out_reg[5]
              (rising edge-triggered flip-flop clocked by clk)
  Endpoint: U_MEM_WB_Reg/reg_ra_data_out_reg[5]
            (rising edge-triggered flip-flop clocked by clk)
  Path Group: clk
  Path Type: min

  Point                                                   Incr       Path
  --------------------------------------------------------------------------
  clock clk (rise edge)                                   0.00       0.00
  clock network delay (ideal)                             0.00       0.00
  U_EX_MEM_Reg/reg_ra_data_out_reg[5]/CK (DFFRQX2M)       0.00 #     0.00 r
  U_EX_MEM_Reg/reg_ra_data_out_reg[5]/Q (DFFRQX2M)        0.49       0.49 f
  U_EX_MEM_Reg/reg_ra_data_out[5] (EX_M_register)         0.00       0.49 f
  U_MEM_WB_Reg/reg_ra_data_in[5] (MEM_WB_Register)        0.00       0.49 f
  U_MEM_WB_Reg/reg_ra_data_out_reg[5]/D (DFFRQX2M)        0.00       0.49 f
  data arrival time                                                  0.49

  clock clk (rise edge)                                   0.00       0.00
  clock network delay (ideal)                             0.00       0.00
  clock uncertainty                                       0.05       0.05
  U_MEM_WB_Reg/reg_ra_data_out_reg[5]/CK (DFFRQX2M)       0.00       0.05 r
  library hold time                                      -0.01       0.04
  data required time                                                 0.04
  --------------------------------------------------------------------------
  data required time                                                 0.04
  data arrival time                                                 -0.49
  --------------------------------------------------------------------------
  slack (MET)                                                        0.45


  Startpoint: U_EX_MEM_Reg/reg_ra_data_out_reg[4]
              (rising edge-triggered flip-flop clocked by clk)
  Endpoint: U_MEM_WB_Reg/reg_ra_data_out_reg[4]
            (rising edge-triggered flip-flop clocked by clk)
  Path Group: clk
  Path Type: min

  Point                                                   Incr       Path
  --------------------------------------------------------------------------
  clock clk (rise edge)                                   0.00       0.00
  clock network delay (ideal)                             0.00       0.00
  U_EX_MEM_Reg/reg_ra_data_out_reg[4]/CK (DFFRQX2M)       0.00 #     0.00 r
  U_EX_MEM_Reg/reg_ra_data_out_reg[4]/Q (DFFRQX2M)        0.49       0.49 f
  U_EX_MEM_Reg/reg_ra_data_out[4] (EX_M_register)         0.00       0.49 f
  U_MEM_WB_Reg/reg_ra_data_in[4] (MEM_WB_Register)        0.00       0.49 f
  U_MEM_WB_Reg/reg_ra_data_out_reg[4]/D (DFFRQX2M)        0.00       0.49 f
  data arrival time                                                  0.49

  clock clk (rise edge)                                   0.00       0.00
  clock network delay (ideal)                             0.00       0.00
  clock uncertainty                                       0.05       0.05
  U_MEM_WB_Reg/reg_ra_data_out_reg[4]/CK (DFFRQX2M)       0.00       0.05 r
  library hold time                                      -0.01       0.04
  data required time                                                 0.04
  --------------------------------------------------------------------------
  data required time                                                 0.04
  data arrival time                                                 -0.49
  --------------------------------------------------------------------------
  slack (MET)                                                        0.45


  Startpoint: U_EX_MEM_Reg/reg_ra_data_out_reg[3]
              (rising edge-triggered flip-flop clocked by clk)
  Endpoint: U_MEM_WB_Reg/reg_ra_data_out_reg[3]
            (rising edge-triggered flip-flop clocked by clk)
  Path Group: clk
  Path Type: min

  Point                                                   Incr       Path
  --------------------------------------------------------------------------
  clock clk (rise edge)                                   0.00       0.00
  clock network delay (ideal)                             0.00       0.00
  U_EX_MEM_Reg/reg_ra_data_out_reg[3]/CK (DFFRQX2M)       0.00 #     0.00 r
  U_EX_MEM_Reg/reg_ra_data_out_reg[3]/Q (DFFRQX2M)        0.49       0.49 f
  U_EX_MEM_Reg/reg_ra_data_out[3] (EX_M_register)         0.00       0.49 f
  U_MEM_WB_Reg/reg_ra_data_in[3] (MEM_WB_Register)        0.00       0.49 f
  U_MEM_WB_Reg/reg_ra_data_out_reg[3]/D (DFFRQX2M)        0.00       0.49 f
  data arrival time                                                  0.49

  clock clk (rise edge)                                   0.00       0.00
  clock network delay (ideal)                             0.00       0.00
  clock uncertainty                                       0.05       0.05
  U_MEM_WB_Reg/reg_ra_data_out_reg[3]/CK (DFFRQX2M)       0.00       0.05 r
  library hold time                                      -0.01       0.04
  data required time                                                 0.04
  --------------------------------------------------------------------------
  data required time                                                 0.04
  data arrival time                                                 -0.49
  --------------------------------------------------------------------------
  slack (MET)                                                        0.45


  Startpoint: U_EX_MEM_Reg/reg_ra_data_out_reg[2]
              (rising edge-triggered flip-flop clocked by clk)
  Endpoint: U_MEM_WB_Reg/reg_ra_data_out_reg[2]
            (rising edge-triggered flip-flop clocked by clk)
  Path Group: clk
  Path Type: min

  Point                                                   Incr       Path
  --------------------------------------------------------------------------
  clock clk (rise edge)                                   0.00       0.00
  clock network delay (ideal)                             0.00       0.00
  U_EX_MEM_Reg/reg_ra_data_out_reg[2]/CK (DFFRQX2M)       0.00 #     0.00 r
  U_EX_MEM_Reg/reg_ra_data_out_reg[2]/Q (DFFRQX2M)        0.49       0.49 f
  U_EX_MEM_Reg/reg_ra_data_out[2] (EX_M_register)         0.00       0.49 f
  U_MEM_WB_Reg/reg_ra_data_in[2] (MEM_WB_Register)        0.00       0.49 f
  U_MEM_WB_Reg/reg_ra_data_out_reg[2]/D (DFFRQX2M)        0.00       0.49 f
  data arrival time                                                  0.49

  clock clk (rise edge)                                   0.00       0.00
  clock network delay (ideal)                             0.00       0.00
  clock uncertainty                                       0.05       0.05
  U_MEM_WB_Reg/reg_ra_data_out_reg[2]/CK (DFFRQX2M)       0.00       0.05 r
  library hold time                                      -0.01       0.04
  data required time                                                 0.04
  --------------------------------------------------------------------------
  data required time                                                 0.04
  data arrival time                                                 -0.49
  --------------------------------------------------------------------------
  slack (MET)                                                        0.45


  Startpoint: U_EX_MEM_Reg/reg_ra_data_out_reg[1]
              (rising edge-triggered flip-flop clocked by clk)
  Endpoint: U_MEM_WB_Reg/reg_ra_data_out_reg[1]
            (rising edge-triggered flip-flop clocked by clk)
  Path Group: clk
  Path Type: min

  Point                                                   Incr       Path
  --------------------------------------------------------------------------
  clock clk (rise edge)                                   0.00       0.00
  clock network delay (ideal)                             0.00       0.00
  U_EX_MEM_Reg/reg_ra_data_out_reg[1]/CK (DFFRQX2M)       0.00 #     0.00 r
  U_EX_MEM_Reg/reg_ra_data_out_reg[1]/Q (DFFRQX2M)        0.49       0.49 f
  U_EX_MEM_Reg/reg_ra_data_out[1] (EX_M_register)         0.00       0.49 f
  U_MEM_WB_Reg/reg_ra_data_in[1] (MEM_WB_Register)        0.00       0.49 f
  U_MEM_WB_Reg/reg_ra_data_out_reg[1]/D (DFFRQX2M)        0.00       0.49 f
  data arrival time                                                  0.49

  clock clk (rise edge)                                   0.00       0.00
  clock network delay (ideal)                             0.00       0.00
  clock uncertainty                                       0.05       0.05
  U_MEM_WB_Reg/reg_ra_data_out_reg[1]/CK (DFFRQX2M)       0.00       0.05 r
  library hold time                                      -0.01       0.04
  data required time                                                 0.04
  --------------------------------------------------------------------------
  data required time                                                 0.04
  data arrival time                                                 -0.49
  --------------------------------------------------------------------------
  slack (MET)                                                        0.45


  Startpoint: U_EX_MEM_Reg/reg_ra_data_out_reg[0]
              (rising edge-triggered flip-flop clocked by clk)
  Endpoint: U_MEM_WB_Reg/reg_ra_data_out_reg[0]
            (rising edge-triggered flip-flop clocked by clk)
  Path Group: clk
  Path Type: min

  Point                                                   Incr       Path
  --------------------------------------------------------------------------
  clock clk (rise edge)                                   0.00       0.00
  clock network delay (ideal)                             0.00       0.00
  U_EX_MEM_Reg/reg_ra_data_out_reg[0]/CK (DFFRQX2M)       0.00 #     0.00 r
  U_EX_MEM_Reg/reg_ra_data_out_reg[0]/Q (DFFRQX2M)        0.49       0.49 f
  U_EX_MEM_Reg/reg_ra_data_out[0] (EX_M_register)         0.00       0.49 f
  U_MEM_WB_Reg/reg_ra_data_in[0] (MEM_WB_Register)        0.00       0.49 f
  U_MEM_WB_Reg/reg_ra_data_out_reg[0]/D (DFFRQX2M)        0.00       0.49 f
  data arrival time                                                  0.49

  clock clk (rise edge)                                   0.00       0.00
  clock network delay (ideal)                             0.00       0.00
  clock uncertainty                                       0.05       0.05
  U_MEM_WB_Reg/reg_ra_data_out_reg[0]/CK (DFFRQX2M)       0.00       0.05 r
  library hold time                                      -0.01       0.04
  data required time                                                 0.04
  --------------------------------------------------------------------------
  data required time                                                 0.04
  data arrival time                                                 -0.49
  --------------------------------------------------------------------------
  slack (MET)                                                        0.45


1
