 
****************************************
Report : timing
        -path full
        -delay max
        -max_paths 100
Design : Processor_TopLevel
Version: K-2015.06
Date   : Sun Dec 21 19:41:10 2025
****************************************

 # A fanout number of 1000 was used for high fanout net computations.

Operating Conditions: scmetro_tsmc_cl013g_rvt_ss_1p08v_125c   Library: scmetro_tsmc_cl013g_rvt_ss_1p08v_125c
Wire Load Model Mode: top

  Startpoint: interrupt (input port clocked by clk)
  Endpoint: U_Fetch/pc/pc_out_reg[6]
            (rising edge-triggered flip-flop clocked by clk)
  Path Group: INREG
  Path Type: max

  Point                                                   Incr       Path
  --------------------------------------------------------------------------
  clock clk (rise edge)                                   0.00       0.00
  clock network delay (ideal)                             0.00       0.00
  input external delay                                    6.00       6.00 r
  interrupt (in)                                          0.01       6.01 r
  U103/Y (BUFX2M)                                         0.23       6.24 r
  u_Control_Unit/interrupt_sig (Control_Unit)             0.00       6.24 r
  u_Control_Unit/U3/Y (NOR2X2M)                           0.14       6.37 f
  u_Control_Unit/U16/Y (INVX2M)                           0.24       6.61 r
  u_Control_Unit/U15/Y (NOR3X2M)                          0.11       6.72 f
  u_Control_Unit/U13/Y (AOI31X2M)                         0.19       6.91 r
  u_Control_Unit/U14/Y (OAI21X2M)                         0.18       7.09 f
  u_Control_Unit/SP_Inc (Control_Unit)                    0.00       7.09 f
  U_Decode_WB/SP_Inc (decode_wb_stage)                    0.00       7.09 f
  U_Decode_WB/U_RF/SP_Inc (Register_File)                 0.00       7.09 f
  U_Decode_WB/U_RF/U30/Y (NOR2X2M)                        0.12       7.22 r
  U_Decode_WB/U_RF/U29/Y (BUFX2M)                         0.32       7.54 r
  U_Decode_WB/U_RF/U22/Y (AOI22X1M)                       0.13       7.67 f
  U_Decode_WB/U_RF/U21/Y (OAI2BB1X2M)                     0.12       7.79 r
  U_Decode_WB/U_RF/RTI_SP[0] (Register_File)              0.00       7.79 r
  U_Decode_WB/RTI_SP[0] (decode_wb_stage)                 0.00       7.79 r
  U_Memory/RTI_SP_IN[0] (MemoryStage)                     0.00       7.79 r
  U_Memory/U1104/Y (BUFX2M)                               0.12       7.90 r
  U_Memory/U360/Y (BUFX2M)                                0.11       8.02 r
  U_Memory/U260/Y (BUFX2M)                                0.13       8.15 r
  U_Memory/U140/Y (BUFX2M)                                0.11       8.26 r
  U_Memory/U71/Y (BUFX2M)                                 0.79       9.05 r
  U_Memory/U1749/Y (MX4X1M)                               0.49       9.54 f
  U_Memory/U1877/Y (MX4X1M)                               0.36       9.90 f
  U_Memory/U1288/Y (MX4X1M)                               0.36      10.25 f
  U_Memory/U1256/Y (MX4X1M)                               0.35      10.60 f
  U_Memory/RTI_SP_OUT[6] (MemoryStage)                    0.00      10.60 f
  U_Fetch/return_target[6] (FetchStage)                   0.00      10.60 f
  U_Fetch/U19/Y (AOI22X1M)                                0.20      10.80 r
  U_Fetch/U18/Y (OAI2BB1X2M)                              0.08      10.88 f
  U_Fetch/pc/next_pc[6] (Program_Counter)                 0.00      10.88 f
  U_Fetch/pc/U19/Y (AOI22X1M)                             0.12      11.00 r
  U_Fetch/pc/U18/Y (OAI2BB1X2M)                           0.07      11.07 f
  U_Fetch/pc/pc_out_reg[6]/D (DFFSRHQX2M)                 0.00      11.07 f
  data arrival time                                                 11.07

  clock clk (rise edge)                                  20.00      20.00
  clock network delay (ideal)                             0.00      20.00
  clock uncertainty                                      -0.25      19.75
  U_Fetch/pc/pc_out_reg[6]/CK (DFFSRHQX2M)                0.00      19.75 r
  library setup time                                     -0.19      19.56
  data required time                                                19.56
  --------------------------------------------------------------------------
  data required time                                                19.56
  data arrival time                                                -11.07
  --------------------------------------------------------------------------
  slack (MET)                                                        8.49


  Startpoint: interrupt (input port clocked by clk)
  Endpoint: U_Fetch/pc/pc_out_reg[5]
            (rising edge-triggered flip-flop clocked by clk)
  Path Group: INREG
  Path Type: max

  Point                                                   Incr       Path
  --------------------------------------------------------------------------
  clock clk (rise edge)                                   0.00       0.00
  clock network delay (ideal)                             0.00       0.00
  input external delay                                    6.00       6.00 r
  interrupt (in)                                          0.01       6.01 r
  U103/Y (BUFX2M)                                         0.23       6.24 r
  u_Control_Unit/interrupt_sig (Control_Unit)             0.00       6.24 r
  u_Control_Unit/U3/Y (NOR2X2M)                           0.14       6.37 f
  u_Control_Unit/U16/Y (INVX2M)                           0.24       6.61 r
  u_Control_Unit/U15/Y (NOR3X2M)                          0.11       6.72 f
  u_Control_Unit/U13/Y (AOI31X2M)                         0.19       6.91 r
  u_Control_Unit/U14/Y (OAI21X2M)                         0.18       7.09 f
  u_Control_Unit/SP_Inc (Control_Unit)                    0.00       7.09 f
  U_Decode_WB/SP_Inc (decode_wb_stage)                    0.00       7.09 f
  U_Decode_WB/U_RF/SP_Inc (Register_File)                 0.00       7.09 f
  U_Decode_WB/U_RF/U30/Y (NOR2X2M)                        0.12       7.22 r
  U_Decode_WB/U_RF/U29/Y (BUFX2M)                         0.32       7.54 r
  U_Decode_WB/U_RF/U22/Y (AOI22X1M)                       0.13       7.67 f
  U_Decode_WB/U_RF/U21/Y (OAI2BB1X2M)                     0.12       7.79 r
  U_Decode_WB/U_RF/RTI_SP[0] (Register_File)              0.00       7.79 r
  U_Decode_WB/RTI_SP[0] (decode_wb_stage)                 0.00       7.79 r
  U_Memory/RTI_SP_IN[0] (MemoryStage)                     0.00       7.79 r
  U_Memory/U1104/Y (BUFX2M)                               0.12       7.90 r
  U_Memory/U360/Y (BUFX2M)                                0.11       8.02 r
  U_Memory/U260/Y (BUFX2M)                                0.13       8.15 r
  U_Memory/U137/Y (BUFX2M)                                0.11       8.26 r
  U_Memory/U66/Y (BUFX2M)                                 0.79       9.05 r
  U_Memory/U1733/Y (MX4X1M)                               0.49       9.54 f
  U_Memory/U1861/Y (MX4X1M)                               0.36       9.90 f
  U_Memory/U1284/Y (MX4X1M)                               0.36      10.25 f
  U_Memory/U1252/Y (MX4X1M)                               0.35      10.60 f
  U_Memory/RTI_SP_OUT[5] (MemoryStage)                    0.00      10.60 f
  U_Fetch/return_target[5] (FetchStage)                   0.00      10.60 f
  U_Fetch/U17/Y (AOI22X1M)                                0.20      10.80 r
  U_Fetch/U16/Y (OAI2BB1X2M)                              0.08      10.88 f
  U_Fetch/pc/next_pc[5] (Program_Counter)                 0.00      10.88 f
  U_Fetch/pc/U17/Y (AOI22X1M)                             0.12      11.00 r
  U_Fetch/pc/U16/Y (OAI2BB1X2M)                           0.07      11.07 f
  U_Fetch/pc/pc_out_reg[5]/D (DFFSRHQX2M)                 0.00      11.07 f
  data arrival time                                                 11.07

  clock clk (rise edge)                                  20.00      20.00
  clock network delay (ideal)                             0.00      20.00
  clock uncertainty                                      -0.25      19.75
  U_Fetch/pc/pc_out_reg[5]/CK (DFFSRHQX2M)                0.00      19.75 r
  library setup time                                     -0.19      19.56
  data required time                                                19.56
  --------------------------------------------------------------------------
  data required time                                                19.56
  data arrival time                                                -11.07
  --------------------------------------------------------------------------
  slack (MET)                                                        8.49


  Startpoint: interrupt (input port clocked by clk)
  Endpoint: U_Fetch/pc/pc_out_reg[4]
            (rising edge-triggered flip-flop clocked by clk)
  Path Group: INREG
  Path Type: max

  Point                                                   Incr       Path
  --------------------------------------------------------------------------
  clock clk (rise edge)                                   0.00       0.00
  clock network delay (ideal)                             0.00       0.00
  input external delay                                    6.00       6.00 r
  interrupt (in)                                          0.01       6.01 r
  U103/Y (BUFX2M)                                         0.23       6.24 r
  u_Control_Unit/interrupt_sig (Control_Unit)             0.00       6.24 r
  u_Control_Unit/U3/Y (NOR2X2M)                           0.14       6.37 f
  u_Control_Unit/U16/Y (INVX2M)                           0.24       6.61 r
  u_Control_Unit/U15/Y (NOR3X2M)                          0.11       6.72 f
  u_Control_Unit/U13/Y (AOI31X2M)                         0.19       6.91 r
  u_Control_Unit/U14/Y (OAI21X2M)                         0.18       7.09 f
  u_Control_Unit/SP_Inc (Control_Unit)                    0.00       7.09 f
  U_Decode_WB/SP_Inc (decode_wb_stage)                    0.00       7.09 f
  U_Decode_WB/U_RF/SP_Inc (Register_File)                 0.00       7.09 f
  U_Decode_WB/U_RF/U30/Y (NOR2X2M)                        0.12       7.22 r
  U_Decode_WB/U_RF/U29/Y (BUFX2M)                         0.32       7.54 r
  U_Decode_WB/U_RF/U22/Y (AOI22X1M)                       0.13       7.67 f
  U_Decode_WB/U_RF/U21/Y (OAI2BB1X2M)                     0.12       7.79 r
  U_Decode_WB/U_RF/RTI_SP[0] (Register_File)              0.00       7.79 r
  U_Decode_WB/RTI_SP[0] (decode_wb_stage)                 0.00       7.79 r
  U_Memory/RTI_SP_IN[0] (MemoryStage)                     0.00       7.79 r
  U_Memory/U1104/Y (BUFX2M)                               0.12       7.90 r
  U_Memory/U360/Y (BUFX2M)                                0.11       8.02 r
  U_Memory/U259/Y (BUFX2M)                                0.13       8.15 r
  U_Memory/U135/Y (BUFX2M)                                0.11       8.26 r
  U_Memory/U61/Y (BUFX2M)                                 0.79       9.05 r
  U_Memory/U1717/Y (MX4X1M)                               0.49       9.54 f
  U_Memory/U1845/Y (MX4X1M)                               0.36       9.90 f
  U_Memory/U1280/Y (MX4X1M)                               0.36      10.25 f
  U_Memory/U1248/Y (MX4X1M)                               0.35      10.60 f
  U_Memory/RTI_SP_OUT[4] (MemoryStage)                    0.00      10.60 f
  U_Fetch/return_target[4] (FetchStage)                   0.00      10.60 f
  U_Fetch/U15/Y (AOI22X1M)                                0.20      10.80 r
  U_Fetch/U14/Y (OAI2BB1X2M)                              0.08      10.88 f
  U_Fetch/pc/next_pc[4] (Program_Counter)                 0.00      10.88 f
  U_Fetch/pc/U15/Y (AOI22X1M)                             0.12      11.00 r
  U_Fetch/pc/U14/Y (OAI2BB1X2M)                           0.07      11.07 f
  U_Fetch/pc/pc_out_reg[4]/D (DFFSRHQX2M)                 0.00      11.07 f
  data arrival time                                                 11.07

  clock clk (rise edge)                                  20.00      20.00
  clock network delay (ideal)                             0.00      20.00
  clock uncertainty                                      -0.25      19.75
  U_Fetch/pc/pc_out_reg[4]/CK (DFFSRHQX2M)                0.00      19.75 r
  library setup time                                     -0.19      19.56
  data required time                                                19.56
  --------------------------------------------------------------------------
  data required time                                                19.56
  data arrival time                                                -11.07
  --------------------------------------------------------------------------
  slack (MET)                                                        8.49


  Startpoint: interrupt (input port clocked by clk)
  Endpoint: U_Fetch/pc/pc_out_reg[7]
            (rising edge-triggered flip-flop clocked by clk)
  Path Group: INREG
  Path Type: max

  Point                                                   Incr       Path
  --------------------------------------------------------------------------
  clock clk (rise edge)                                   0.00       0.00
  clock network delay (ideal)                             0.00       0.00
  input external delay                                    6.00       6.00 r
  interrupt (in)                                          0.01       6.01 r
  U103/Y (BUFX2M)                                         0.23       6.24 r
  u_Control_Unit/interrupt_sig (Control_Unit)             0.00       6.24 r
  u_Control_Unit/U3/Y (NOR2X2M)                           0.14       6.37 f
  u_Control_Unit/U16/Y (INVX2M)                           0.24       6.61 r
  u_Control_Unit/U15/Y (NOR3X2M)                          0.11       6.72 f
  u_Control_Unit/U13/Y (AOI31X2M)                         0.19       6.91 r
  u_Control_Unit/U14/Y (OAI21X2M)                         0.18       7.09 f
  u_Control_Unit/SP_Inc (Control_Unit)                    0.00       7.09 f
  U_Decode_WB/SP_Inc (decode_wb_stage)                    0.00       7.09 f
  U_Decode_WB/U_RF/SP_Inc (Register_File)                 0.00       7.09 f
  U_Decode_WB/U_RF/U30/Y (NOR2X2M)                        0.12       7.22 r
  U_Decode_WB/U_RF/U29/Y (BUFX2M)                         0.32       7.54 r
  U_Decode_WB/U_RF/U22/Y (AOI22X1M)                       0.13       7.67 f
  U_Decode_WB/U_RF/U21/Y (OAI2BB1X2M)                     0.12       7.79 r
  U_Decode_WB/U_RF/RTI_SP[0] (Register_File)              0.00       7.79 r
  U_Decode_WB/RTI_SP[0] (decode_wb_stage)                 0.00       7.79 r
  U_Memory/RTI_SP_IN[0] (MemoryStage)                     0.00       7.79 r
  U_Memory/U1104/Y (BUFX2M)                               0.12       7.90 r
  U_Memory/U360/Y (BUFX2M)                                0.11       8.02 r
  U_Memory/U261/Y (BUFX2M)                                0.13       8.15 r
  U_Memory/U142/Y (BUFX2M)                                0.11       8.26 r
  U_Memory/U76/Y (BUFX2M)                                 0.79       9.05 r
  U_Memory/U1765/Y (MX4X1M)                               0.49       9.54 f
  U_Memory/U1893/Y (MX4X1M)                               0.36       9.90 f
  U_Memory/U1292/Y (MX4X1M)                               0.36      10.25 f
  U_Memory/U1260/Y (MX4X1M)                               0.35      10.60 f
  U_Memory/RTI_SP_OUT[7] (MemoryStage)                    0.00      10.60 f
  U_Fetch/return_target[7] (FetchStage)                   0.00      10.60 f
  U_Fetch/U21/Y (AOI22X1M)                                0.20      10.80 r
  U_Fetch/U20/Y (OAI2BB1X2M)                              0.08      10.88 f
  U_Fetch/pc/next_pc[7] (Program_Counter)                 0.00      10.88 f
  U_Fetch/pc/U21/Y (AOI22X1M)                             0.12      11.00 r
  U_Fetch/pc/U20/Y (OAI2BB1X2M)                           0.07      11.07 f
  U_Fetch/pc/pc_out_reg[7]/D (DFFSRHQX2M)                 0.00      11.07 f
  data arrival time                                                 11.07

  clock clk (rise edge)                                  20.00      20.00
  clock network delay (ideal)                             0.00      20.00
  clock uncertainty                                      -0.25      19.75
  U_Fetch/pc/pc_out_reg[7]/CK (DFFSRHQX2M)                0.00      19.75 r
  library setup time                                     -0.19      19.56
  data required time                                                19.56
  --------------------------------------------------------------------------
  data required time                                                19.56
  data arrival time                                                -11.07
  --------------------------------------------------------------------------
  slack (MET)                                                        8.49


  Startpoint: interrupt (input port clocked by clk)
  Endpoint: U_Fetch/pc/pc_out_reg[3]
            (rising edge-triggered flip-flop clocked by clk)
  Path Group: INREG
  Path Type: max

  Point                                                   Incr       Path
  --------------------------------------------------------------------------
  clock clk (rise edge)                                   0.00       0.00
  clock network delay (ideal)                             0.00       0.00
  input external delay                                    6.00       6.00 r
  interrupt (in)                                          0.01       6.01 r
  U103/Y (BUFX2M)                                         0.23       6.24 r
  u_Control_Unit/interrupt_sig (Control_Unit)             0.00       6.24 r
  u_Control_Unit/U3/Y (NOR2X2M)                           0.14       6.37 f
  u_Control_Unit/U16/Y (INVX2M)                           0.24       6.61 r
  u_Control_Unit/U15/Y (NOR3X2M)                          0.11       6.72 f
  u_Control_Unit/U13/Y (AOI31X2M)                         0.19       6.91 r
  u_Control_Unit/U14/Y (OAI21X2M)                         0.18       7.09 f
  u_Control_Unit/SP_Inc (Control_Unit)                    0.00       7.09 f
  U_Decode_WB/SP_Inc (decode_wb_stage)                    0.00       7.09 f
  U_Decode_WB/U_RF/SP_Inc (Register_File)                 0.00       7.09 f
  U_Decode_WB/U_RF/U30/Y (NOR2X2M)                        0.12       7.22 r
  U_Decode_WB/U_RF/U29/Y (BUFX2M)                         0.32       7.54 r
  U_Decode_WB/U_RF/U22/Y (AOI22X1M)                       0.13       7.67 f
  U_Decode_WB/U_RF/U21/Y (OAI2BB1X2M)                     0.12       7.79 r
  U_Decode_WB/U_RF/RTI_SP[0] (Register_File)              0.00       7.79 r
  U_Decode_WB/RTI_SP[0] (decode_wb_stage)                 0.00       7.79 r
  U_Memory/RTI_SP_IN[0] (MemoryStage)                     0.00       7.79 r
  U_Memory/U1104/Y (BUFX2M)                               0.12       7.90 r
  U_Memory/U360/Y (BUFX2M)                                0.11       8.02 r
  U_Memory/U259/Y (BUFX2M)                                0.13       8.15 r
  U_Memory/U133/Y (BUFX2M)                                0.11       8.26 r
  U_Memory/U58/Y (BUFX2M)                                 0.79       9.05 r
  U_Memory/U1702/Y (MX4X1M)                               0.49       9.54 f
  U_Memory/U1279/Y (MX4X1M)                               0.36       9.90 f
  U_Memory/U1276/Y (MX4X1M)                               0.34      10.24 f
  U_Memory/U1244/Y (MX4X1M)                               0.35      10.59 f
  U_Memory/RTI_SP_OUT[3] (MemoryStage)                    0.00      10.59 f
  U_Fetch/return_target[3] (FetchStage)                   0.00      10.59 f
  U_Fetch/U13/Y (AOI22X1M)                                0.20      10.79 r
  U_Fetch/U12/Y (OAI2BB1X2M)                              0.08      10.87 f
  U_Fetch/pc/next_pc[3] (Program_Counter)                 0.00      10.87 f
  U_Fetch/pc/U13/Y (AOI22X1M)                             0.12      10.99 r
  U_Fetch/pc/U12/Y (OAI2BB1X2M)                           0.07      11.06 f
  U_Fetch/pc/pc_out_reg[3]/D (DFFSRHQX2M)                 0.00      11.06 f
  data arrival time                                                 11.06

  clock clk (rise edge)                                  20.00      20.00
  clock network delay (ideal)                             0.00      20.00
  clock uncertainty                                      -0.25      19.75
  U_Fetch/pc/pc_out_reg[3]/CK (DFFSRHQX2M)                0.00      19.75 r
  library setup time                                     -0.19      19.56
  data required time                                                19.56
  --------------------------------------------------------------------------
  data required time                                                19.56
  data arrival time                                                -11.06
  --------------------------------------------------------------------------
  slack (MET)                                                        8.50


  Startpoint: interrupt (input port clocked by clk)
  Endpoint: U_Fetch/pc/pc_out_reg[2]
            (rising edge-triggered flip-flop clocked by clk)
  Path Group: INREG
  Path Type: max

  Point                                                   Incr       Path
  --------------------------------------------------------------------------
  clock clk (rise edge)                                   0.00       0.00
  clock network delay (ideal)                             0.00       0.00
  input external delay                                    6.00       6.00 r
  interrupt (in)                                          0.01       6.01 r
  U103/Y (BUFX2M)                                         0.23       6.24 r
  u_Control_Unit/interrupt_sig (Control_Unit)             0.00       6.24 r
  u_Control_Unit/U3/Y (NOR2X2M)                           0.14       6.37 f
  u_Control_Unit/U16/Y (INVX2M)                           0.24       6.61 r
  u_Control_Unit/U15/Y (NOR3X2M)                          0.11       6.72 f
  u_Control_Unit/U13/Y (AOI31X2M)                         0.19       6.91 r
  u_Control_Unit/U14/Y (OAI21X2M)                         0.18       7.09 f
  u_Control_Unit/SP_Inc (Control_Unit)                    0.00       7.09 f
  U_Decode_WB/SP_Inc (decode_wb_stage)                    0.00       7.09 f
  U_Decode_WB/U_RF/SP_Inc (Register_File)                 0.00       7.09 f
  U_Decode_WB/U_RF/U30/Y (NOR2X2M)                        0.12       7.22 r
  U_Decode_WB/U_RF/U29/Y (BUFX2M)                         0.32       7.54 r
  U_Decode_WB/U_RF/U22/Y (AOI22X1M)                       0.13       7.67 f
  U_Decode_WB/U_RF/U21/Y (OAI2BB1X2M)                     0.12       7.79 r
  U_Decode_WB/U_RF/RTI_SP[0] (Register_File)              0.00       7.79 r
  U_Decode_WB/RTI_SP[0] (decode_wb_stage)                 0.00       7.79 r
  U_Memory/RTI_SP_IN[0] (MemoryStage)                     0.00       7.79 r
  U_Memory/U1104/Y (BUFX2M)                               0.12       7.90 r
  U_Memory/U362/Y (BUFX2M)                                0.10       8.01 r
  U_Memory/U263/Y (BUFX2M)                                0.12       8.13 r
  U_Memory/U130/Y (BUFX2M)                                0.11       8.24 r
  U_Memory/U51/Y (BUFX2M)                                 0.79       9.04 r
  U_Memory/U1685/Y (MX4X1M)                               0.49       9.53 f
  U_Memory/U1813/Y (MX4X1M)                               0.36       9.88 f
  U_Memory/U1272/Y (MX4X1M)                               0.36      10.24 f
  U_Memory/U1240/Y (MX4X1M)                               0.35      10.59 f
  U_Memory/RTI_SP_OUT[2] (MemoryStage)                    0.00      10.59 f
  U_Fetch/return_target[2] (FetchStage)                   0.00      10.59 f
  U_Fetch/U11/Y (AOI22X1M)                                0.20      10.79 r
  U_Fetch/U10/Y (OAI2BB1X2M)                              0.08      10.87 f
  U_Fetch/pc/next_pc[2] (Program_Counter)                 0.00      10.87 f
  U_Fetch/pc/U11/Y (AOI22X1M)                             0.12      10.99 r
  U_Fetch/pc/U10/Y (OAI2BB1X2M)                           0.07      11.06 f
  U_Fetch/pc/pc_out_reg[2]/D (DFFSRHQX2M)                 0.00      11.06 f
  data arrival time                                                 11.06

  clock clk (rise edge)                                  20.00      20.00
  clock network delay (ideal)                             0.00      20.00
  clock uncertainty                                      -0.25      19.75
  U_Fetch/pc/pc_out_reg[2]/CK (DFFSRHQX2M)                0.00      19.75 r
  library setup time                                     -0.19      19.56
  data required time                                                19.56
  --------------------------------------------------------------------------
  data required time                                                19.56
  data arrival time                                                -11.06
  --------------------------------------------------------------------------
  slack (MET)                                                        8.50


  Startpoint: interrupt (input port clocked by clk)
  Endpoint: U_Fetch/pc/pc_out_reg[1]
            (rising edge-triggered flip-flop clocked by clk)
  Path Group: INREG
  Path Type: max

  Point                                                   Incr       Path
  --------------------------------------------------------------------------
  clock clk (rise edge)                                   0.00       0.00
  clock network delay (ideal)                             0.00       0.00
  input external delay                                    6.00       6.00 r
  interrupt (in)                                          0.01       6.01 r
  U103/Y (BUFX2M)                                         0.23       6.24 r
  u_Control_Unit/interrupt_sig (Control_Unit)             0.00       6.24 r
  u_Control_Unit/U3/Y (NOR2X2M)                           0.14       6.37 f
  u_Control_Unit/U16/Y (INVX2M)                           0.24       6.61 r
  u_Control_Unit/U15/Y (NOR3X2M)                          0.11       6.72 f
  u_Control_Unit/U13/Y (AOI31X2M)                         0.19       6.91 r
  u_Control_Unit/U14/Y (OAI21X2M)                         0.18       7.09 f
  u_Control_Unit/SP_Inc (Control_Unit)                    0.00       7.09 f
  U_Decode_WB/SP_Inc (decode_wb_stage)                    0.00       7.09 f
  U_Decode_WB/U_RF/SP_Inc (Register_File)                 0.00       7.09 f
  U_Decode_WB/U_RF/U30/Y (NOR2X2M)                        0.12       7.22 r
  U_Decode_WB/U_RF/U29/Y (BUFX2M)                         0.32       7.54 r
  U_Decode_WB/U_RF/U22/Y (AOI22X1M)                       0.13       7.67 f
  U_Decode_WB/U_RF/U21/Y (OAI2BB1X2M)                     0.12       7.79 r
  U_Decode_WB/U_RF/RTI_SP[0] (Register_File)              0.00       7.79 r
  U_Decode_WB/RTI_SP[0] (decode_wb_stage)                 0.00       7.79 r
  U_Memory/RTI_SP_IN[0] (MemoryStage)                     0.00       7.79 r
  U_Memory/U1104/Y (BUFX2M)                               0.12       7.90 r
  U_Memory/U362/Y (BUFX2M)                                0.10       8.01 r
  U_Memory/U262/Y (BUFX2M)                                0.12       8.13 r
  U_Memory/U127/Y (BUFX2M)                                0.11       8.24 r
  U_Memory/U46/Y (BUFX2M)                                 0.79       9.04 r
  U_Memory/U1669/Y (MX4X1M)                               0.49       9.53 f
  U_Memory/U1797/Y (MX4X1M)                               0.36       9.88 f
  U_Memory/U1268/Y (MX4X1M)                               0.36      10.24 f
  U_Memory/U1236/Y (MX4X1M)                               0.35      10.59 f
  U_Memory/RTI_SP_OUT[1] (MemoryStage)                    0.00      10.59 f
  U_Fetch/return_target[1] (FetchStage)                   0.00      10.59 f
  U_Fetch/U9/Y (AOI22X1M)                                 0.20      10.79 r
  U_Fetch/U8/Y (OAI2BB1X2M)                               0.08      10.87 f
  U_Fetch/pc/next_pc[1] (Program_Counter)                 0.00      10.87 f
  U_Fetch/pc/U9/Y (AOI22X1M)                              0.12      10.99 r
  U_Fetch/pc/U8/Y (OAI2BB1X2M)                            0.07      11.06 f
  U_Fetch/pc/pc_out_reg[1]/D (DFFSRHQX2M)                 0.00      11.06 f
  data arrival time                                                 11.06

  clock clk (rise edge)                                  20.00      20.00
  clock network delay (ideal)                             0.00      20.00
  clock uncertainty                                      -0.25      19.75
  U_Fetch/pc/pc_out_reg[1]/CK (DFFSRHQX2M)                0.00      19.75 r
  library setup time                                     -0.19      19.56
  data required time                                                19.56
  --------------------------------------------------------------------------
  data required time                                                19.56
  data arrival time                                                -11.06
  --------------------------------------------------------------------------
  slack (MET)                                                        8.50


  Startpoint: interrupt (input port clocked by clk)
  Endpoint: U_Fetch/pc/pc_out_reg[0]
            (rising edge-triggered flip-flop clocked by clk)
  Path Group: INREG
  Path Type: max

  Point                                                   Incr       Path
  --------------------------------------------------------------------------
  clock clk (rise edge)                                   0.00       0.00
  clock network delay (ideal)                             0.00       0.00
  input external delay                                    6.00       6.00 r
  interrupt (in)                                          0.01       6.01 r
  U103/Y (BUFX2M)                                         0.23       6.24 r
  u_Control_Unit/interrupt_sig (Control_Unit)             0.00       6.24 r
  u_Control_Unit/U3/Y (NOR2X2M)                           0.14       6.37 f
  u_Control_Unit/U16/Y (INVX2M)                           0.24       6.61 r
  u_Control_Unit/U15/Y (NOR3X2M)                          0.11       6.72 f
  u_Control_Unit/U13/Y (AOI31X2M)                         0.19       6.91 r
  u_Control_Unit/U14/Y (OAI21X2M)                         0.18       7.09 f
  u_Control_Unit/SP_Inc (Control_Unit)                    0.00       7.09 f
  U_Decode_WB/SP_Inc (decode_wb_stage)                    0.00       7.09 f
  U_Decode_WB/U_RF/SP_Inc (Register_File)                 0.00       7.09 f
  U_Decode_WB/U_RF/U30/Y (NOR2X2M)                        0.12       7.22 r
  U_Decode_WB/U_RF/U29/Y (BUFX2M)                         0.32       7.54 r
  U_Decode_WB/U_RF/U22/Y (AOI22X1M)                       0.13       7.67 f
  U_Decode_WB/U_RF/U21/Y (OAI2BB1X2M)                     0.12       7.79 r
  U_Decode_WB/U_RF/RTI_SP[0] (Register_File)              0.00       7.79 r
  U_Decode_WB/RTI_SP[0] (decode_wb_stage)                 0.00       7.79 r
  U_Memory/RTI_SP_IN[0] (MemoryStage)                     0.00       7.79 r
  U_Memory/U1104/Y (BUFX2M)                               0.12       7.90 r
  U_Memory/U362/Y (BUFX2M)                                0.10       8.01 r
  U_Memory/U262/Y (BUFX2M)                                0.12       8.13 r
  U_Memory/U145/Y (BUFX2M)                                0.11       8.24 r
  U_Memory/U42/Y (BUFX2M)                                 0.79       9.04 r
  U_Memory/U1654/Y (MX4X1M)                               0.49       9.53 f
  U_Memory/U1267/Y (MX4X1M)                               0.36       9.88 f
  U_Memory/U1264/Y (MX4X1M)                               0.34      10.23 f
  U_Memory/U1232/Y (MX4X1M)                               0.35      10.58 f
  U_Memory/RTI_SP_OUT[0] (MemoryStage)                    0.00      10.58 f
  U_Fetch/return_target[0] (FetchStage)                   0.00      10.58 f
  U_Fetch/U7/Y (AOI22X1M)                                 0.20      10.77 r
  U_Fetch/U6/Y (OAI2BB1X2M)                               0.08      10.85 f
  U_Fetch/pc/next_pc[0] (Program_Counter)                 0.00      10.85 f
  U_Fetch/pc/U7/Y (AOI22X1M)                              0.12      10.97 r
  U_Fetch/pc/U6/Y (OAI2BB1X2M)                            0.07      11.04 f
  U_Fetch/pc/pc_out_reg[0]/D (DFFSRHQX2M)                 0.00      11.04 f
  data arrival time                                                 11.04

  clock clk (rise edge)                                  20.00      20.00
  clock network delay (ideal)                             0.00      20.00
  clock uncertainty                                      -0.25      19.75
  U_Fetch/pc/pc_out_reg[0]/CK (DFFSRHQX2M)                0.00      19.75 r
  library setup time                                     -0.19      19.56
  data required time                                                19.56
  --------------------------------------------------------------------------
  data required time                                                19.56
  data arrival time                                                -11.04
  --------------------------------------------------------------------------
  slack (MET)                                                        8.51


  Startpoint: in_port_val[0]
              (input port clocked by clk)
  Endpoint: U_Execute/ccr_unit/Z_reg
            (rising edge-triggered flip-flop clocked by clk)
  Path Group: INREG
  Path Type: max

  Point                                                   Incr       Path
  --------------------------------------------------------------------------
  clock clk (rise edge)                                   0.00       0.00
  clock network delay (ideal)                             0.00       0.00
  input external delay                                    6.00       6.00 f
  in_port_val[0] (in)                                     0.01       6.01 f
  U_Decode_WB/in_port[0] (decode_wb_stage)                0.00       6.01 f
  U_Decode_WB/U7/Y (AOI22X1M)                             0.19       6.20 r
  U_Decode_WB/U5/Y (NAND2X2M)                             0.11       6.31 f
  U_Decode_WB/DATA_OUT[0] (decode_wb_stage)               0.00       6.31 f
  U105/Y (AOI22X1M)                                       0.22       6.53 r
  U104/Y (OAI21X2M)                                       0.09       6.61 f
  U_Execute/A[0] (ExecuteStage)                           0.00       6.61 f
  U_Execute/alu_unit/A[0] (ALU)                           0.00       6.61 f
  U_Execute/alu_unit/U5/Y (BUFX2M)                        0.21       6.83 f
  U_Execute/alu_unit/add_27/A[0] (ALU_DW01_add_0)         0.00       6.83 f
  U_Execute/alu_unit/add_27/U1/Y (AND2X2M)                0.19       7.02 f
  U_Execute/alu_unit/add_27/U1_1/CO (ADDFX2M)             0.31       7.33 f
  U_Execute/alu_unit/add_27/U1_2/CO (ADDFX2M)             0.33       7.66 f
  U_Execute/alu_unit/add_27/U1_3/CO (ADDFX2M)             0.33       7.99 f
  U_Execute/alu_unit/add_27/U1_4/CO (ADDFX2M)             0.33       8.32 f
  U_Execute/alu_unit/add_27/U1_5/CO (ADDFX2M)             0.33       8.65 f
  U_Execute/alu_unit/add_27/U1_6/CO (ADDFX2M)             0.33       8.97 f
  U_Execute/alu_unit/add_27/U1_7/S (ADDFX2M)              0.25       9.22 f
  U_Execute/alu_unit/add_27/SUM[7] (ALU_DW01_add_0)       0.00       9.22 f
  U_Execute/alu_unit/U85/Y (AOI221XLM)                    0.45       9.67 r
  U_Execute/alu_unit/U82/Y (NAND3X2M)                     0.16       9.84 f
  U_Execute/alu_unit/U15/Y (OR4X1M)                       0.50      10.33 f
  U_Execute/alu_unit/U86/Y (NOR2X2M)                      0.11      10.44 r
  U_Execute/alu_unit/Z_out (ALU)                          0.00      10.44 r
  U_Execute/ccr_unit/Z_in (CCR)                           0.00      10.44 r
  U_Execute/ccr_unit/U4/Y (AOI22X1M)                      0.09      10.54 f
  U_Execute/ccr_unit/U3/Y (OAI21X2M)                      0.08      10.61 r
  U_Execute/ccr_unit/Z_reg/D (DFFRQX2M)                   0.00      10.61 r
  data arrival time                                                 10.61

  clock clk (rise edge)                                  20.00      20.00
  clock network delay (ideal)                             0.00      20.00
  clock uncertainty                                      -0.25      19.75
  U_Execute/ccr_unit/Z_reg/CK (DFFRQX2M)                  0.00      19.75 r
  library setup time                                     -0.29      19.46
  data required time                                                19.46
  --------------------------------------------------------------------------
  data required time                                                19.46
  data arrival time                                                -10.61
  --------------------------------------------------------------------------
  slack (MET)                                                        8.84


  Startpoint: in_port_val[0]
              (input port clocked by clk)
  Endpoint: U_Execute/ccr_unit/V_reg
            (rising edge-triggered flip-flop clocked by clk)
  Path Group: INREG
  Path Type: max

  Point                                                   Incr       Path
  --------------------------------------------------------------------------
  clock clk (rise edge)                                   0.00       0.00
  clock network delay (ideal)                             0.00       0.00
  input external delay                                    6.00       6.00 f
  in_port_val[0] (in)                                     0.01       6.01 f
  U_Decode_WB/in_port[0] (decode_wb_stage)                0.00       6.01 f
  U_Decode_WB/U7/Y (AOI22X1M)                             0.19       6.20 r
  U_Decode_WB/U5/Y (NAND2X2M)                             0.11       6.31 f
  U_Decode_WB/DATA_OUT[0] (decode_wb_stage)               0.00       6.31 f
  U105/Y (AOI22X1M)                                       0.22       6.53 r
  U104/Y (OAI21X2M)                                       0.09       6.61 f
  U_Execute/A[0] (ExecuteStage)                           0.00       6.61 f
  U_Execute/alu_unit/A[0] (ALU)                           0.00       6.61 f
  U_Execute/alu_unit/U5/Y (BUFX2M)                        0.21       6.83 f
  U_Execute/alu_unit/add_27/A[0] (ALU_DW01_add_0)         0.00       6.83 f
  U_Execute/alu_unit/add_27/U1/Y (AND2X2M)                0.19       7.02 f
  U_Execute/alu_unit/add_27/U1_1/CO (ADDFX2M)             0.31       7.33 f
  U_Execute/alu_unit/add_27/U1_2/CO (ADDFX2M)             0.33       7.66 f
  U_Execute/alu_unit/add_27/U1_3/CO (ADDFX2M)             0.33       7.99 f
  U_Execute/alu_unit/add_27/U1_4/CO (ADDFX2M)             0.33       8.32 f
  U_Execute/alu_unit/add_27/U1_5/CO (ADDFX2M)             0.33       8.65 f
  U_Execute/alu_unit/add_27/U1_6/CO (ADDFX2M)             0.33       8.97 f
  U_Execute/alu_unit/add_27/U1_7/S (ADDFX2M)              0.34       9.31 r
  U_Execute/alu_unit/add_27/SUM[7] (ALU_DW01_add_0)       0.00       9.31 r
  U_Execute/alu_unit/U25/Y (INVX2M)                       0.05       9.36 f
  U_Execute/alu_unit/U22/Y (AOI32X1M)                     0.19       9.56 r
  U_Execute/alu_unit/U19/Y (OAI31X1M)                     0.12       9.67 f
  U_Execute/alu_unit/U18/Y (AOI221XLM)                    0.30       9.97 r
  U_Execute/alu_unit/U88/Y (OAI22X1M)                     0.15      10.11 f
  U_Execute/alu_unit/V_out (ALU)                          0.00      10.11 f
  U_Execute/ccr_unit/V_in (CCR)                           0.00      10.11 f
  U_Execute/ccr_unit/U8/Y (AOI22X1M)                      0.17      10.28 r
  U_Execute/ccr_unit/U7/Y (OAI21X2M)                      0.09      10.37 f
  U_Execute/ccr_unit/V_reg/D (DFFRQX2M)                   0.00      10.37 f
  data arrival time                                                 10.37

  clock clk (rise edge)                                  20.00      20.00
  clock network delay (ideal)                             0.00      20.00
  clock uncertainty                                      -0.25      19.75
  U_Execute/ccr_unit/V_reg/CK (DFFRQX2M)                  0.00      19.75 r
  library setup time                                     -0.14      19.61
  data required time                                                19.61
  --------------------------------------------------------------------------
  data required time                                                19.61
  data arrival time                                                -10.37
  --------------------------------------------------------------------------
  slack (MET)                                                        9.24


  Startpoint: in_port_val[0]
              (input port clocked by clk)
  Endpoint: U_Execute/ccr_unit/N_reg
            (rising edge-triggered flip-flop clocked by clk)
  Path Group: INREG
  Path Type: max

  Point                                                   Incr       Path
  --------------------------------------------------------------------------
  clock clk (rise edge)                                   0.00       0.00
  clock network delay (ideal)                             0.00       0.00
  input external delay                                    6.00       6.00 f
  in_port_val[0] (in)                                     0.01       6.01 f
  U_Decode_WB/in_port[0] (decode_wb_stage)                0.00       6.01 f
  U_Decode_WB/U7/Y (AOI22X1M)                             0.19       6.20 r
  U_Decode_WB/U5/Y (NAND2X2M)                             0.11       6.31 f
  U_Decode_WB/DATA_OUT[0] (decode_wb_stage)               0.00       6.31 f
  U105/Y (AOI22X1M)                                       0.22       6.53 r
  U104/Y (OAI21X2M)                                       0.09       6.61 f
  U_Execute/A[0] (ExecuteStage)                           0.00       6.61 f
  U_Execute/alu_unit/A[0] (ALU)                           0.00       6.61 f
  U_Execute/alu_unit/U5/Y (BUFX2M)                        0.21       6.83 f
  U_Execute/alu_unit/add_27/A[0] (ALU_DW01_add_0)         0.00       6.83 f
  U_Execute/alu_unit/add_27/U1/Y (AND2X2M)                0.19       7.02 f
  U_Execute/alu_unit/add_27/U1_1/CO (ADDFX2M)             0.31       7.33 f
  U_Execute/alu_unit/add_27/U1_2/CO (ADDFX2M)             0.33       7.66 f
  U_Execute/alu_unit/add_27/U1_3/CO (ADDFX2M)             0.33       7.99 f
  U_Execute/alu_unit/add_27/U1_4/CO (ADDFX2M)             0.33       8.32 f
  U_Execute/alu_unit/add_27/U1_5/CO (ADDFX2M)             0.33       8.65 f
  U_Execute/alu_unit/add_27/U1_6/CO (ADDFX2M)             0.33       8.97 f
  U_Execute/alu_unit/add_27/U1_7/S (ADDFX2M)              0.25       9.22 f
  U_Execute/alu_unit/add_27/SUM[7] (ALU_DW01_add_0)       0.00       9.22 f
  U_Execute/alu_unit/U85/Y (AOI221XLM)                    0.45       9.67 r
  U_Execute/alu_unit/U82/Y (NAND3X2M)                     0.16       9.84 f
  U_Execute/alu_unit/N_out (ALU)                          0.00       9.84 f
  U_Execute/ccr_unit/N_in (CCR)                           0.00       9.84 f
  U_Execute/ccr_unit/U6/Y (AOI22X1M)                      0.17      10.01 r
  U_Execute/ccr_unit/U5/Y (OAI21X2M)                      0.09      10.10 f
  U_Execute/ccr_unit/N_reg/D (DFFRQX2M)                   0.00      10.10 f
  data arrival time                                                 10.10

  clock clk (rise edge)                                  20.00      20.00
  clock network delay (ideal)                             0.00      20.00
  clock uncertainty                                      -0.25      19.75
  U_Execute/ccr_unit/N_reg/CK (DFFRQX2M)                  0.00      19.75 r
  library setup time                                     -0.14      19.61
  data required time                                                19.61
  --------------------------------------------------------------------------
  data required time                                                19.61
  data arrival time                                                -10.10
  --------------------------------------------------------------------------
  slack (MET)                                                        9.52


  Startpoint: in_port_val[0]
              (input port clocked by clk)
  Endpoint: U_Execute/ccr_unit/C_reg
            (rising edge-triggered flip-flop clocked by clk)
  Path Group: INREG
  Path Type: max

  Point                                                   Incr       Path
  --------------------------------------------------------------------------
  clock clk (rise edge)                                   0.00       0.00
  clock network delay (ideal)                             0.00       0.00
  input external delay                                    6.00       6.00 f
  in_port_val[0] (in)                                     0.01       6.01 f
  U_Decode_WB/in_port[0] (decode_wb_stage)                0.00       6.01 f
  U_Decode_WB/U7/Y (AOI22X1M)                             0.19       6.20 r
  U_Decode_WB/U5/Y (NAND2X2M)                             0.11       6.31 f
  U_Decode_WB/DATA_OUT[0] (decode_wb_stage)               0.00       6.31 f
  U105/Y (AOI22X1M)                                       0.22       6.53 r
  U104/Y (OAI21X2M)                                       0.09       6.61 f
  U_Execute/A[0] (ExecuteStage)                           0.00       6.61 f
  U_Execute/alu_unit/A[0] (ALU)                           0.00       6.61 f
  U_Execute/alu_unit/U5/Y (BUFX2M)                        0.21       6.83 f
  U_Execute/alu_unit/sub_32/A[0] (ALU_DW01_sub_0)         0.00       6.83 f
  U_Execute/alu_unit/sub_32/U11/Y (INVX2M)                0.08       6.91 r
  U_Execute/alu_unit/sub_32/U10/Y (NAND2X2M)              0.06       6.97 f
  U_Execute/alu_unit/sub_32/U2_1/CO (ADDFX2M)             0.34       7.31 f
  U_Execute/alu_unit/sub_32/U2_2/CO (ADDFX2M)             0.33       7.64 f
  U_Execute/alu_unit/sub_32/U2_3/CO (ADDFX2M)             0.33       7.96 f
  U_Execute/alu_unit/sub_32/U2_4/CO (ADDFX2M)             0.33       8.29 f
  U_Execute/alu_unit/sub_32/U2_5/CO (ADDFX2M)             0.33       8.62 f
  U_Execute/alu_unit/sub_32/U2_6/CO (ADDFX2M)             0.33       8.95 f
  U_Execute/alu_unit/sub_32/U2_7/CO (ADDFX2M)             0.32       9.27 f
  U_Execute/alu_unit/sub_32/U1/Y (INVX2M)                 0.07       9.34 r
  U_Execute/alu_unit/sub_32/DIFF[8] (ALU_DW01_sub_0)      0.00       9.34 r
  U_Execute/alu_unit/U6/Y (AOI22X1M)                      0.08       9.42 f
  U_Execute/alu_unit/U60/Y (NAND4X2M)                     0.10       9.52 r
  U_Execute/alu_unit/C_out (ALU)                          0.00       9.52 r
  U_Execute/ccr_unit/C_in (CCR)                           0.00       9.52 r
  U_Execute/ccr_unit/U11/Y (AOI31X2M)                     0.09       9.61 f
  U_Execute/ccr_unit/U9/Y (OAI221X1M)                     0.18       9.80 r
  U_Execute/ccr_unit/C_reg/D (DFFRQX2M)                   0.00       9.80 r
  data arrival time                                                  9.80

  clock clk (rise edge)                                  20.00      20.00
  clock network delay (ideal)                             0.00      20.00
  clock uncertainty                                      -0.25      19.75
  U_Execute/ccr_unit/C_reg/CK (DFFRQX2M)                  0.00      19.75 r
  library setup time                                     -0.32      19.43
  data required time                                                19.43
  --------------------------------------------------------------------------
  data required time                                                19.43
  data arrival time                                                 -9.80
  --------------------------------------------------------------------------
  slack (MET)                                                        9.64


  Startpoint: in_port_val[0]
              (input port clocked by clk)
  Endpoint: U_EX_MEM_Reg/alu_result_out_reg[7]
            (rising edge-triggered flip-flop clocked by clk)
  Path Group: INREG
  Path Type: max

  Point                                                   Incr       Path
  --------------------------------------------------------------------------
  clock clk (rise edge)                                   0.00       0.00
  clock network delay (ideal)                             0.00       0.00
  input external delay                                    6.00       6.00 f
  in_port_val[0] (in)                                     0.01       6.01 f
  U_Decode_WB/in_port[0] (decode_wb_stage)                0.00       6.01 f
  U_Decode_WB/U7/Y (AOI22X1M)                             0.19       6.20 r
  U_Decode_WB/U5/Y (NAND2X2M)                             0.11       6.31 f
  U_Decode_WB/DATA_OUT[0] (decode_wb_stage)               0.00       6.31 f
  U105/Y (AOI22X1M)                                       0.22       6.53 r
  U104/Y (OAI21X2M)                                       0.09       6.61 f
  U_Execute/A[0] (ExecuteStage)                           0.00       6.61 f
  U_Execute/alu_unit/A[0] (ALU)                           0.00       6.61 f
  U_Execute/alu_unit/U5/Y (BUFX2M)                        0.21       6.83 f
  U_Execute/alu_unit/add_27/A[0] (ALU_DW01_add_0)         0.00       6.83 f
  U_Execute/alu_unit/add_27/U1/Y (AND2X2M)                0.19       7.02 f
  U_Execute/alu_unit/add_27/U1_1/CO (ADDFX2M)             0.31       7.33 f
  U_Execute/alu_unit/add_27/U1_2/CO (ADDFX2M)             0.33       7.66 f
  U_Execute/alu_unit/add_27/U1_3/CO (ADDFX2M)             0.33       7.99 f
  U_Execute/alu_unit/add_27/U1_4/CO (ADDFX2M)             0.33       8.32 f
  U_Execute/alu_unit/add_27/U1_5/CO (ADDFX2M)             0.33       8.65 f
  U_Execute/alu_unit/add_27/U1_6/CO (ADDFX2M)             0.33       8.97 f
  U_Execute/alu_unit/add_27/U1_7/S (ADDFX2M)              0.25       9.22 f
  U_Execute/alu_unit/add_27/SUM[7] (ALU_DW01_add_0)       0.00       9.22 f
  U_Execute/alu_unit/U85/Y (AOI221XLM)                    0.45       9.67 r
  U_Execute/alu_unit/U82/Y (NAND3X2M)                     0.16       9.84 f
  U_Execute/alu_unit/Result[7] (ALU)                      0.00       9.84 f
  U_Execute/ALUResult[7] (ExecuteStage)                   0.00       9.84 f
  U_EX_MEM_Reg/alu_result_in[7] (EX_M_register)           0.00       9.84 f
  U_EX_MEM_Reg/alu_result_out_reg[7]/D (DFFRQX2M)         0.00       9.84 f
  data arrival time                                                  9.84

  clock clk (rise edge)                                  20.00      20.00
  clock network delay (ideal)                             0.00      20.00
  clock uncertainty                                      -0.25      19.75
  U_EX_MEM_Reg/alu_result_out_reg[7]/CK (DFFRQX2M)        0.00      19.75 r
  library setup time                                     -0.16      19.59
  data required time                                                19.59
  --------------------------------------------------------------------------
  data required time                                                19.59
  data arrival time                                                 -9.84
  --------------------------------------------------------------------------
  slack (MET)                                                        9.76


  Startpoint: in_port_val[0]
              (input port clocked by clk)
  Endpoint: U_EX_MEM_Reg/alu_result_out_reg[6]
            (rising edge-triggered flip-flop clocked by clk)
  Path Group: INREG
  Path Type: max

  Point                                                   Incr       Path
  --------------------------------------------------------------------------
  clock clk (rise edge)                                   0.00       0.00
  clock network delay (ideal)                             0.00       0.00
  input external delay                                    6.00       6.00 f
  in_port_val[0] (in)                                     0.01       6.01 f
  U_Decode_WB/in_port[0] (decode_wb_stage)                0.00       6.01 f
  U_Decode_WB/U7/Y (AOI22X1M)                             0.19       6.20 r
  U_Decode_WB/U5/Y (NAND2X2M)                             0.11       6.31 f
  U_Decode_WB/DATA_OUT[0] (decode_wb_stage)               0.00       6.31 f
  U105/Y (AOI22X1M)                                       0.22       6.53 r
  U104/Y (OAI21X2M)                                       0.09       6.61 f
  U_Execute/A[0] (ExecuteStage)                           0.00       6.61 f
  U_Execute/alu_unit/A[0] (ALU)                           0.00       6.61 f
  U_Execute/alu_unit/U5/Y (BUFX2M)                        0.21       6.83 f
  U_Execute/alu_unit/add_27/A[0] (ALU_DW01_add_0)         0.00       6.83 f
  U_Execute/alu_unit/add_27/U1/Y (AND2X2M)                0.19       7.02 f
  U_Execute/alu_unit/add_27/U1_1/CO (ADDFX2M)             0.31       7.33 f
  U_Execute/alu_unit/add_27/U1_2/CO (ADDFX2M)             0.33       7.66 f
  U_Execute/alu_unit/add_27/U1_3/CO (ADDFX2M)             0.33       7.99 f
  U_Execute/alu_unit/add_27/U1_4/CO (ADDFX2M)             0.33       8.32 f
  U_Execute/alu_unit/add_27/U1_5/CO (ADDFX2M)             0.33       8.65 f
  U_Execute/alu_unit/add_27/U1_6/S (ADDFX2M)              0.30       8.95 r
  U_Execute/alu_unit/add_27/SUM[6] (ALU_DW01_add_0)       0.00       8.95 r
  U_Execute/alu_unit/U28/Y (AOI22X1M)                     0.12       9.07 f
  U_Execute/alu_unit/U26/Y (NAND4X2M)                     0.10       9.17 r
  U_Execute/alu_unit/Result[6] (ALU)                      0.00       9.17 r
  U_Execute/ALUResult[6] (ExecuteStage)                   0.00       9.17 r
  U_EX_MEM_Reg/alu_result_in[6] (EX_M_register)           0.00       9.17 r
  U_EX_MEM_Reg/alu_result_out_reg[6]/D (DFFRQX2M)         0.00       9.17 r
  data arrival time                                                  9.17

  clock clk (rise edge)                                  20.00      20.00
  clock network delay (ideal)                             0.00      20.00
  clock uncertainty                                      -0.25      19.75
  U_EX_MEM_Reg/alu_result_out_reg[6]/CK (DFFRQX2M)        0.00      19.75 r
  library setup time                                     -0.29      19.46
  data required time                                                19.46
  --------------------------------------------------------------------------
  data required time                                                19.46
  data arrival time                                                 -9.17
  --------------------------------------------------------------------------
  slack (MET)                                                       10.29


  Startpoint: in_port_val[0]
              (input port clocked by clk)
  Endpoint: U_EX_MEM_Reg/alu_result_out_reg[5]
            (rising edge-triggered flip-flop clocked by clk)
  Path Group: INREG
  Path Type: max

  Point                                                   Incr       Path
  --------------------------------------------------------------------------
  clock clk (rise edge)                                   0.00       0.00
  clock network delay (ideal)                             0.00       0.00
  input external delay                                    6.00       6.00 f
  in_port_val[0] (in)                                     0.01       6.01 f
  U_Decode_WB/in_port[0] (decode_wb_stage)                0.00       6.01 f
  U_Decode_WB/U7/Y (AOI22X1M)                             0.19       6.20 r
  U_Decode_WB/U5/Y (NAND2X2M)                             0.11       6.31 f
  U_Decode_WB/DATA_OUT[0] (decode_wb_stage)               0.00       6.31 f
  U105/Y (AOI22X1M)                                       0.22       6.53 r
  U104/Y (OAI21X2M)                                       0.09       6.61 f
  U_Execute/A[0] (ExecuteStage)                           0.00       6.61 f
  U_Execute/alu_unit/A[0] (ALU)                           0.00       6.61 f
  U_Execute/alu_unit/U5/Y (BUFX2M)                        0.21       6.83 f
  U_Execute/alu_unit/add_27/A[0] (ALU_DW01_add_0)         0.00       6.83 f
  U_Execute/alu_unit/add_27/U1/Y (AND2X2M)                0.19       7.02 f
  U_Execute/alu_unit/add_27/U1_1/CO (ADDFX2M)             0.31       7.33 f
  U_Execute/alu_unit/add_27/U1_2/CO (ADDFX2M)             0.33       7.66 f
  U_Execute/alu_unit/add_27/U1_3/CO (ADDFX2M)             0.33       7.99 f
  U_Execute/alu_unit/add_27/U1_4/CO (ADDFX2M)             0.33       8.32 f
  U_Execute/alu_unit/add_27/U1_5/S (ADDFX2M)              0.30       8.62 r
  U_Execute/alu_unit/add_27/SUM[5] (ALU_DW01_add_0)       0.00       8.62 r
  U_Execute/alu_unit/U54/Y (AOI22X1M)                     0.12       8.74 f
  U_Execute/alu_unit/U52/Y (NAND4X2M)                     0.10       8.84 r
  U_Execute/alu_unit/Result[5] (ALU)                      0.00       8.84 r
  U_Execute/ALUResult[5] (ExecuteStage)                   0.00       8.84 r
  U_EX_MEM_Reg/alu_result_in[5] (EX_M_register)           0.00       8.84 r
  U_EX_MEM_Reg/alu_result_out_reg[5]/D (DFFRQX2M)         0.00       8.84 r
  data arrival time                                                  8.84

  clock clk (rise edge)                                  20.00      20.00
  clock network delay (ideal)                             0.00      20.00
  clock uncertainty                                      -0.25      19.75
  U_EX_MEM_Reg/alu_result_out_reg[5]/CK (DFFRQX2M)        0.00      19.75 r
  library setup time                                     -0.29      19.46
  data required time                                                19.46
  --------------------------------------------------------------------------
  data required time                                                19.46
  data arrival time                                                 -8.84
  --------------------------------------------------------------------------
  slack (MET)                                                       10.62


  Startpoint: interrupt (input port clocked by clk)
  Endpoint: U_ID_EX_Reg/sp_out_reg[4]
            (rising edge-triggered flip-flop clocked by clk)
  Path Group: INREG
  Path Type: max

  Point                                                   Incr       Path
  --------------------------------------------------------------------------
  clock clk (rise edge)                                   0.00       0.00
  clock network delay (ideal)                             0.00       0.00
  input external delay                                    6.00       6.00 r
  interrupt (in)                                          0.01       6.01 r
  U103/Y (BUFX2M)                                         0.23       6.24 r
  u_Control_Unit/interrupt_sig (Control_Unit)             0.00       6.24 r
  u_Control_Unit/U3/Y (NOR2X2M)                           0.14       6.37 f
  u_Control_Unit/U16/Y (INVX2M)                           0.24       6.61 r
  u_Control_Unit/U15/Y (NOR3X2M)                          0.11       6.72 f
  u_Control_Unit/U13/Y (AOI31X2M)                         0.19       6.91 r
  u_Control_Unit/U14/Y (OAI21X2M)                         0.18       7.09 f
  u_Control_Unit/SP_Inc (Control_Unit)                    0.00       7.09 f
  U_Decode_WB/SP_Inc (decode_wb_stage)                    0.00       7.09 f
  U_Decode_WB/U_RF/SP_Inc (Register_File)                 0.00       7.09 f
  U_Decode_WB/U_RF/U30/Y (NOR2X2M)                        0.12       7.22 r
  U_Decode_WB/U_RF/U29/Y (BUFX2M)                         0.32       7.54 r
  U_Decode_WB/U_RF/U39/Y (AOI22X1M)                       0.12       7.66 f
  U_Decode_WB/U_RF/U3/Y (AOI21BX2M)                       0.20       7.86 f
  U_Decode_WB/U_RF/U7/Y (INVX2M)                          0.52       8.38 r
  U_Decode_WB/U_RF/SP[4] (Register_File)                  0.00       8.38 r
  U_Decode_WB/SP_Out[4] (decode_wb_stage)                 0.00       8.38 r
  U_ID_EX_Reg/sp_in[4] (ID_EX_register)                   0.00       8.38 r
  U_ID_EX_Reg/U20/Y (AO22X1M)                             0.28       8.66 r
  U_ID_EX_Reg/sp_out_reg[4]/D (DFFRQX2M)                  0.00       8.66 r
  data arrival time                                                  8.66

  clock clk (rise edge)                                  20.00      20.00
  clock network delay (ideal)                             0.00      20.00
  clock uncertainty                                      -0.25      19.75
  U_ID_EX_Reg/sp_out_reg[4]/CK (DFFRQX2M)                 0.00      19.75 r
  library setup time                                     -0.29      19.46
  data required time                                                19.46
  --------------------------------------------------------------------------
  data required time                                                19.46
  data arrival time                                                 -8.66
  --------------------------------------------------------------------------
  slack (MET)                                                       10.81


  Startpoint: interrupt (input port clocked by clk)
  Endpoint: U_ID_EX_Reg/sp_out_reg[7]
            (rising edge-triggered flip-flop clocked by clk)
  Path Group: INREG
  Path Type: max

  Point                                                   Incr       Path
  --------------------------------------------------------------------------
  clock clk (rise edge)                                   0.00       0.00
  clock network delay (ideal)                             0.00       0.00
  input external delay                                    6.00       6.00 f
  interrupt (in)                                          0.01       6.01 f
  U103/Y (BUFX2M)                                         0.21       6.22 f
  u_Control_Unit/interrupt_sig (Control_Unit)             0.00       6.22 f
  u_Control_Unit/U3/Y (NOR2X2M)                           0.27       6.49 r
  u_Control_Unit/U16/Y (INVX2M)                           0.21       6.70 f
  u_Control_Unit/U15/Y (NOR3X2M)                          0.25       6.95 r
  u_Control_Unit/U13/Y (AOI31X2M)                         0.09       7.04 f
  u_Control_Unit/U14/Y (OAI21X2M)                         0.17       7.21 r
  u_Control_Unit/SP_Inc (Control_Unit)                    0.00       7.21 r
  U_Decode_WB/SP_Inc (decode_wb_stage)                    0.00       7.21 r
  U_Decode_WB/U_RF/SP_Inc (Register_File)                 0.00       7.21 r
  U_Decode_WB/U_RF/U30/Y (NOR2X2M)                        0.09       7.30 f
  U_Decode_WB/U_RF/U29/Y (BUFX2M)                         0.26       7.56 f
  U_Decode_WB/U_RF/U32/Y (AOI22X1M)                       0.19       7.76 r
  U_Decode_WB/U_RF/U31/Y (OAI2BB1X2M)                     0.48       8.23 f
  U_Decode_WB/U_RF/SP[7] (Register_File)                  0.00       8.23 f
  U_Decode_WB/SP_Out[7] (decode_wb_stage)                 0.00       8.23 f
  U_ID_EX_Reg/sp_in[7] (ID_EX_register)                   0.00       8.23 f
  U_ID_EX_Reg/U15/Y (AO22X1M)                             0.52       8.75 f
  U_ID_EX_Reg/sp_out_reg[7]/D (DFFRQX2M)                  0.00       8.75 f
  data arrival time                                                  8.75

  clock clk (rise edge)                                  20.00      20.00
  clock network delay (ideal)                             0.00      20.00
  clock uncertainty                                      -0.25      19.75
  U_ID_EX_Reg/sp_out_reg[7]/CK (DFFRQX2M)                 0.00      19.75 r
  library setup time                                     -0.14      19.61
  data required time                                                19.61
  --------------------------------------------------------------------------
  data required time                                                19.61
  data arrival time                                                 -8.75
  --------------------------------------------------------------------------
  slack (MET)                                                       10.85


  Startpoint: interrupt (input port clocked by clk)
  Endpoint: U_Decode_WB/U_RF/registers_reg[3][7]
            (rising edge-triggered flip-flop clocked by clk)
  Path Group: INREG
  Path Type: max

  Point                                                   Incr       Path
  --------------------------------------------------------------------------
  clock clk (rise edge)                                   0.00       0.00
  clock network delay (ideal)                             0.00       0.00
  input external delay                                    6.00       6.00 f
  interrupt (in)                                          0.01       6.01 f
  U103/Y (BUFX2M)                                         0.21       6.22 f
  u_Control_Unit/interrupt_sig (Control_Unit)             0.00       6.22 f
  u_Control_Unit/U3/Y (NOR2X2M)                           0.27       6.49 r
  u_Control_Unit/U16/Y (INVX2M)                           0.21       6.70 f
  u_Control_Unit/U15/Y (NOR3X2M)                          0.25       6.95 r
  u_Control_Unit/U13/Y (AOI31X2M)                         0.09       7.04 f
  u_Control_Unit/U14/Y (OAI21X2M)                         0.17       7.21 r
  u_Control_Unit/SP_Inc (Control_Unit)                    0.00       7.21 r
  U_Decode_WB/SP_Inc (decode_wb_stage)                    0.00       7.21 r
  U_Decode_WB/U_RF/SP_Inc (Register_File)                 0.00       7.21 r
  U_Decode_WB/U_RF/U30/Y (NOR2X2M)                        0.09       7.30 f
  U_Decode_WB/U_RF/U29/Y (BUFX2M)                         0.26       7.56 f
  U_Decode_WB/U_RF/U32/Y (AOI22X1M)                       0.19       7.76 r
  U_Decode_WB/U_RF/U31/Y (OAI2BB1X2M)                     0.48       8.23 f
  U_Decode_WB/U_RF/U55/Y (INVX2M)                         0.15       8.38 r
  U_Decode_WB/U_RF/U53/Y (OAI222X1M)                      0.23       8.61 f
  U_Decode_WB/U_RF/registers_reg[3][7]/D (DFFSQX2M)       0.00       8.61 f
  data arrival time                                                  8.61

  clock clk (rise edge)                                  20.00      20.00
  clock network delay (ideal)                             0.00      20.00
  clock uncertainty                                      -0.25      19.75
  U_Decode_WB/U_RF/registers_reg[3][7]/CK (DFFSQX2M)      0.00      19.75 r
  library setup time                                     -0.25      19.50
  data required time                                                19.50
  --------------------------------------------------------------------------
  data required time                                                19.50
  data arrival time                                                 -8.61
  --------------------------------------------------------------------------
  slack (MET)                                                       10.89


  Startpoint: in_port_val[0]
              (input port clocked by clk)
  Endpoint: U_EX_MEM_Reg/alu_result_out_reg[4]
            (rising edge-triggered flip-flop clocked by clk)
  Path Group: INREG
  Path Type: max

  Point                                                   Incr       Path
  --------------------------------------------------------------------------
  clock clk (rise edge)                                   0.00       0.00
  clock network delay (ideal)                             0.00       0.00
  input external delay                                    6.00       6.00 f
  in_port_val[0] (in)                                     0.01       6.01 f
  U_Decode_WB/in_port[0] (decode_wb_stage)                0.00       6.01 f
  U_Decode_WB/U7/Y (AOI22X1M)                             0.19       6.20 r
  U_Decode_WB/U5/Y (NAND2X2M)                             0.11       6.31 f
  U_Decode_WB/DATA_OUT[0] (decode_wb_stage)               0.00       6.31 f
  U105/Y (AOI22X1M)                                       0.22       6.53 r
  U104/Y (OAI21X2M)                                       0.09       6.61 f
  U_Execute/A[0] (ExecuteStage)                           0.00       6.61 f
  U_Execute/alu_unit/A[0] (ALU)                           0.00       6.61 f
  U_Execute/alu_unit/U5/Y (BUFX2M)                        0.21       6.83 f
  U_Execute/alu_unit/add_27/A[0] (ALU_DW01_add_0)         0.00       6.83 f
  U_Execute/alu_unit/add_27/U1/Y (AND2X2M)                0.19       7.02 f
  U_Execute/alu_unit/add_27/U1_1/CO (ADDFX2M)             0.31       7.33 f
  U_Execute/alu_unit/add_27/U1_2/CO (ADDFX2M)             0.33       7.66 f
  U_Execute/alu_unit/add_27/U1_3/CO (ADDFX2M)             0.33       7.99 f
  U_Execute/alu_unit/add_27/U1_4/S (ADDFX2M)              0.30       8.29 r
  U_Execute/alu_unit/add_27/SUM[4] (ALU_DW01_add_0)       0.00       8.29 r
  U_Execute/alu_unit/U42/Y (AOI22X1M)                     0.12       8.41 f
  U_Execute/alu_unit/U40/Y (NAND4X2M)                     0.10       8.51 r
  U_Execute/alu_unit/Result[4] (ALU)                      0.00       8.51 r
  U_Execute/ALUResult[4] (ExecuteStage)                   0.00       8.51 r
  U_EX_MEM_Reg/alu_result_in[4] (EX_M_register)           0.00       8.51 r
  U_EX_MEM_Reg/alu_result_out_reg[4]/D (DFFRQX2M)         0.00       8.51 r
  data arrival time                                                  8.51

  clock clk (rise edge)                                  20.00      20.00
  clock network delay (ideal)                             0.00      20.00
  clock uncertainty                                      -0.25      19.75
  U_EX_MEM_Reg/alu_result_out_reg[4]/CK (DFFRQX2M)        0.00      19.75 r
  library setup time                                     -0.29      19.46
  data required time                                                19.46
  --------------------------------------------------------------------------
  data required time                                                19.46
  data arrival time                                                 -8.51
  --------------------------------------------------------------------------
  slack (MET)                                                       10.95


  Startpoint: interrupt (input port clocked by clk)
  Endpoint: U_ID_EX_Reg/sp_out_reg[5]
            (rising edge-triggered flip-flop clocked by clk)
  Path Group: INREG
  Path Type: max

  Point                                                   Incr       Path
  --------------------------------------------------------------------------
  clock clk (rise edge)                                   0.00       0.00
  clock network delay (ideal)                             0.00       0.00
  input external delay                                    6.00       6.00 f
  interrupt (in)                                          0.01       6.01 f
  U103/Y (BUFX2M)                                         0.21       6.22 f
  u_Control_Unit/interrupt_sig (Control_Unit)             0.00       6.22 f
  u_Control_Unit/U3/Y (NOR2X2M)                           0.27       6.49 r
  u_Control_Unit/U16/Y (INVX2M)                           0.21       6.70 f
  u_Control_Unit/U15/Y (NOR3X2M)                          0.25       6.95 r
  u_Control_Unit/U13/Y (AOI31X2M)                         0.09       7.04 f
  u_Control_Unit/U14/Y (OAI21X2M)                         0.17       7.21 r
  u_Control_Unit/SP_Inc (Control_Unit)                    0.00       7.21 r
  U_Decode_WB/SP_Inc (decode_wb_stage)                    0.00       7.21 r
  U_Decode_WB/U_RF/SP_Inc (Register_File)                 0.00       7.21 r
  U_Decode_WB/U_RF/U30/Y (NOR2X2M)                        0.09       7.30 f
  U_Decode_WB/U_RF/U29/Y (BUFX2M)                         0.26       7.56 f
  U_Decode_WB/U_RF/U38/Y (AOI22X1M)                       0.19       7.76 r
  U_Decode_WB/U_RF/U37/Y (OAI2BB1X2M)                     0.30       8.06 f
  U_Decode_WB/U_RF/SP[5] (Register_File)                  0.00       8.06 f
  U_Decode_WB/SP_Out[5] (decode_wb_stage)                 0.00       8.06 f
  U_ID_EX_Reg/sp_in[5] (ID_EX_register)                   0.00       8.06 f
  U_ID_EX_Reg/U21/Y (AO22X1M)                             0.46       8.52 f
  U_ID_EX_Reg/sp_out_reg[5]/D (DFFRQX2M)                  0.00       8.52 f
  data arrival time                                                  8.52

  clock clk (rise edge)                                  20.00      20.00
  clock network delay (ideal)                             0.00      20.00
  clock uncertainty                                      -0.25      19.75
  U_ID_EX_Reg/sp_out_reg[5]/CK (DFFRQX2M)                 0.00      19.75 r
  library setup time                                     -0.14      19.61
  data required time                                                19.61
  --------------------------------------------------------------------------
  data required time                                                19.61
  data arrival time                                                 -8.52
  --------------------------------------------------------------------------
  slack (MET)                                                       11.09


  Startpoint: interrupt (input port clocked by clk)
  Endpoint: U_Decode_WB/U_RF/registers_reg[3][5]
            (rising edge-triggered flip-flop clocked by clk)
  Path Group: INREG
  Path Type: max

  Point                                                   Incr       Path
  --------------------------------------------------------------------------
  clock clk (rise edge)                                   0.00       0.00
  clock network delay (ideal)                             0.00       0.00
  input external delay                                    6.00       6.00 f
  interrupt (in)                                          0.01       6.01 f
  U103/Y (BUFX2M)                                         0.21       6.22 f
  u_Control_Unit/interrupt_sig (Control_Unit)             0.00       6.22 f
  u_Control_Unit/U3/Y (NOR2X2M)                           0.27       6.49 r
  u_Control_Unit/U16/Y (INVX2M)                           0.21       6.70 f
  u_Control_Unit/U15/Y (NOR3X2M)                          0.25       6.95 r
  u_Control_Unit/U13/Y (AOI31X2M)                         0.09       7.04 f
  u_Control_Unit/U14/Y (OAI21X2M)                         0.17       7.21 r
  u_Control_Unit/SP_Inc (Control_Unit)                    0.00       7.21 r
  U_Decode_WB/SP_Inc (decode_wb_stage)                    0.00       7.21 r
  U_Decode_WB/U_RF/SP_Inc (Register_File)                 0.00       7.21 r
  U_Decode_WB/U_RF/U30/Y (NOR2X2M)                        0.09       7.30 f
  U_Decode_WB/U_RF/U29/Y (BUFX2M)                         0.26       7.56 f
  U_Decode_WB/U_RF/U38/Y (AOI22X1M)                       0.19       7.76 r
  U_Decode_WB/U_RF/U37/Y (OAI2BB1X2M)                     0.30       8.06 f
  U_Decode_WB/U_RF/U36/Y (INVX2M)                         0.11       8.17 r
  U_Decode_WB/U_RF/U43/Y (OAI222X1M)                      0.22       8.40 f
  U_Decode_WB/U_RF/registers_reg[3][5]/D (DFFSQX2M)       0.00       8.40 f
  data arrival time                                                  8.40

  clock clk (rise edge)                                  20.00      20.00
  clock network delay (ideal)                             0.00      20.00
  clock uncertainty                                      -0.25      19.75
  U_Decode_WB/U_RF/registers_reg[3][5]/CK (DFFSQX2M)      0.00      19.75 r
  library setup time                                     -0.25      19.50
  data required time                                                19.50
  --------------------------------------------------------------------------
  data required time                                                19.50
  data arrival time                                                 -8.40
  --------------------------------------------------------------------------
  slack (MET)                                                       11.10


  Startpoint: interrupt (input port clocked by clk)
  Endpoint: U_ID_EX_Reg/sp_out_reg[6]
            (rising edge-triggered flip-flop clocked by clk)
  Path Group: INREG
  Path Type: max

  Point                                                   Incr       Path
  --------------------------------------------------------------------------
  clock clk (rise edge)                                   0.00       0.00
  clock network delay (ideal)                             0.00       0.00
  input external delay                                    6.00       6.00 f
  interrupt (in)                                          0.01       6.01 f
  U103/Y (BUFX2M)                                         0.21       6.22 f
  u_Control_Unit/interrupt_sig (Control_Unit)             0.00       6.22 f
  u_Control_Unit/U3/Y (NOR2X2M)                           0.27       6.49 r
  u_Control_Unit/U16/Y (INVX2M)                           0.21       6.70 f
  u_Control_Unit/U15/Y (NOR3X2M)                          0.25       6.95 r
  u_Control_Unit/U13/Y (AOI31X2M)                         0.09       7.04 f
  u_Control_Unit/U14/Y (OAI21X2M)                         0.17       7.21 r
  u_Control_Unit/SP_Inc (Control_Unit)                    0.00       7.21 r
  U_Decode_WB/SP_Inc (decode_wb_stage)                    0.00       7.21 r
  U_Decode_WB/U_RF/SP_Inc (Register_File)                 0.00       7.21 r
  U_Decode_WB/U_RF/U30/Y (NOR2X2M)                        0.09       7.30 f
  U_Decode_WB/U_RF/U29/Y (BUFX2M)                         0.26       7.56 f
  U_Decode_WB/U_RF/U57/Y (AOI22X1M)                       0.19       7.76 r
  U_Decode_WB/U_RF/U56/Y (OAI2BB1X2M)                     0.27       8.03 f
  U_Decode_WB/U_RF/SP[6] (Register_File)                  0.00       8.03 f
  U_Decode_WB/SP_Out[6] (decode_wb_stage)                 0.00       8.03 f
  U_ID_EX_Reg/sp_in[6] (ID_EX_register)                   0.00       8.03 f
  U_ID_EX_Reg/U22/Y (AO22X1M)                             0.44       8.47 f
  U_ID_EX_Reg/sp_out_reg[6]/D (DFFRQX2M)                  0.00       8.47 f
  data arrival time                                                  8.47

  clock clk (rise edge)                                  20.00      20.00
  clock network delay (ideal)                             0.00      20.00
  clock uncertainty                                      -0.25      19.75
  U_ID_EX_Reg/sp_out_reg[6]/CK (DFFRQX2M)                 0.00      19.75 r
  library setup time                                     -0.14      19.61
  data required time                                                19.61
  --------------------------------------------------------------------------
  data required time                                                19.61
  data arrival time                                                 -8.47
  --------------------------------------------------------------------------
  slack (MET)                                                       11.13


  Startpoint: interrupt (input port clocked by clk)
  Endpoint: U_Decode_WB/U_RF/registers_reg[3][6]
            (rising edge-triggered flip-flop clocked by clk)
  Path Group: INREG
  Path Type: max

  Point                                                   Incr       Path
  --------------------------------------------------------------------------
  clock clk (rise edge)                                   0.00       0.00
  clock network delay (ideal)                             0.00       0.00
  input external delay                                    6.00       6.00 f
  interrupt (in)                                          0.01       6.01 f
  U103/Y (BUFX2M)                                         0.21       6.22 f
  u_Control_Unit/interrupt_sig (Control_Unit)             0.00       6.22 f
  u_Control_Unit/U3/Y (NOR2X2M)                           0.27       6.49 r
  u_Control_Unit/U16/Y (INVX2M)                           0.21       6.70 f
  u_Control_Unit/U15/Y (NOR3X2M)                          0.25       6.95 r
  u_Control_Unit/U13/Y (AOI31X2M)                         0.09       7.04 f
  u_Control_Unit/U14/Y (OAI21X2M)                         0.17       7.21 r
  u_Control_Unit/SP_Inc (Control_Unit)                    0.00       7.21 r
  U_Decode_WB/SP_Inc (decode_wb_stage)                    0.00       7.21 r
  U_Decode_WB/U_RF/SP_Inc (Register_File)                 0.00       7.21 r
  U_Decode_WB/U_RF/U30/Y (NOR2X2M)                        0.09       7.30 f
  U_Decode_WB/U_RF/U29/Y (BUFX2M)                         0.26       7.56 f
  U_Decode_WB/U_RF/U57/Y (AOI22X1M)                       0.19       7.76 r
  U_Decode_WB/U_RF/U56/Y (OAI2BB1X2M)                     0.27       8.03 f
  U_Decode_WB/U_RF/U42/Y (INVX2M)                         0.11       8.14 r
  U_Decode_WB/U_RF/U40/Y (OAI222X1M)                      0.22       8.36 f
  U_Decode_WB/U_RF/registers_reg[3][6]/D (DFFSQX2M)       0.00       8.36 f
  data arrival time                                                  8.36

  clock clk (rise edge)                                  20.00      20.00
  clock network delay (ideal)                             0.00      20.00
  clock uncertainty                                      -0.25      19.75
  U_Decode_WB/U_RF/registers_reg[3][6]/CK (DFFSQX2M)      0.00      19.75 r
  library setup time                                     -0.25      19.50
  data required time                                                19.50
  --------------------------------------------------------------------------
  data required time                                                19.50
  data arrival time                                                 -8.36
  --------------------------------------------------------------------------
  slack (MET)                                                       11.14


  Startpoint: interrupt (input port clocked by clk)
  Endpoint: U_Decode_WB/U_RF/registers_reg[3][4]
            (rising edge-triggered flip-flop clocked by clk)
  Path Group: INREG
  Path Type: max

  Point                                                   Incr       Path
  --------------------------------------------------------------------------
  clock clk (rise edge)                                   0.00       0.00
  clock network delay (ideal)                             0.00       0.00
  input external delay                                    6.00       6.00 r
  interrupt (in)                                          0.01       6.01 r
  U103/Y (BUFX2M)                                         0.23       6.24 r
  u_Control_Unit/interrupt_sig (Control_Unit)             0.00       6.24 r
  u_Control_Unit/U3/Y (NOR2X2M)                           0.14       6.37 f
  u_Control_Unit/U16/Y (INVX2M)                           0.24       6.61 r
  u_Control_Unit/U15/Y (NOR3X2M)                          0.11       6.72 f
  u_Control_Unit/U13/Y (AOI31X2M)                         0.19       6.91 r
  u_Control_Unit/U14/Y (OAI21X2M)                         0.18       7.09 f
  u_Control_Unit/SP_Inc (Control_Unit)                    0.00       7.09 f
  U_Decode_WB/SP_Inc (decode_wb_stage)                    0.00       7.09 f
  U_Decode_WB/U_RF/SP_Inc (Register_File)                 0.00       7.09 f
  U_Decode_WB/U_RF/U30/Y (NOR2X2M)                        0.12       7.22 r
  U_Decode_WB/U_RF/U29/Y (BUFX2M)                         0.32       7.54 r
  U_Decode_WB/U_RF/U67/Y (OAI31X1M)                       0.15       7.69 f
  U_Decode_WB/U_RF/U66/Y (BUFX2M)                         0.22       7.91 f
  U_Decode_WB/U_RF/U8/Y (NAND2X2M)                        0.17       8.08 r
  U_Decode_WB/U_RF/U44/Y (OAI222X1M)                      0.21       8.29 f
  U_Decode_WB/U_RF/registers_reg[3][4]/D (DFFSQX2M)       0.00       8.29 f
  data arrival time                                                  8.29

  clock clk (rise edge)                                  20.00      20.00
  clock network delay (ideal)                             0.00      20.00
  clock uncertainty                                      -0.25      19.75
  U_Decode_WB/U_RF/registers_reg[3][4]/CK (DFFSQX2M)      0.00      19.75 r
  library setup time                                     -0.25      19.50
  data required time                                                19.50
  --------------------------------------------------------------------------
  data required time                                                19.50
  data arrival time                                                 -8.29
  --------------------------------------------------------------------------
  slack (MET)                                                       11.21


  Startpoint: interrupt (input port clocked by clk)
  Endpoint: U_Decode_WB/U_RF/registers_reg[3][1]
            (rising edge-triggered flip-flop clocked by clk)
  Path Group: INREG
  Path Type: max

  Point                                                   Incr       Path
  --------------------------------------------------------------------------
  clock clk (rise edge)                                   0.00       0.00
  clock network delay (ideal)                             0.00       0.00
  input external delay                                    6.00       6.00 r
  interrupt (in)                                          0.01       6.01 r
  U103/Y (BUFX2M)                                         0.23       6.24 r
  u_Control_Unit/interrupt_sig (Control_Unit)             0.00       6.24 r
  u_Control_Unit/U3/Y (NOR2X2M)                           0.14       6.37 f
  u_Control_Unit/U16/Y (INVX2M)                           0.24       6.61 r
  u_Control_Unit/U15/Y (NOR3X2M)                          0.11       6.72 f
  u_Control_Unit/U13/Y (AOI31X2M)                         0.19       6.91 r
  u_Control_Unit/U14/Y (OAI21X2M)                         0.18       7.09 f
  u_Control_Unit/SP_Inc (Control_Unit)                    0.00       7.09 f
  U_Decode_WB/SP_Inc (decode_wb_stage)                    0.00       7.09 f
  U_Decode_WB/U_RF/SP_Inc (Register_File)                 0.00       7.09 f
  U_Decode_WB/U_RF/U30/Y (NOR2X2M)                        0.12       7.22 r
  U_Decode_WB/U_RF/U29/Y (BUFX2M)                         0.32       7.54 r
  U_Decode_WB/U_RF/U67/Y (OAI31X1M)                       0.15       7.69 f
  U_Decode_WB/U_RF/U66/Y (BUFX2M)                         0.22       7.91 f
  U_Decode_WB/U_RF/U8/Y (NAND2X2M)                        0.17       8.08 r
  U_Decode_WB/U_RF/U50/Y (OAI222X1M)                      0.21       8.29 f
  U_Decode_WB/U_RF/registers_reg[3][1]/D (DFFSQX2M)       0.00       8.29 f
  data arrival time                                                  8.29

  clock clk (rise edge)                                  20.00      20.00
  clock network delay (ideal)                             0.00      20.00
  clock uncertainty                                      -0.25      19.75
  U_Decode_WB/U_RF/registers_reg[3][1]/CK (DFFSQX2M)      0.00      19.75 r
  library setup time                                     -0.25      19.50
  data required time                                                19.50
  --------------------------------------------------------------------------
  data required time                                                19.50
  data arrival time                                                 -8.29
  --------------------------------------------------------------------------
  slack (MET)                                                       11.21


  Startpoint: interrupt (input port clocked by clk)
  Endpoint: U_Decode_WB/U_RF/registers_reg[3][2]
            (rising edge-triggered flip-flop clocked by clk)
  Path Group: INREG
  Path Type: max

  Point                                                   Incr       Path
  --------------------------------------------------------------------------
  clock clk (rise edge)                                   0.00       0.00
  clock network delay (ideal)                             0.00       0.00
  input external delay                                    6.00       6.00 r
  interrupt (in)                                          0.01       6.01 r
  U103/Y (BUFX2M)                                         0.23       6.24 r
  u_Control_Unit/interrupt_sig (Control_Unit)             0.00       6.24 r
  u_Control_Unit/U3/Y (NOR2X2M)                           0.14       6.37 f
  u_Control_Unit/U16/Y (INVX2M)                           0.24       6.61 r
  u_Control_Unit/U15/Y (NOR3X2M)                          0.11       6.72 f
  u_Control_Unit/U13/Y (AOI31X2M)                         0.19       6.91 r
  u_Control_Unit/U14/Y (OAI21X2M)                         0.18       7.09 f
  u_Control_Unit/SP_Inc (Control_Unit)                    0.00       7.09 f
  U_Decode_WB/SP_Inc (decode_wb_stage)                    0.00       7.09 f
  U_Decode_WB/U_RF/SP_Inc (Register_File)                 0.00       7.09 f
  U_Decode_WB/U_RF/U30/Y (NOR2X2M)                        0.12       7.22 r
  U_Decode_WB/U_RF/U29/Y (BUFX2M)                         0.32       7.54 r
  U_Decode_WB/U_RF/U67/Y (OAI31X1M)                       0.15       7.69 f
  U_Decode_WB/U_RF/U66/Y (BUFX2M)                         0.22       7.91 f
  U_Decode_WB/U_RF/U8/Y (NAND2X2M)                        0.17       8.08 r
  U_Decode_WB/U_RF/U48/Y (OAI222X1M)                      0.21       8.29 f
  U_Decode_WB/U_RF/registers_reg[3][2]/D (DFFSQX2M)       0.00       8.29 f
  data arrival time                                                  8.29

  clock clk (rise edge)                                  20.00      20.00
  clock network delay (ideal)                             0.00      20.00
  clock uncertainty                                      -0.25      19.75
  U_Decode_WB/U_RF/registers_reg[3][2]/CK (DFFSQX2M)      0.00      19.75 r
  library setup time                                     -0.25      19.50
  data required time                                                19.50
  --------------------------------------------------------------------------
  data required time                                                19.50
  data arrival time                                                 -8.29
  --------------------------------------------------------------------------
  slack (MET)                                                       11.21


  Startpoint: interrupt (input port clocked by clk)
  Endpoint: U_Decode_WB/U_RF/registers_reg[3][3]
            (rising edge-triggered flip-flop clocked by clk)
  Path Group: INREG
  Path Type: max

  Point                                                   Incr       Path
  --------------------------------------------------------------------------
  clock clk (rise edge)                                   0.00       0.00
  clock network delay (ideal)                             0.00       0.00
  input external delay                                    6.00       6.00 r
  interrupt (in)                                          0.01       6.01 r
  U103/Y (BUFX2M)                                         0.23       6.24 r
  u_Control_Unit/interrupt_sig (Control_Unit)             0.00       6.24 r
  u_Control_Unit/U3/Y (NOR2X2M)                           0.14       6.37 f
  u_Control_Unit/U16/Y (INVX2M)                           0.24       6.61 r
  u_Control_Unit/U15/Y (NOR3X2M)                          0.11       6.72 f
  u_Control_Unit/U13/Y (AOI31X2M)                         0.19       6.91 r
  u_Control_Unit/U14/Y (OAI21X2M)                         0.18       7.09 f
  u_Control_Unit/SP_Inc (Control_Unit)                    0.00       7.09 f
  U_Decode_WB/SP_Inc (decode_wb_stage)                    0.00       7.09 f
  U_Decode_WB/U_RF/SP_Inc (Register_File)                 0.00       7.09 f
  U_Decode_WB/U_RF/U30/Y (NOR2X2M)                        0.12       7.22 r
  U_Decode_WB/U_RF/U29/Y (BUFX2M)                         0.32       7.54 r
  U_Decode_WB/U_RF/U67/Y (OAI31X1M)                       0.15       7.69 f
  U_Decode_WB/U_RF/U66/Y (BUFX2M)                         0.22       7.91 f
  U_Decode_WB/U_RF/U8/Y (NAND2X2M)                        0.17       8.08 r
  U_Decode_WB/U_RF/U46/Y (OAI222X1M)                      0.21       8.29 f
  U_Decode_WB/U_RF/registers_reg[3][3]/D (DFFSQX2M)       0.00       8.29 f
  data arrival time                                                  8.29

  clock clk (rise edge)                                  20.00      20.00
  clock network delay (ideal)                             0.00      20.00
  clock uncertainty                                      -0.25      19.75
  U_Decode_WB/U_RF/registers_reg[3][3]/CK (DFFSQX2M)      0.00      19.75 r
  library setup time                                     -0.25      19.50
  data required time                                                19.50
  --------------------------------------------------------------------------
  data required time                                                19.50
  data arrival time                                                 -8.29
  --------------------------------------------------------------------------
  slack (MET)                                                       11.21


  Startpoint: interrupt (input port clocked by clk)
  Endpoint: U_Decode_WB/U_RF/registers_reg[3][0]
            (rising edge-triggered flip-flop clocked by clk)
  Path Group: INREG
  Path Type: max

  Point                                                   Incr       Path
  --------------------------------------------------------------------------
  clock clk (rise edge)                                   0.00       0.00
  clock network delay (ideal)                             0.00       0.00
  input external delay                                    6.00       6.00 r
  interrupt (in)                                          0.01       6.01 r
  U103/Y (BUFX2M)                                         0.23       6.24 r
  u_Control_Unit/interrupt_sig (Control_Unit)             0.00       6.24 r
  u_Control_Unit/U3/Y (NOR2X2M)                           0.14       6.37 f
  u_Control_Unit/U16/Y (INVX2M)                           0.24       6.61 r
  u_Control_Unit/U15/Y (NOR3X2M)                          0.11       6.72 f
  u_Control_Unit/U13/Y (AOI31X2M)                         0.19       6.91 r
  u_Control_Unit/U14/Y (OAI21X2M)                         0.18       7.09 f
  u_Control_Unit/SP_Inc (Control_Unit)                    0.00       7.09 f
  U_Decode_WB/SP_Inc (decode_wb_stage)                    0.00       7.09 f
  U_Decode_WB/U_RF/SP_Inc (Register_File)                 0.00       7.09 f
  U_Decode_WB/U_RF/U30/Y (NOR2X2M)                        0.12       7.22 r
  U_Decode_WB/U_RF/U29/Y (BUFX2M)                         0.32       7.54 r
  U_Decode_WB/U_RF/U67/Y (OAI31X1M)                       0.15       7.69 f
  U_Decode_WB/U_RF/U66/Y (BUFX2M)                         0.22       7.91 f
  U_Decode_WB/U_RF/U8/Y (NAND2X2M)                        0.17       8.08 r
  U_Decode_WB/U_RF/U52/Y (OAI222X1M)                      0.21       8.29 f
  U_Decode_WB/U_RF/registers_reg[3][0]/D (DFFSQX2M)       0.00       8.29 f
  data arrival time                                                  8.29

  clock clk (rise edge)                                  20.00      20.00
  clock network delay (ideal)                             0.00      20.00
  clock uncertainty                                      -0.25      19.75
  U_Decode_WB/U_RF/registers_reg[3][0]/CK (DFFSQX2M)      0.00      19.75 r
  library setup time                                     -0.25      19.50
  data required time                                                19.50
  --------------------------------------------------------------------------
  data required time                                                19.50
  data arrival time                                                 -8.29
  --------------------------------------------------------------------------
  slack (MET)                                                       11.21


  Startpoint: in_port_val[0]
              (input port clocked by clk)
  Endpoint: U_EX_MEM_Reg/alu_result_out_reg[3]
            (rising edge-triggered flip-flop clocked by clk)
  Path Group: INREG
  Path Type: max

  Point                                                   Incr       Path
  --------------------------------------------------------------------------
  clock clk (rise edge)                                   0.00       0.00
  clock network delay (ideal)                             0.00       0.00
  input external delay                                    6.00       6.00 f
  in_port_val[0] (in)                                     0.01       6.01 f
  U_Decode_WB/in_port[0] (decode_wb_stage)                0.00       6.01 f
  U_Decode_WB/U7/Y (AOI22X1M)                             0.19       6.20 r
  U_Decode_WB/U5/Y (NAND2X2M)                             0.11       6.31 f
  U_Decode_WB/DATA_OUT[0] (decode_wb_stage)               0.00       6.31 f
  U105/Y (AOI22X1M)                                       0.22       6.53 r
  U104/Y (OAI21X2M)                                       0.09       6.61 f
  U_Execute/A[0] (ExecuteStage)                           0.00       6.61 f
  U_Execute/alu_unit/A[0] (ALU)                           0.00       6.61 f
  U_Execute/alu_unit/U5/Y (BUFX2M)                        0.21       6.83 f
  U_Execute/alu_unit/add_27/A[0] (ALU_DW01_add_0)         0.00       6.83 f
  U_Execute/alu_unit/add_27/U1/Y (AND2X2M)                0.19       7.02 f
  U_Execute/alu_unit/add_27/U1_1/CO (ADDFX2M)             0.31       7.33 f
  U_Execute/alu_unit/add_27/U1_2/CO (ADDFX2M)             0.33       7.66 f
  U_Execute/alu_unit/add_27/U1_3/S (ADDFX2M)              0.30       7.96 r
  U_Execute/alu_unit/add_27/SUM[3] (ALU_DW01_add_0)       0.00       7.96 r
  U_Execute/alu_unit/U50/Y (AOI22X1M)                     0.12       8.08 f
  U_Execute/alu_unit/U48/Y (NAND4X2M)                     0.10       8.18 r
  U_Execute/alu_unit/Result[3] (ALU)                      0.00       8.18 r
  U_Execute/ALUResult[3] (ExecuteStage)                   0.00       8.18 r
  U_EX_MEM_Reg/alu_result_in[3] (EX_M_register)           0.00       8.18 r
  U_EX_MEM_Reg/alu_result_out_reg[3]/D (DFFRQX2M)         0.00       8.18 r
  data arrival time                                                  8.18

  clock clk (rise edge)                                  20.00      20.00
  clock network delay (ideal)                             0.00      20.00
  clock uncertainty                                      -0.25      19.75
  U_EX_MEM_Reg/alu_result_out_reg[3]/CK (DFFRQX2M)        0.00      19.75 r
  library setup time                                     -0.29      19.46
  data required time                                                19.46
  --------------------------------------------------------------------------
  data required time                                                19.46
  data arrival time                                                 -8.18
  --------------------------------------------------------------------------
  slack (MET)                                                       11.28


  Startpoint: interrupt (input port clocked by clk)
  Endpoint: U_ID_EX_Reg/sp_out_reg[2]
            (rising edge-triggered flip-flop clocked by clk)
  Path Group: INREG
  Path Type: max

  Point                                                   Incr       Path
  --------------------------------------------------------------------------
  clock clk (rise edge)                                   0.00       0.00
  clock network delay (ideal)                             0.00       0.00
  input external delay                                    6.00       6.00 f
  interrupt (in)                                          0.01       6.01 f
  U103/Y (BUFX2M)                                         0.21       6.22 f
  u_Control_Unit/interrupt_sig (Control_Unit)             0.00       6.22 f
  u_Control_Unit/U3/Y (NOR2X2M)                           0.27       6.49 r
  u_Control_Unit/U16/Y (INVX2M)                           0.21       6.70 f
  u_Control_Unit/U15/Y (NOR3X2M)                          0.25       6.95 r
  u_Control_Unit/U13/Y (AOI31X2M)                         0.09       7.04 f
  u_Control_Unit/U14/Y (OAI21X2M)                         0.17       7.21 r
  u_Control_Unit/SP_Inc (Control_Unit)                    0.00       7.21 r
  U_Decode_WB/SP_Inc (decode_wb_stage)                    0.00       7.21 r
  U_Decode_WB/U_RF/SP_Inc (Register_File)                 0.00       7.21 r
  U_Decode_WB/U_RF/U30/Y (NOR2X2M)                        0.09       7.30 f
  U_Decode_WB/U_RF/U29/Y (BUFX2M)                         0.26       7.56 f
  U_Decode_WB/U_RF/U35/Y (AOI22X1M)                       0.19       7.76 r
  U_Decode_WB/U_RF/U34/Y (OAI2BB1X2M)                     0.11       7.87 f
  U_Decode_WB/U_RF/SP[2] (Register_File)                  0.00       7.87 f
  U_Decode_WB/SP_Out[2] (decode_wb_stage)                 0.00       7.87 f
  U_ID_EX_Reg/sp_in[2] (ID_EX_register)                   0.00       7.87 f
  U_ID_EX_Reg/U18/Y (AO22X1M)                             0.38       8.25 f
  U_ID_EX_Reg/sp_out_reg[2]/D (DFFRQX2M)                  0.00       8.25 f
  data arrival time                                                  8.25

  clock clk (rise edge)                                  20.00      20.00
  clock network delay (ideal)                             0.00      20.00
  clock uncertainty                                      -0.25      19.75
  U_ID_EX_Reg/sp_out_reg[2]/CK (DFFRQX2M)                 0.00      19.75 r
  library setup time                                     -0.14      19.61
  data required time                                                19.61
  --------------------------------------------------------------------------
  data required time                                                19.61
  data arrival time                                                 -8.25
  --------------------------------------------------------------------------
  slack (MET)                                                       11.36


  Startpoint: interrupt (input port clocked by clk)
  Endpoint: U_ID_EX_Reg/sp_out_reg[3]
            (rising edge-triggered flip-flop clocked by clk)
  Path Group: INREG
  Path Type: max

  Point                                                   Incr       Path
  --------------------------------------------------------------------------
  clock clk (rise edge)                                   0.00       0.00
  clock network delay (ideal)                             0.00       0.00
  input external delay                                    6.00       6.00 f
  interrupt (in)                                          0.01       6.01 f
  U103/Y (BUFX2M)                                         0.21       6.22 f
  u_Control_Unit/interrupt_sig (Control_Unit)             0.00       6.22 f
  u_Control_Unit/U3/Y (NOR2X2M)                           0.27       6.49 r
  u_Control_Unit/U16/Y (INVX2M)                           0.21       6.70 f
  u_Control_Unit/U15/Y (NOR3X2M)                          0.25       6.95 r
  u_Control_Unit/U13/Y (AOI31X2M)                         0.09       7.04 f
  u_Control_Unit/U14/Y (OAI21X2M)                         0.17       7.21 r
  u_Control_Unit/SP_Inc (Control_Unit)                    0.00       7.21 r
  U_Decode_WB/SP_Inc (decode_wb_stage)                    0.00       7.21 r
  U_Decode_WB/U_RF/SP_Inc (Register_File)                 0.00       7.21 r
  U_Decode_WB/U_RF/U30/Y (NOR2X2M)                        0.09       7.30 f
  U_Decode_WB/U_RF/U29/Y (BUFX2M)                         0.26       7.56 f
  U_Decode_WB/U_RF/U28/Y (AOI22X1M)                       0.19       7.76 r
  U_Decode_WB/U_RF/U27/Y (OAI2BB1X2M)                     0.10       7.86 f
  U_Decode_WB/U_RF/SP[3] (Register_File)                  0.00       7.86 f
  U_Decode_WB/SP_Out[3] (decode_wb_stage)                 0.00       7.86 f
  U_ID_EX_Reg/sp_in[3] (ID_EX_register)                   0.00       7.86 f
  U_ID_EX_Reg/U19/Y (AO22X1M)                             0.38       8.24 f
  U_ID_EX_Reg/sp_out_reg[3]/D (DFFRQX2M)                  0.00       8.24 f
  data arrival time                                                  8.24

  clock clk (rise edge)                                  20.00      20.00
  clock network delay (ideal)                             0.00      20.00
  clock uncertainty                                      -0.25      19.75
  U_ID_EX_Reg/sp_out_reg[3]/CK (DFFRQX2M)                 0.00      19.75 r
  library setup time                                     -0.14      19.61
  data required time                                                19.61
  --------------------------------------------------------------------------
  data required time                                                19.61
  data arrival time                                                 -8.24
  --------------------------------------------------------------------------
  slack (MET)                                                       11.37


  Startpoint: interrupt (input port clocked by clk)
  Endpoint: U_ID_EX_Reg/sp_out_reg[1]
            (rising edge-triggered flip-flop clocked by clk)
  Path Group: INREG
  Path Type: max

  Point                                                   Incr       Path
  --------------------------------------------------------------------------
  clock clk (rise edge)                                   0.00       0.00
  clock network delay (ideal)                             0.00       0.00
  input external delay                                    6.00       6.00 f
  interrupt (in)                                          0.01       6.01 f
  U103/Y (BUFX2M)                                         0.21       6.22 f
  u_Control_Unit/interrupt_sig (Control_Unit)             0.00       6.22 f
  u_Control_Unit/U3/Y (NOR2X2M)                           0.27       6.49 r
  u_Control_Unit/U16/Y (INVX2M)                           0.21       6.70 f
  u_Control_Unit/U15/Y (NOR3X2M)                          0.25       6.95 r
  u_Control_Unit/U13/Y (AOI31X2M)                         0.09       7.04 f
  u_Control_Unit/U14/Y (OAI21X2M)                         0.17       7.21 r
  u_Control_Unit/SP_Inc (Control_Unit)                    0.00       7.21 r
  U_Decode_WB/SP_Inc (decode_wb_stage)                    0.00       7.21 r
  U_Decode_WB/U_RF/SP_Inc (Register_File)                 0.00       7.21 r
  U_Decode_WB/U_RF/U30/Y (NOR2X2M)                        0.09       7.30 f
  U_Decode_WB/U_RF/U29/Y (BUFX2M)                         0.26       7.56 f
  U_Decode_WB/U_RF/U25/Y (AOI22X1M)                       0.19       7.76 r
  U_Decode_WB/U_RF/U24/Y (OAI2BB1X2M)                     0.10       7.86 f
  U_Decode_WB/U_RF/SP[1] (Register_File)                  0.00       7.86 f
  U_Decode_WB/SP_Out[1] (decode_wb_stage)                 0.00       7.86 f
  U_ID_EX_Reg/sp_in[1] (ID_EX_register)                   0.00       7.86 f
  U_ID_EX_Reg/U17/Y (AO22X1M)                             0.38       8.24 f
  U_ID_EX_Reg/sp_out_reg[1]/D (DFFRQX2M)                  0.00       8.24 f
  data arrival time                                                  8.24

  clock clk (rise edge)                                  20.00      20.00
  clock network delay (ideal)                             0.00      20.00
  clock uncertainty                                      -0.25      19.75
  U_ID_EX_Reg/sp_out_reg[1]/CK (DFFRQX2M)                 0.00      19.75 r
  library setup time                                     -0.14      19.61
  data required time                                                19.61
  --------------------------------------------------------------------------
  data required time                                                19.61
  data arrival time                                                 -8.24
  --------------------------------------------------------------------------
  slack (MET)                                                       11.37


  Startpoint: interrupt (input port clocked by clk)
  Endpoint: U_ID_EX_Reg/sp_out_reg[0]
            (rising edge-triggered flip-flop clocked by clk)
  Path Group: INREG
  Path Type: max

  Point                                                   Incr       Path
  --------------------------------------------------------------------------
  clock clk (rise edge)                                   0.00       0.00
  clock network delay (ideal)                             0.00       0.00
  input external delay                                    6.00       6.00 f
  interrupt (in)                                          0.01       6.01 f
  U103/Y (BUFX2M)                                         0.21       6.22 f
  u_Control_Unit/interrupt_sig (Control_Unit)             0.00       6.22 f
  u_Control_Unit/U3/Y (NOR2X2M)                           0.27       6.49 r
  u_Control_Unit/U16/Y (INVX2M)                           0.21       6.70 f
  u_Control_Unit/U15/Y (NOR3X2M)                          0.25       6.95 r
  u_Control_Unit/U13/Y (AOI31X2M)                         0.09       7.04 f
  u_Control_Unit/U14/Y (OAI21X2M)                         0.17       7.21 r
  u_Control_Unit/SP_Inc (Control_Unit)                    0.00       7.21 r
  U_Decode_WB/SP_Inc (decode_wb_stage)                    0.00       7.21 r
  U_Decode_WB/U_RF/SP_Inc (Register_File)                 0.00       7.21 r
  U_Decode_WB/U_RF/U30/Y (NOR2X2M)                        0.09       7.30 f
  U_Decode_WB/U_RF/U29/Y (BUFX2M)                         0.26       7.56 f
  U_Decode_WB/U_RF/U22/Y (AOI22X1M)                       0.19       7.76 r
  U_Decode_WB/U_RF/U21/Y (OAI2BB1X2M)                     0.10       7.86 f
  U_Decode_WB/U_RF/SP[0] (Register_File)                  0.00       7.86 f
  U_Decode_WB/SP_Out[0] (decode_wb_stage)                 0.00       7.86 f
  U_ID_EX_Reg/sp_in[0] (ID_EX_register)                   0.00       7.86 f
  U_ID_EX_Reg/U16/Y (AO22X1M)                             0.38       8.24 f
  U_ID_EX_Reg/sp_out_reg[0]/D (DFFRQX2M)                  0.00       8.24 f
  data arrival time                                                  8.24

  clock clk (rise edge)                                  20.00      20.00
  clock network delay (ideal)                             0.00      20.00
  clock uncertainty                                      -0.25      19.75
  U_ID_EX_Reg/sp_out_reg[0]/CK (DFFRQX2M)                 0.00      19.75 r
  library setup time                                     -0.14      19.61
  data required time                                                19.61
  --------------------------------------------------------------------------
  data required time                                                19.61
  data arrival time                                                 -8.24
  --------------------------------------------------------------------------
  slack (MET)                                                       11.37


  Startpoint: in_port_val[0]
              (input port clocked by clk)
  Endpoint: U_EX_MEM_Reg/alu_result_out_reg[2]
            (rising edge-triggered flip-flop clocked by clk)
  Path Group: INREG
  Path Type: max

  Point                                                   Incr       Path
  --------------------------------------------------------------------------
  clock clk (rise edge)                                   0.00       0.00
  clock network delay (ideal)                             0.00       0.00
  input external delay                                    6.00       6.00 f
  in_port_val[0] (in)                                     0.01       6.01 f
  U_Decode_WB/in_port[0] (decode_wb_stage)                0.00       6.01 f
  U_Decode_WB/U7/Y (AOI22X1M)                             0.19       6.20 r
  U_Decode_WB/U5/Y (NAND2X2M)                             0.11       6.31 f
  U_Decode_WB/DATA_OUT[0] (decode_wb_stage)               0.00       6.31 f
  U105/Y (AOI22X1M)                                       0.22       6.53 r
  U104/Y (OAI21X2M)                                       0.09       6.61 f
  U_Execute/A[0] (ExecuteStage)                           0.00       6.61 f
  U_Execute/alu_unit/A[0] (ALU)                           0.00       6.61 f
  U_Execute/alu_unit/U5/Y (BUFX2M)                        0.21       6.83 f
  U_Execute/alu_unit/add_27/A[0] (ALU_DW01_add_0)         0.00       6.83 f
  U_Execute/alu_unit/add_27/U1/Y (AND2X2M)                0.19       7.02 f
  U_Execute/alu_unit/add_27/U1_1/CO (ADDFX2M)             0.31       7.33 f
  U_Execute/alu_unit/add_27/U1_2/S (ADDFX2M)              0.30       7.63 r
  U_Execute/alu_unit/add_27/SUM[2] (ALU_DW01_add_0)       0.00       7.63 r
  U_Execute/alu_unit/U46/Y (AOI22X1M)                     0.12       7.75 f
  U_Execute/alu_unit/U44/Y (NAND4X2M)                     0.10       7.85 r
  U_Execute/alu_unit/Result[2] (ALU)                      0.00       7.85 r
  U_Execute/ALUResult[2] (ExecuteStage)                   0.00       7.85 r
  U_EX_MEM_Reg/alu_result_in[2] (EX_M_register)           0.00       7.85 r
  U_EX_MEM_Reg/alu_result_out_reg[2]/D (DFFRQX2M)         0.00       7.85 r
  data arrival time                                                  7.85

  clock clk (rise edge)                                  20.00      20.00
  clock network delay (ideal)                             0.00      20.00
  clock uncertainty                                      -0.25      19.75
  U_EX_MEM_Reg/alu_result_out_reg[2]/CK (DFFRQX2M)        0.00      19.75 r
  library setup time                                     -0.29      19.46
  data required time                                                19.46
  --------------------------------------------------------------------------
  data required time                                                19.46
  data arrival time                                                 -7.85
  --------------------------------------------------------------------------
  slack (MET)                                                       11.61


  Startpoint: interrupt (input port clocked by clk)
  Endpoint: U_ID_EX_Reg/reg_rb_data_out_reg[7]
            (rising edge-triggered flip-flop clocked by clk)
  Path Group: INREG
  Path Type: max

  Point                                                   Incr       Path
  --------------------------------------------------------------------------
  clock clk (rise edge)                                   0.00       0.00
  clock network delay (ideal)                             0.00       0.00
  input external delay                                    6.00       6.00 f
  interrupt (in)                                          0.01       6.01 f
  U103/Y (BUFX2M)                                         0.21       6.22 f
  u_Control_Unit/interrupt_sig (Control_Unit)             0.00       6.22 f
  u_Control_Unit/U18/Y (NOR2X2M)                          0.15       6.36 r
  u_Control_Unit/U7/Y (INVX2M)                            0.08       6.45 f
  u_Control_Unit/Sel_ReadAddr2 (Control_Unit)             0.00       6.45 f
  U_Decode_WB/Sel_ReadAddr2 (decode_wb_stage)             0.00       6.45 f
  U_Decode_WB/U26/Y (AO2B2X2M)                            0.67       7.12 r
  U_Decode_WB/U_RF/rd_addr2[0] (Register_File)            0.00       7.12 r
  U_Decode_WB/U_RF/U65/Y (MX4X1M)                         0.45       7.57 f
  U_Decode_WB/U_RF/rd_data2[7] (Register_File)            0.00       7.57 f
  U_Decode_WB/rd_data2[7] (decode_wb_stage)               0.00       7.57 f
  U_ID_EX_Reg/reg_rb_data_in[7] (ID_EX_register)          0.00       7.57 f
  U_ID_EX_Reg/U30/Y (AO22X1M)                             0.38       7.96 f
  U_ID_EX_Reg/reg_rb_data_out_reg[7]/D (DFFRQX2M)         0.00       7.96 f
  data arrival time                                                  7.96

  clock clk (rise edge)                                  20.00      20.00
  clock network delay (ideal)                             0.00      20.00
  clock uncertainty                                      -0.25      19.75
  U_ID_EX_Reg/reg_rb_data_out_reg[7]/CK (DFFRQX2M)        0.00      19.75 r
  library setup time                                     -0.14      19.61
  data required time                                                19.61
  --------------------------------------------------------------------------
  data required time                                                19.61
  data arrival time                                                 -7.96
  --------------------------------------------------------------------------
  slack (MET)                                                       11.65


  Startpoint: interrupt (input port clocked by clk)
  Endpoint: U_ID_EX_Reg/reg_rb_data_out_reg[6]
            (rising edge-triggered flip-flop clocked by clk)
  Path Group: INREG
  Path Type: max

  Point                                                   Incr       Path
  --------------------------------------------------------------------------
  clock clk (rise edge)                                   0.00       0.00
  clock network delay (ideal)                             0.00       0.00
  input external delay                                    6.00       6.00 f
  interrupt (in)                                          0.01       6.01 f
  U103/Y (BUFX2M)                                         0.21       6.22 f
  u_Control_Unit/interrupt_sig (Control_Unit)             0.00       6.22 f
  u_Control_Unit/U18/Y (NOR2X2M)                          0.15       6.36 r
  u_Control_Unit/U7/Y (INVX2M)                            0.08       6.45 f
  u_Control_Unit/Sel_ReadAddr2 (Control_Unit)             0.00       6.45 f
  U_Decode_WB/Sel_ReadAddr2 (decode_wb_stage)             0.00       6.45 f
  U_Decode_WB/U26/Y (AO2B2X2M)                            0.67       7.12 r
  U_Decode_WB/U_RF/rd_addr2[0] (Register_File)            0.00       7.12 r
  U_Decode_WB/U_RF/U64/Y (MX4X1M)                         0.45       7.57 f
  U_Decode_WB/U_RF/rd_data2[6] (Register_File)            0.00       7.57 f
  U_Decode_WB/rd_data2[6] (decode_wb_stage)               0.00       7.57 f
  U_ID_EX_Reg/reg_rb_data_in[6] (ID_EX_register)          0.00       7.57 f
  U_ID_EX_Reg/U29/Y (AO22X1M)                             0.38       7.96 f
  U_ID_EX_Reg/reg_rb_data_out_reg[6]/D (DFFRQX2M)         0.00       7.96 f
  data arrival time                                                  7.96

  clock clk (rise edge)                                  20.00      20.00
  clock network delay (ideal)                             0.00      20.00
  clock uncertainty                                      -0.25      19.75
  U_ID_EX_Reg/reg_rb_data_out_reg[6]/CK (DFFRQX2M)        0.00      19.75 r
  library setup time                                     -0.14      19.61
  data required time                                                19.61
  --------------------------------------------------------------------------
  data required time                                                19.61
  data arrival time                                                 -7.96
  --------------------------------------------------------------------------
  slack (MET)                                                       11.65


  Startpoint: interrupt (input port clocked by clk)
  Endpoint: U_ID_EX_Reg/reg_rb_data_out_reg[5]
            (rising edge-triggered flip-flop clocked by clk)
  Path Group: INREG
  Path Type: max

  Point                                                   Incr       Path
  --------------------------------------------------------------------------
  clock clk (rise edge)                                   0.00       0.00
  clock network delay (ideal)                             0.00       0.00
  input external delay                                    6.00       6.00 f
  interrupt (in)                                          0.01       6.01 f
  U103/Y (BUFX2M)                                         0.21       6.22 f
  u_Control_Unit/interrupt_sig (Control_Unit)             0.00       6.22 f
  u_Control_Unit/U18/Y (NOR2X2M)                          0.15       6.36 r
  u_Control_Unit/U7/Y (INVX2M)                            0.08       6.45 f
  u_Control_Unit/Sel_ReadAddr2 (Control_Unit)             0.00       6.45 f
  U_Decode_WB/Sel_ReadAddr2 (decode_wb_stage)             0.00       6.45 f
  U_Decode_WB/U26/Y (AO2B2X2M)                            0.67       7.12 r
  U_Decode_WB/U_RF/rd_addr2[0] (Register_File)            0.00       7.12 r
  U_Decode_WB/U_RF/U59/Y (MX4X1M)                         0.45       7.57 f
  U_Decode_WB/U_RF/rd_data2[5] (Register_File)            0.00       7.57 f
  U_Decode_WB/rd_data2[5] (decode_wb_stage)               0.00       7.57 f
  U_ID_EX_Reg/reg_rb_data_in[5] (ID_EX_register)          0.00       7.57 f
  U_ID_EX_Reg/U28/Y (AO22X1M)                             0.38       7.96 f
  U_ID_EX_Reg/reg_rb_data_out_reg[5]/D (DFFRQX2M)         0.00       7.96 f
  data arrival time                                                  7.96

  clock clk (rise edge)                                  20.00      20.00
  clock network delay (ideal)                             0.00      20.00
  clock uncertainty                                      -0.25      19.75
  U_ID_EX_Reg/reg_rb_data_out_reg[5]/CK (DFFRQX2M)        0.00      19.75 r
  library setup time                                     -0.14      19.61
  data required time                                                19.61
  --------------------------------------------------------------------------
  data required time                                                19.61
  data arrival time                                                 -7.96
  --------------------------------------------------------------------------
  slack (MET)                                                       11.65


  Startpoint: interrupt (input port clocked by clk)
  Endpoint: U_ID_EX_Reg/reg_rb_data_out_reg[4]
            (rising edge-triggered flip-flop clocked by clk)
  Path Group: INREG
  Path Type: max

  Point                                                   Incr       Path
  --------------------------------------------------------------------------
  clock clk (rise edge)                                   0.00       0.00
  clock network delay (ideal)                             0.00       0.00
  input external delay                                    6.00       6.00 f
  interrupt (in)                                          0.01       6.01 f
  U103/Y (BUFX2M)                                         0.21       6.22 f
  u_Control_Unit/interrupt_sig (Control_Unit)             0.00       6.22 f
  u_Control_Unit/U18/Y (NOR2X2M)                          0.15       6.36 r
  u_Control_Unit/U7/Y (INVX2M)                            0.08       6.45 f
  u_Control_Unit/Sel_ReadAddr2 (Control_Unit)             0.00       6.45 f
  U_Decode_WB/Sel_ReadAddr2 (decode_wb_stage)             0.00       6.45 f
  U_Decode_WB/U26/Y (AO2B2X2M)                            0.67       7.12 r
  U_Decode_WB/U_RF/rd_addr2[0] (Register_File)            0.00       7.12 r
  U_Decode_WB/U_RF/U63/Y (MX4X1M)                         0.45       7.57 f
  U_Decode_WB/U_RF/rd_data2[4] (Register_File)            0.00       7.57 f
  U_Decode_WB/rd_data2[4] (decode_wb_stage)               0.00       7.57 f
  U_ID_EX_Reg/reg_rb_data_in[4] (ID_EX_register)          0.00       7.57 f
  U_ID_EX_Reg/U27/Y (AO22X1M)                             0.38       7.96 f
  U_ID_EX_Reg/reg_rb_data_out_reg[4]/D (DFFRQX2M)         0.00       7.96 f
  data arrival time                                                  7.96

  clock clk (rise edge)                                  20.00      20.00
  clock network delay (ideal)                             0.00      20.00
  clock uncertainty                                      -0.25      19.75
  U_ID_EX_Reg/reg_rb_data_out_reg[4]/CK (DFFRQX2M)        0.00      19.75 r
  library setup time                                     -0.14      19.61
  data required time                                                19.61
  --------------------------------------------------------------------------
  data required time                                                19.61
  data arrival time                                                 -7.96
  --------------------------------------------------------------------------
  slack (MET)                                                       11.65


  Startpoint: interrupt (input port clocked by clk)
  Endpoint: U_ID_EX_Reg/reg_rb_data_out_reg[3]
            (rising edge-triggered flip-flop clocked by clk)
  Path Group: INREG
  Path Type: max

  Point                                                   Incr       Path
  --------------------------------------------------------------------------
  clock clk (rise edge)                                   0.00       0.00
  clock network delay (ideal)                             0.00       0.00
  input external delay                                    6.00       6.00 f
  interrupt (in)                                          0.01       6.01 f
  U103/Y (BUFX2M)                                         0.21       6.22 f
  u_Control_Unit/interrupt_sig (Control_Unit)             0.00       6.22 f
  u_Control_Unit/U18/Y (NOR2X2M)                          0.15       6.36 r
  u_Control_Unit/U7/Y (INVX2M)                            0.08       6.45 f
  u_Control_Unit/Sel_ReadAddr2 (Control_Unit)             0.00       6.45 f
  U_Decode_WB/Sel_ReadAddr2 (decode_wb_stage)             0.00       6.45 f
  U_Decode_WB/U26/Y (AO2B2X2M)                            0.67       7.12 r
  U_Decode_WB/U_RF/rd_addr2[0] (Register_File)            0.00       7.12 r
  U_Decode_WB/U_RF/U62/Y (MX4X1M)                         0.45       7.57 f
  U_Decode_WB/U_RF/rd_data2[3] (Register_File)            0.00       7.57 f
  U_Decode_WB/rd_data2[3] (decode_wb_stage)               0.00       7.57 f
  U_ID_EX_Reg/reg_rb_data_in[3] (ID_EX_register)          0.00       7.57 f
  U_ID_EX_Reg/U26/Y (AO22X1M)                             0.38       7.96 f
  U_ID_EX_Reg/reg_rb_data_out_reg[3]/D (DFFRQX2M)         0.00       7.96 f
  data arrival time                                                  7.96

  clock clk (rise edge)                                  20.00      20.00
  clock network delay (ideal)                             0.00      20.00
  clock uncertainty                                      -0.25      19.75
  U_ID_EX_Reg/reg_rb_data_out_reg[3]/CK (DFFRQX2M)        0.00      19.75 r
  library setup time                                     -0.14      19.61
  data required time                                                19.61
  --------------------------------------------------------------------------
  data required time                                                19.61
  data arrival time                                                 -7.96
  --------------------------------------------------------------------------
  slack (MET)                                                       11.65


  Startpoint: interrupt (input port clocked by clk)
  Endpoint: U_ID_EX_Reg/reg_rb_data_out_reg[2]
            (rising edge-triggered flip-flop clocked by clk)
  Path Group: INREG
  Path Type: max

  Point                                                   Incr       Path
  --------------------------------------------------------------------------
  clock clk (rise edge)                                   0.00       0.00
  clock network delay (ideal)                             0.00       0.00
  input external delay                                    6.00       6.00 f
  interrupt (in)                                          0.01       6.01 f
  U103/Y (BUFX2M)                                         0.21       6.22 f
  u_Control_Unit/interrupt_sig (Control_Unit)             0.00       6.22 f
  u_Control_Unit/U18/Y (NOR2X2M)                          0.15       6.36 r
  u_Control_Unit/U7/Y (INVX2M)                            0.08       6.45 f
  u_Control_Unit/Sel_ReadAddr2 (Control_Unit)             0.00       6.45 f
  U_Decode_WB/Sel_ReadAddr2 (decode_wb_stage)             0.00       6.45 f
  U_Decode_WB/U26/Y (AO2B2X2M)                            0.67       7.12 r
  U_Decode_WB/U_RF/rd_addr2[0] (Register_File)            0.00       7.12 r
  U_Decode_WB/U_RF/U61/Y (MX4X1M)                         0.45       7.57 f
  U_Decode_WB/U_RF/rd_data2[2] (Register_File)            0.00       7.57 f
  U_Decode_WB/rd_data2[2] (decode_wb_stage)               0.00       7.57 f
  U_ID_EX_Reg/reg_rb_data_in[2] (ID_EX_register)          0.00       7.57 f
  U_ID_EX_Reg/U25/Y (AO22X1M)                             0.38       7.96 f
  U_ID_EX_Reg/reg_rb_data_out_reg[2]/D (DFFRQX2M)         0.00       7.96 f
  data arrival time                                                  7.96

  clock clk (rise edge)                                  20.00      20.00
  clock network delay (ideal)                             0.00      20.00
  clock uncertainty                                      -0.25      19.75
  U_ID_EX_Reg/reg_rb_data_out_reg[2]/CK (DFFRQX2M)        0.00      19.75 r
  library setup time                                     -0.14      19.61
  data required time                                                19.61
  --------------------------------------------------------------------------
  data required time                                                19.61
  data arrival time                                                 -7.96
  --------------------------------------------------------------------------
  slack (MET)                                                       11.65


  Startpoint: interrupt (input port clocked by clk)
  Endpoint: U_ID_EX_Reg/reg_rb_data_out_reg[1]
            (rising edge-triggered flip-flop clocked by clk)
  Path Group: INREG
  Path Type: max

  Point                                                   Incr       Path
  --------------------------------------------------------------------------
  clock clk (rise edge)                                   0.00       0.00
  clock network delay (ideal)                             0.00       0.00
  input external delay                                    6.00       6.00 f
  interrupt (in)                                          0.01       6.01 f
  U103/Y (BUFX2M)                                         0.21       6.22 f
  u_Control_Unit/interrupt_sig (Control_Unit)             0.00       6.22 f
  u_Control_Unit/U18/Y (NOR2X2M)                          0.15       6.36 r
  u_Control_Unit/U7/Y (INVX2M)                            0.08       6.45 f
  u_Control_Unit/Sel_ReadAddr2 (Control_Unit)             0.00       6.45 f
  U_Decode_WB/Sel_ReadAddr2 (decode_wb_stage)             0.00       6.45 f
  U_Decode_WB/U26/Y (AO2B2X2M)                            0.67       7.12 r
  U_Decode_WB/U_RF/rd_addr2[0] (Register_File)            0.00       7.12 r
  U_Decode_WB/U_RF/U60/Y (MX4X1M)                         0.45       7.57 f
  U_Decode_WB/U_RF/rd_data2[1] (Register_File)            0.00       7.57 f
  U_Decode_WB/rd_data2[1] (decode_wb_stage)               0.00       7.57 f
  U_ID_EX_Reg/reg_rb_data_in[1] (ID_EX_register)          0.00       7.57 f
  U_ID_EX_Reg/U24/Y (AO22X1M)                             0.38       7.96 f
  U_ID_EX_Reg/reg_rb_data_out_reg[1]/D (DFFRQX2M)         0.00       7.96 f
  data arrival time                                                  7.96

  clock clk (rise edge)                                  20.00      20.00
  clock network delay (ideal)                             0.00      20.00
  clock uncertainty                                      -0.25      19.75
  U_ID_EX_Reg/reg_rb_data_out_reg[1]/CK (DFFRQX2M)        0.00      19.75 r
  library setup time                                     -0.14      19.61
  data required time                                                19.61
  --------------------------------------------------------------------------
  data required time                                                19.61
  data arrival time                                                 -7.96
  --------------------------------------------------------------------------
  slack (MET)                                                       11.65


  Startpoint: interrupt (input port clocked by clk)
  Endpoint: U_ID_EX_Reg/reg_rb_data_out_reg[0]
            (rising edge-triggered flip-flop clocked by clk)
  Path Group: INREG
  Path Type: max

  Point                                                   Incr       Path
  --------------------------------------------------------------------------
  clock clk (rise edge)                                   0.00       0.00
  clock network delay (ideal)                             0.00       0.00
  input external delay                                    6.00       6.00 f
  interrupt (in)                                          0.01       6.01 f
  U103/Y (BUFX2M)                                         0.21       6.22 f
  u_Control_Unit/interrupt_sig (Control_Unit)             0.00       6.22 f
  u_Control_Unit/U18/Y (NOR2X2M)                          0.15       6.36 r
  u_Control_Unit/U7/Y (INVX2M)                            0.08       6.45 f
  u_Control_Unit/Sel_ReadAddr2 (Control_Unit)             0.00       6.45 f
  U_Decode_WB/Sel_ReadAddr2 (decode_wb_stage)             0.00       6.45 f
  U_Decode_WB/U26/Y (AO2B2X2M)                            0.67       7.12 r
  U_Decode_WB/U_RF/rd_addr2[0] (Register_File)            0.00       7.12 r
  U_Decode_WB/U_RF/U58/Y (MX4X1M)                         0.45       7.57 f
  U_Decode_WB/U_RF/rd_data2[0] (Register_File)            0.00       7.57 f
  U_Decode_WB/rd_data2[0] (decode_wb_stage)               0.00       7.57 f
  U_ID_EX_Reg/reg_rb_data_in[0] (ID_EX_register)          0.00       7.57 f
  U_ID_EX_Reg/U23/Y (AO22X1M)                             0.38       7.96 f
  U_ID_EX_Reg/reg_rb_data_out_reg[0]/D (DFFRQX2M)         0.00       7.96 f
  data arrival time                                                  7.96

  clock clk (rise edge)                                  20.00      20.00
  clock network delay (ideal)                             0.00      20.00
  clock uncertainty                                      -0.25      19.75
  U_ID_EX_Reg/reg_rb_data_out_reg[0]/CK (DFFRQX2M)        0.00      19.75 r
  library setup time                                     -0.14      19.61
  data required time                                                19.61
  --------------------------------------------------------------------------
  data required time                                                19.61
  data arrival time                                                 -7.96
  --------------------------------------------------------------------------
  slack (MET)                                                       11.65


  Startpoint: interrupt (input port clocked by clk)
  Endpoint: U_ID_EX_Reg/Ex_MEM_regwrite_out_reg
            (rising edge-triggered flip-flop clocked by clk)
  Path Group: INREG
  Path Type: max

  Point                                                   Incr       Path
  --------------------------------------------------------------------------
  clock clk (rise edge)                                   0.00       0.00
  clock network delay (ideal)                             0.00       0.00
  input external delay                                    6.00       6.00 f
  interrupt (in)                                          0.01       6.01 f
  U103/Y (BUFX2M)                                         0.21       6.22 f
  u_Control_Unit/interrupt_sig (Control_Unit)             0.00       6.22 f
  u_Control_Unit/U3/Y (NOR2X2M)                           0.27       6.49 r
  u_Control_Unit/U17/Y (NAND2X2M)                         0.17       6.66 f
  u_Control_Unit/U47/Y (OAI22X1M)                         0.25       6.91 r
  u_Control_Unit/U23/Y (CLKXOR2X2M)                       0.37       7.27 f
  u_Control_Unit/U61/Y (NOR2BX2M)                         0.11       7.38 r
  u_Control_Unit/Ex_MEM_regwrite (Control_Unit)           0.00       7.38 r
  U_ID_EX_Reg/Ex_MEM_regwrite_in (ID_EX_register)         0.00       7.38 r
  U_ID_EX_Reg/U35/Y (AO22X1M)                             0.17       7.55 r
  U_ID_EX_Reg/Ex_MEM_regwrite_out_reg/D (DFFRQX2M)        0.00       7.55 r
  data arrival time                                                  7.55

  clock clk (rise edge)                                  20.00      20.00
  clock network delay (ideal)                             0.00      20.00
  clock uncertainty                                      -0.25      19.75
  U_ID_EX_Reg/Ex_MEM_regwrite_out_reg/CK (DFFRQX2M)       0.00      19.75 r
  library setup time                                     -0.29      19.46
  data required time                                                19.46
  --------------------------------------------------------------------------
  data required time                                                19.46
  data arrival time                                                 -7.55
  --------------------------------------------------------------------------
  slack (MET)                                                       11.92


  Startpoint: in_port_val[0]
              (input port clocked by clk)
  Endpoint: U_EX_MEM_Reg/alu_result_out_reg[1]
            (rising edge-triggered flip-flop clocked by clk)
  Path Group: INREG
  Path Type: max

  Point                                                   Incr       Path
  --------------------------------------------------------------------------
  clock clk (rise edge)                                   0.00       0.00
  clock network delay (ideal)                             0.00       0.00
  input external delay                                    6.00       6.00 f
  in_port_val[0] (in)                                     0.01       6.01 f
  U_Decode_WB/in_port[0] (decode_wb_stage)                0.00       6.01 f
  U_Decode_WB/U7/Y (AOI22X1M)                             0.19       6.20 r
  U_Decode_WB/U5/Y (NAND2X2M)                             0.11       6.31 f
  U_Decode_WB/DATA_OUT[0] (decode_wb_stage)               0.00       6.31 f
  U105/Y (AOI22X1M)                                       0.22       6.53 r
  U104/Y (OAI21X2M)                                       0.09       6.61 f
  U_Execute/A[0] (ExecuteStage)                           0.00       6.61 f
  U_Execute/alu_unit/A[0] (ALU)                           0.00       6.61 f
  U_Execute/alu_unit/U5/Y (BUFX2M)                        0.21       6.83 f
  U_Execute/alu_unit/add_27/A[0] (ALU_DW01_add_0)         0.00       6.83 f
  U_Execute/alu_unit/add_27/U1/Y (AND2X2M)                0.19       7.02 f
  U_Execute/alu_unit/add_27/U1_1/S (ADDFX2M)              0.28       7.31 r
  U_Execute/alu_unit/add_27/SUM[1] (ALU_DW01_add_0)       0.00       7.31 r
  U_Execute/alu_unit/U70/Y (AOI22X1M)                     0.12       7.42 f
  U_Execute/alu_unit/U68/Y (NAND4X2M)                     0.10       7.52 r
  U_Execute/alu_unit/Result[1] (ALU)                      0.00       7.52 r
  U_Execute/ALUResult[1] (ExecuteStage)                   0.00       7.52 r
  U_EX_MEM_Reg/alu_result_in[1] (EX_M_register)           0.00       7.52 r
  U_EX_MEM_Reg/alu_result_out_reg[1]/D (DFFRQX2M)         0.00       7.52 r
  data arrival time                                                  7.52

  clock clk (rise edge)                                  20.00      20.00
  clock network delay (ideal)                             0.00      20.00
  clock uncertainty                                      -0.25      19.75
  U_EX_MEM_Reg/alu_result_out_reg[1]/CK (DFFRQX2M)        0.00      19.75 r
  library setup time                                     -0.29      19.46
  data required time                                                19.46
  --------------------------------------------------------------------------
  data required time                                                19.46
  data arrival time                                                 -7.52
  --------------------------------------------------------------------------
  slack (MET)                                                       11.94


  Startpoint: interrupt (input port clocked by clk)
  Endpoint: U_ID_EX_Reg/MEM_WB_regwrite_out_reg
            (rising edge-triggered flip-flop clocked by clk)
  Path Group: INREG
  Path Type: max

  Point                                                   Incr       Path
  --------------------------------------------------------------------------
  clock clk (rise edge)                                   0.00       0.00
  clock network delay (ideal)                             0.00       0.00
  input external delay                                    6.00       6.00 f
  interrupt (in)                                          0.01       6.01 f
  U103/Y (BUFX2M)                                         0.21       6.22 f
  u_Control_Unit/interrupt_sig (Control_Unit)             0.00       6.22 f
  u_Control_Unit/U3/Y (NOR2X2M)                           0.27       6.49 r
  u_Control_Unit/U17/Y (NAND2X2M)                         0.17       6.66 f
  u_Control_Unit/U47/Y (OAI22X1M)                         0.25       6.91 r
  u_Control_Unit/U23/Y (CLKXOR2X2M)                       0.37       7.27 f
  u_Control_Unit/MEM_WB_regwrite (Control_Unit)           0.00       7.27 f
  U_ID_EX_Reg/MEM_WB_regwrite_in (ID_EX_register)         0.00       7.27 f
  U_ID_EX_Reg/U53/Y (AO22X1M)                             0.38       7.65 f
  U_ID_EX_Reg/MEM_WB_regwrite_out_reg/D (DFFRQX2M)        0.00       7.65 f
  data arrival time                                                  7.65

  clock clk (rise edge)                                  20.00      20.00
  clock network delay (ideal)                             0.00      20.00
  clock uncertainty                                      -0.25      19.75
  U_ID_EX_Reg/MEM_WB_regwrite_out_reg/CK (DFFRQX2M)       0.00      19.75 r
  library setup time                                     -0.14      19.61
  data required time                                                19.61
  --------------------------------------------------------------------------
  data required time                                                19.61
  data arrival time                                                 -7.65
  --------------------------------------------------------------------------
  slack (MET)                                                       11.95


  Startpoint: in_port_val[0]
              (input port clocked by clk)
  Endpoint: U_EX_MEM_Reg/alu_result_out_reg[0]
            (rising edge-triggered flip-flop clocked by clk)
  Path Group: INREG
  Path Type: max

  Point                                                   Incr       Path
  --------------------------------------------------------------------------
  clock clk (rise edge)                                   0.00       0.00
  clock network delay (ideal)                             0.00       0.00
  input external delay                                    6.00       6.00 f
  in_port_val[0] (in)                                     0.01       6.01 f
  U_Decode_WB/in_port[0] (decode_wb_stage)                0.00       6.01 f
  U_Decode_WB/U7/Y (AOI22X1M)                             0.19       6.20 r
  U_Decode_WB/U5/Y (NAND2X2M)                             0.11       6.31 f
  U_Decode_WB/DATA_OUT[0] (decode_wb_stage)               0.00       6.31 f
  U105/Y (AOI22X1M)                                       0.22       6.53 r
  U104/Y (OAI21X2M)                                       0.09       6.61 f
  U_Execute/A[0] (ExecuteStage)                           0.00       6.61 f
  U_Execute/alu_unit/A[0] (ALU)                           0.00       6.61 f
  U_Execute/alu_unit/U5/Y (BUFX2M)                        0.21       6.83 f
  U_Execute/alu_unit/U66/Y (OAI2B1X2M)                    0.20       7.03 f
  U_Execute/alu_unit/U65/Y (AOI222X1M)                    0.37       7.39 r
  U_Execute/alu_unit/U97/Y (NAND4X2M)                     0.17       7.57 f
  U_Execute/alu_unit/Result[0] (ALU)                      0.00       7.57 f
  U_Execute/ALUResult[0] (ExecuteStage)                   0.00       7.57 f
  U_EX_MEM_Reg/alu_result_in[0] (EX_M_register)           0.00       7.57 f
  U_EX_MEM_Reg/alu_result_out_reg[0]/D (DFFRQX2M)         0.00       7.57 f
  data arrival time                                                  7.57

  clock clk (rise edge)                                  20.00      20.00
  clock network delay (ideal)                             0.00      20.00
  clock uncertainty                                      -0.25      19.75
  U_EX_MEM_Reg/alu_result_out_reg[0]/CK (DFFRQX2M)        0.00      19.75 r
  library setup time                                     -0.16      19.59
  data required time                                                19.59
  --------------------------------------------------------------------------
  data required time                                                19.59
  data arrival time                                                 -7.57
  --------------------------------------------------------------------------
  slack (MET)                                                       12.03


  Startpoint: interrupt (input port clocked by clk)
  Endpoint: U_IF_ID_Reg/pc_plus_1_out_reg[7]
            (rising edge-triggered flip-flop clocked by clk)
  Path Group: INREG
  Path Type: max

  Point                                                   Incr       Path
  --------------------------------------------------------------------------
  clock clk (rise edge)                                   0.00       0.00
  clock network delay (ideal)                             0.00       0.00
  input external delay                                    6.00       6.00 f
  interrupt (in)                                          0.01       6.01 f
  U103/Y (BUFX2M)                                         0.21       6.22 f
  u_Control_Unit/interrupt_sig (Control_Unit)             0.00       6.22 f
  u_Control_Unit/flush_f_d_reg (Control_Unit)             0.00       6.22 f
  U_IF_ID_Reg/flush (IF_ID_register)                      0.00       6.22 f
  U_IF_ID_Reg/U4/Y (NOR2X2M)                              0.48       6.70 r
  U_IF_ID_Reg/U3/Y (NOR2X2M)                              0.30       7.00 f
  U_IF_ID_Reg/U20/Y (AO22X1M)                             0.39       7.39 f
  U_IF_ID_Reg/pc_plus_1_out_reg[7]/D (DFFRQX2M)           0.00       7.39 f
  data arrival time                                                  7.39

  clock clk (rise edge)                                  20.00      20.00
  clock network delay (ideal)                             0.00      20.00
  clock uncertainty                                      -0.25      19.75
  U_IF_ID_Reg/pc_plus_1_out_reg[7]/CK (DFFRQX2M)          0.00      19.75 r
  library setup time                                     -0.14      19.61
  data required time                                                19.61
  --------------------------------------------------------------------------
  data required time                                                19.61
  data arrival time                                                 -7.39
  --------------------------------------------------------------------------
  slack (MET)                                                       12.22


  Startpoint: interrupt (input port clocked by clk)
  Endpoint: U_IF_ID_Reg/pc_plus_1_out_reg[6]
            (rising edge-triggered flip-flop clocked by clk)
  Path Group: INREG
  Path Type: max

  Point                                                   Incr       Path
  --------------------------------------------------------------------------
  clock clk (rise edge)                                   0.00       0.00
  clock network delay (ideal)                             0.00       0.00
  input external delay                                    6.00       6.00 f
  interrupt (in)                                          0.01       6.01 f
  U103/Y (BUFX2M)                                         0.21       6.22 f
  u_Control_Unit/interrupt_sig (Control_Unit)             0.00       6.22 f
  u_Control_Unit/flush_f_d_reg (Control_Unit)             0.00       6.22 f
  U_IF_ID_Reg/flush (IF_ID_register)                      0.00       6.22 f
  U_IF_ID_Reg/U4/Y (NOR2X2M)                              0.48       6.70 r
  U_IF_ID_Reg/U3/Y (NOR2X2M)                              0.30       7.00 f
  U_IF_ID_Reg/U19/Y (AO22X1M)                             0.39       7.39 f
  U_IF_ID_Reg/pc_plus_1_out_reg[6]/D (DFFRQX2M)           0.00       7.39 f
  data arrival time                                                  7.39

  clock clk (rise edge)                                  20.00      20.00
  clock network delay (ideal)                             0.00      20.00
  clock uncertainty                                      -0.25      19.75
  U_IF_ID_Reg/pc_plus_1_out_reg[6]/CK (DFFRQX2M)          0.00      19.75 r
  library setup time                                     -0.14      19.61
  data required time                                                19.61
  --------------------------------------------------------------------------
  data required time                                                19.61
  data arrival time                                                 -7.39
  --------------------------------------------------------------------------
  slack (MET)                                                       12.22


  Startpoint: interrupt (input port clocked by clk)
  Endpoint: U_IF_ID_Reg/pc_plus_1_out_reg[5]
            (rising edge-triggered flip-flop clocked by clk)
  Path Group: INREG
  Path Type: max

  Point                                                   Incr       Path
  --------------------------------------------------------------------------
  clock clk (rise edge)                                   0.00       0.00
  clock network delay (ideal)                             0.00       0.00
  input external delay                                    6.00       6.00 f
  interrupt (in)                                          0.01       6.01 f
  U103/Y (BUFX2M)                                         0.21       6.22 f
  u_Control_Unit/interrupt_sig (Control_Unit)             0.00       6.22 f
  u_Control_Unit/flush_f_d_reg (Control_Unit)             0.00       6.22 f
  U_IF_ID_Reg/flush (IF_ID_register)                      0.00       6.22 f
  U_IF_ID_Reg/U4/Y (NOR2X2M)                              0.48       6.70 r
  U_IF_ID_Reg/U3/Y (NOR2X2M)                              0.30       7.00 f
  U_IF_ID_Reg/U18/Y (AO22X1M)                             0.39       7.39 f
  U_IF_ID_Reg/pc_plus_1_out_reg[5]/D (DFFRQX2M)           0.00       7.39 f
  data arrival time                                                  7.39

  clock clk (rise edge)                                  20.00      20.00
  clock network delay (ideal)                             0.00      20.00
  clock uncertainty                                      -0.25      19.75
  U_IF_ID_Reg/pc_plus_1_out_reg[5]/CK (DFFRQX2M)          0.00      19.75 r
  library setup time                                     -0.14      19.61
  data required time                                                19.61
  --------------------------------------------------------------------------
  data required time                                                19.61
  data arrival time                                                 -7.39
  --------------------------------------------------------------------------
  slack (MET)                                                       12.22


  Startpoint: interrupt (input port clocked by clk)
  Endpoint: U_IF_ID_Reg/pc_plus_1_out_reg[4]
            (rising edge-triggered flip-flop clocked by clk)
  Path Group: INREG
  Path Type: max

  Point                                                   Incr       Path
  --------------------------------------------------------------------------
  clock clk (rise edge)                                   0.00       0.00
  clock network delay (ideal)                             0.00       0.00
  input external delay                                    6.00       6.00 f
  interrupt (in)                                          0.01       6.01 f
  U103/Y (BUFX2M)                                         0.21       6.22 f
  u_Control_Unit/interrupt_sig (Control_Unit)             0.00       6.22 f
  u_Control_Unit/flush_f_d_reg (Control_Unit)             0.00       6.22 f
  U_IF_ID_Reg/flush (IF_ID_register)                      0.00       6.22 f
  U_IF_ID_Reg/U4/Y (NOR2X2M)                              0.48       6.70 r
  U_IF_ID_Reg/U3/Y (NOR2X2M)                              0.30       7.00 f
  U_IF_ID_Reg/U17/Y (AO22X1M)                             0.39       7.39 f
  U_IF_ID_Reg/pc_plus_1_out_reg[4]/D (DFFRQX2M)           0.00       7.39 f
  data arrival time                                                  7.39

  clock clk (rise edge)                                  20.00      20.00
  clock network delay (ideal)                             0.00      20.00
  clock uncertainty                                      -0.25      19.75
  U_IF_ID_Reg/pc_plus_1_out_reg[4]/CK (DFFRQX2M)          0.00      19.75 r
  library setup time                                     -0.14      19.61
  data required time                                                19.61
  --------------------------------------------------------------------------
  data required time                                                19.61
  data arrival time                                                 -7.39
  --------------------------------------------------------------------------
  slack (MET)                                                       12.22


  Startpoint: interrupt (input port clocked by clk)
  Endpoint: U_IF_ID_Reg/pc_plus_1_out_reg[3]
            (rising edge-triggered flip-flop clocked by clk)
  Path Group: INREG
  Path Type: max

  Point                                                   Incr       Path
  --------------------------------------------------------------------------
  clock clk (rise edge)                                   0.00       0.00
  clock network delay (ideal)                             0.00       0.00
  input external delay                                    6.00       6.00 f
  interrupt (in)                                          0.01       6.01 f
  U103/Y (BUFX2M)                                         0.21       6.22 f
  u_Control_Unit/interrupt_sig (Control_Unit)             0.00       6.22 f
  u_Control_Unit/flush_f_d_reg (Control_Unit)             0.00       6.22 f
  U_IF_ID_Reg/flush (IF_ID_register)                      0.00       6.22 f
  U_IF_ID_Reg/U4/Y (NOR2X2M)                              0.48       6.70 r
  U_IF_ID_Reg/U3/Y (NOR2X2M)                              0.30       7.00 f
  U_IF_ID_Reg/U16/Y (AO22X1M)                             0.39       7.39 f
  U_IF_ID_Reg/pc_plus_1_out_reg[3]/D (DFFRQX2M)           0.00       7.39 f
  data arrival time                                                  7.39

  clock clk (rise edge)                                  20.00      20.00
  clock network delay (ideal)                             0.00      20.00
  clock uncertainty                                      -0.25      19.75
  U_IF_ID_Reg/pc_plus_1_out_reg[3]/CK (DFFRQX2M)          0.00      19.75 r
  library setup time                                     -0.14      19.61
  data required time                                                19.61
  --------------------------------------------------------------------------
  data required time                                                19.61
  data arrival time                                                 -7.39
  --------------------------------------------------------------------------
  slack (MET)                                                       12.22


  Startpoint: interrupt (input port clocked by clk)
  Endpoint: U_IF_ID_Reg/pc_plus_1_out_reg[2]
            (rising edge-triggered flip-flop clocked by clk)
  Path Group: INREG
  Path Type: max

  Point                                                   Incr       Path
  --------------------------------------------------------------------------
  clock clk (rise edge)                                   0.00       0.00
  clock network delay (ideal)                             0.00       0.00
  input external delay                                    6.00       6.00 f
  interrupt (in)                                          0.01       6.01 f
  U103/Y (BUFX2M)                                         0.21       6.22 f
  u_Control_Unit/interrupt_sig (Control_Unit)             0.00       6.22 f
  u_Control_Unit/flush_f_d_reg (Control_Unit)             0.00       6.22 f
  U_IF_ID_Reg/flush (IF_ID_register)                      0.00       6.22 f
  U_IF_ID_Reg/U4/Y (NOR2X2M)                              0.48       6.70 r
  U_IF_ID_Reg/U3/Y (NOR2X2M)                              0.30       7.00 f
  U_IF_ID_Reg/U15/Y (AO22X1M)                             0.39       7.39 f
  U_IF_ID_Reg/pc_plus_1_out_reg[2]/D (DFFRQX2M)           0.00       7.39 f
  data arrival time                                                  7.39

  clock clk (rise edge)                                  20.00      20.00
  clock network delay (ideal)                             0.00      20.00
  clock uncertainty                                      -0.25      19.75
  U_IF_ID_Reg/pc_plus_1_out_reg[2]/CK (DFFRQX2M)          0.00      19.75 r
  library setup time                                     -0.14      19.61
  data required time                                                19.61
  --------------------------------------------------------------------------
  data required time                                                19.61
  data arrival time                                                 -7.39
  --------------------------------------------------------------------------
  slack (MET)                                                       12.22


  Startpoint: interrupt (input port clocked by clk)
  Endpoint: U_IF_ID_Reg/pc_plus_1_out_reg[1]
            (rising edge-triggered flip-flop clocked by clk)
  Path Group: INREG
  Path Type: max

  Point                                                   Incr       Path
  --------------------------------------------------------------------------
  clock clk (rise edge)                                   0.00       0.00
  clock network delay (ideal)                             0.00       0.00
  input external delay                                    6.00       6.00 f
  interrupt (in)                                          0.01       6.01 f
  U103/Y (BUFX2M)                                         0.21       6.22 f
  u_Control_Unit/interrupt_sig (Control_Unit)             0.00       6.22 f
  u_Control_Unit/flush_f_d_reg (Control_Unit)             0.00       6.22 f
  U_IF_ID_Reg/flush (IF_ID_register)                      0.00       6.22 f
  U_IF_ID_Reg/U4/Y (NOR2X2M)                              0.48       6.70 r
  U_IF_ID_Reg/U3/Y (NOR2X2M)                              0.30       7.00 f
  U_IF_ID_Reg/U14/Y (AO22X1M)                             0.39       7.39 f
  U_IF_ID_Reg/pc_plus_1_out_reg[1]/D (DFFRQX2M)           0.00       7.39 f
  data arrival time                                                  7.39

  clock clk (rise edge)                                  20.00      20.00
  clock network delay (ideal)                             0.00      20.00
  clock uncertainty                                      -0.25      19.75
  U_IF_ID_Reg/pc_plus_1_out_reg[1]/CK (DFFRQX2M)          0.00      19.75 r
  library setup time                                     -0.14      19.61
  data required time                                                19.61
  --------------------------------------------------------------------------
  data required time                                                19.61
  data arrival time                                                 -7.39
  --------------------------------------------------------------------------
  slack (MET)                                                       12.22


  Startpoint: interrupt (input port clocked by clk)
  Endpoint: U_IF_ID_Reg/pc_plus_1_out_reg[0]
            (rising edge-triggered flip-flop clocked by clk)
  Path Group: INREG
  Path Type: max

  Point                                                   Incr       Path
  --------------------------------------------------------------------------
  clock clk (rise edge)                                   0.00       0.00
  clock network delay (ideal)                             0.00       0.00
  input external delay                                    6.00       6.00 f
  interrupt (in)                                          0.01       6.01 f
  U103/Y (BUFX2M)                                         0.21       6.22 f
  u_Control_Unit/interrupt_sig (Control_Unit)             0.00       6.22 f
  u_Control_Unit/flush_f_d_reg (Control_Unit)             0.00       6.22 f
  U_IF_ID_Reg/flush (IF_ID_register)                      0.00       6.22 f
  U_IF_ID_Reg/U4/Y (NOR2X2M)                              0.48       6.70 r
  U_IF_ID_Reg/U3/Y (NOR2X2M)                              0.30       7.00 f
  U_IF_ID_Reg/U13/Y (AO22X1M)                             0.39       7.39 f
  U_IF_ID_Reg/pc_plus_1_out_reg[0]/D (DFFRQX2M)           0.00       7.39 f
  data arrival time                                                  7.39

  clock clk (rise edge)                                  20.00      20.00
  clock network delay (ideal)                             0.00      20.00
  clock uncertainty                                      -0.25      19.75
  U_IF_ID_Reg/pc_plus_1_out_reg[0]/CK (DFFRQX2M)          0.00      19.75 r
  library setup time                                     -0.14      19.61
  data required time                                                19.61
  --------------------------------------------------------------------------
  data required time                                                19.61
  data arrival time                                                 -7.39
  --------------------------------------------------------------------------
  slack (MET)                                                       12.22


  Startpoint: interrupt (input port clocked by clk)
  Endpoint: U_IF_ID_Reg/current_pc_out_reg[7]
            (rising edge-triggered flip-flop clocked by clk)
  Path Group: INREG
  Path Type: max

  Point                                                   Incr       Path
  --------------------------------------------------------------------------
  clock clk (rise edge)                                   0.00       0.00
  clock network delay (ideal)                             0.00       0.00
  input external delay                                    6.00       6.00 f
  interrupt (in)                                          0.01       6.01 f
  U103/Y (BUFX2M)                                         0.21       6.22 f
  u_Control_Unit/interrupt_sig (Control_Unit)             0.00       6.22 f
  u_Control_Unit/flush_f_d_reg (Control_Unit)             0.00       6.22 f
  U_IF_ID_Reg/flush (IF_ID_register)                      0.00       6.22 f
  U_IF_ID_Reg/U4/Y (NOR2X2M)                              0.48       6.70 r
  U_IF_ID_Reg/U3/Y (NOR2X2M)                              0.30       7.00 f
  U_IF_ID_Reg/U12/Y (AO22X1M)                             0.39       7.39 f
  U_IF_ID_Reg/current_pc_out_reg[7]/D (DFFRQX2M)          0.00       7.39 f
  data arrival time                                                  7.39

  clock clk (rise edge)                                  20.00      20.00
  clock network delay (ideal)                             0.00      20.00
  clock uncertainty                                      -0.25      19.75
  U_IF_ID_Reg/current_pc_out_reg[7]/CK (DFFRQX2M)         0.00      19.75 r
  library setup time                                     -0.14      19.61
  data required time                                                19.61
  --------------------------------------------------------------------------
  data required time                                                19.61
  data arrival time                                                 -7.39
  --------------------------------------------------------------------------
  slack (MET)                                                       12.22


  Startpoint: interrupt (input port clocked by clk)
  Endpoint: U_IF_ID_Reg/current_pc_out_reg[6]
            (rising edge-triggered flip-flop clocked by clk)
  Path Group: INREG
  Path Type: max

  Point                                                   Incr       Path
  --------------------------------------------------------------------------
  clock clk (rise edge)                                   0.00       0.00
  clock network delay (ideal)                             0.00       0.00
  input external delay                                    6.00       6.00 f
  interrupt (in)                                          0.01       6.01 f
  U103/Y (BUFX2M)                                         0.21       6.22 f
  u_Control_Unit/interrupt_sig (Control_Unit)             0.00       6.22 f
  u_Control_Unit/flush_f_d_reg (Control_Unit)             0.00       6.22 f
  U_IF_ID_Reg/flush (IF_ID_register)                      0.00       6.22 f
  U_IF_ID_Reg/U4/Y (NOR2X2M)                              0.48       6.70 r
  U_IF_ID_Reg/U3/Y (NOR2X2M)                              0.30       7.00 f
  U_IF_ID_Reg/U11/Y (AO22X1M)                             0.39       7.39 f
  U_IF_ID_Reg/current_pc_out_reg[6]/D (DFFRQX2M)          0.00       7.39 f
  data arrival time                                                  7.39

  clock clk (rise edge)                                  20.00      20.00
  clock network delay (ideal)                             0.00      20.00
  clock uncertainty                                      -0.25      19.75
  U_IF_ID_Reg/current_pc_out_reg[6]/CK (DFFRQX2M)         0.00      19.75 r
  library setup time                                     -0.14      19.61
  data required time                                                19.61
  --------------------------------------------------------------------------
  data required time                                                19.61
  data arrival time                                                 -7.39
  --------------------------------------------------------------------------
  slack (MET)                                                       12.22


  Startpoint: interrupt (input port clocked by clk)
  Endpoint: U_IF_ID_Reg/current_pc_out_reg[5]
            (rising edge-triggered flip-flop clocked by clk)
  Path Group: INREG
  Path Type: max

  Point                                                   Incr       Path
  --------------------------------------------------------------------------
  clock clk (rise edge)                                   0.00       0.00
  clock network delay (ideal)                             0.00       0.00
  input external delay                                    6.00       6.00 f
  interrupt (in)                                          0.01       6.01 f
  U103/Y (BUFX2M)                                         0.21       6.22 f
  u_Control_Unit/interrupt_sig (Control_Unit)             0.00       6.22 f
  u_Control_Unit/flush_f_d_reg (Control_Unit)             0.00       6.22 f
  U_IF_ID_Reg/flush (IF_ID_register)                      0.00       6.22 f
  U_IF_ID_Reg/U4/Y (NOR2X2M)                              0.48       6.70 r
  U_IF_ID_Reg/U3/Y (NOR2X2M)                              0.30       7.00 f
  U_IF_ID_Reg/U10/Y (AO22X1M)                             0.39       7.39 f
  U_IF_ID_Reg/current_pc_out_reg[5]/D (DFFRQX2M)          0.00       7.39 f
  data arrival time                                                  7.39

  clock clk (rise edge)                                  20.00      20.00
  clock network delay (ideal)                             0.00      20.00
  clock uncertainty                                      -0.25      19.75
  U_IF_ID_Reg/current_pc_out_reg[5]/CK (DFFRQX2M)         0.00      19.75 r
  library setup time                                     -0.14      19.61
  data required time                                                19.61
  --------------------------------------------------------------------------
  data required time                                                19.61
  data arrival time                                                 -7.39
  --------------------------------------------------------------------------
  slack (MET)                                                       12.22


  Startpoint: interrupt (input port clocked by clk)
  Endpoint: U_IF_ID_Reg/current_pc_out_reg[4]
            (rising edge-triggered flip-flop clocked by clk)
  Path Group: INREG
  Path Type: max

  Point                                                   Incr       Path
  --------------------------------------------------------------------------
  clock clk (rise edge)                                   0.00       0.00
  clock network delay (ideal)                             0.00       0.00
  input external delay                                    6.00       6.00 f
  interrupt (in)                                          0.01       6.01 f
  U103/Y (BUFX2M)                                         0.21       6.22 f
  u_Control_Unit/interrupt_sig (Control_Unit)             0.00       6.22 f
  u_Control_Unit/flush_f_d_reg (Control_Unit)             0.00       6.22 f
  U_IF_ID_Reg/flush (IF_ID_register)                      0.00       6.22 f
  U_IF_ID_Reg/U4/Y (NOR2X2M)                              0.48       6.70 r
  U_IF_ID_Reg/U3/Y (NOR2X2M)                              0.30       7.00 f
  U_IF_ID_Reg/U9/Y (AO22X1M)                              0.39       7.39 f
  U_IF_ID_Reg/current_pc_out_reg[4]/D (DFFRQX2M)          0.00       7.39 f
  data arrival time                                                  7.39

  clock clk (rise edge)                                  20.00      20.00
  clock network delay (ideal)                             0.00      20.00
  clock uncertainty                                      -0.25      19.75
  U_IF_ID_Reg/current_pc_out_reg[4]/CK (DFFRQX2M)         0.00      19.75 r
  library setup time                                     -0.14      19.61
  data required time                                                19.61
  --------------------------------------------------------------------------
  data required time                                                19.61
  data arrival time                                                 -7.39
  --------------------------------------------------------------------------
  slack (MET)                                                       12.22


  Startpoint: interrupt (input port clocked by clk)
  Endpoint: U_IF_ID_Reg/current_pc_out_reg[3]
            (rising edge-triggered flip-flop clocked by clk)
  Path Group: INREG
  Path Type: max

  Point                                                   Incr       Path
  --------------------------------------------------------------------------
  clock clk (rise edge)                                   0.00       0.00
  clock network delay (ideal)                             0.00       0.00
  input external delay                                    6.00       6.00 f
  interrupt (in)                                          0.01       6.01 f
  U103/Y (BUFX2M)                                         0.21       6.22 f
  u_Control_Unit/interrupt_sig (Control_Unit)             0.00       6.22 f
  u_Control_Unit/flush_f_d_reg (Control_Unit)             0.00       6.22 f
  U_IF_ID_Reg/flush (IF_ID_register)                      0.00       6.22 f
  U_IF_ID_Reg/U4/Y (NOR2X2M)                              0.48       6.70 r
  U_IF_ID_Reg/U3/Y (NOR2X2M)                              0.30       7.00 f
  U_IF_ID_Reg/U8/Y (AO22X1M)                              0.39       7.39 f
  U_IF_ID_Reg/current_pc_out_reg[3]/D (DFFRQX2M)          0.00       7.39 f
  data arrival time                                                  7.39

  clock clk (rise edge)                                  20.00      20.00
  clock network delay (ideal)                             0.00      20.00
  clock uncertainty                                      -0.25      19.75
  U_IF_ID_Reg/current_pc_out_reg[3]/CK (DFFRQX2M)         0.00      19.75 r
  library setup time                                     -0.14      19.61
  data required time                                                19.61
  --------------------------------------------------------------------------
  data required time                                                19.61
  data arrival time                                                 -7.39
  --------------------------------------------------------------------------
  slack (MET)                                                       12.22


  Startpoint: interrupt (input port clocked by clk)
  Endpoint: U_IF_ID_Reg/current_pc_out_reg[2]
            (rising edge-triggered flip-flop clocked by clk)
  Path Group: INREG
  Path Type: max

  Point                                                   Incr       Path
  --------------------------------------------------------------------------
  clock clk (rise edge)                                   0.00       0.00
  clock network delay (ideal)                             0.00       0.00
  input external delay                                    6.00       6.00 f
  interrupt (in)                                          0.01       6.01 f
  U103/Y (BUFX2M)                                         0.21       6.22 f
  u_Control_Unit/interrupt_sig (Control_Unit)             0.00       6.22 f
  u_Control_Unit/flush_f_d_reg (Control_Unit)             0.00       6.22 f
  U_IF_ID_Reg/flush (IF_ID_register)                      0.00       6.22 f
  U_IF_ID_Reg/U4/Y (NOR2X2M)                              0.48       6.70 r
  U_IF_ID_Reg/U3/Y (NOR2X2M)                              0.30       7.00 f
  U_IF_ID_Reg/U7/Y (AO22X1M)                              0.39       7.39 f
  U_IF_ID_Reg/current_pc_out_reg[2]/D (DFFRQX2M)          0.00       7.39 f
  data arrival time                                                  7.39

  clock clk (rise edge)                                  20.00      20.00
  clock network delay (ideal)                             0.00      20.00
  clock uncertainty                                      -0.25      19.75
  U_IF_ID_Reg/current_pc_out_reg[2]/CK (DFFRQX2M)         0.00      19.75 r
  library setup time                                     -0.14      19.61
  data required time                                                19.61
  --------------------------------------------------------------------------
  data required time                                                19.61
  data arrival time                                                 -7.39
  --------------------------------------------------------------------------
  slack (MET)                                                       12.22


  Startpoint: interrupt (input port clocked by clk)
  Endpoint: U_IF_ID_Reg/current_pc_out_reg[1]
            (rising edge-triggered flip-flop clocked by clk)
  Path Group: INREG
  Path Type: max

  Point                                                   Incr       Path
  --------------------------------------------------------------------------
  clock clk (rise edge)                                   0.00       0.00
  clock network delay (ideal)                             0.00       0.00
  input external delay                                    6.00       6.00 f
  interrupt (in)                                          0.01       6.01 f
  U103/Y (BUFX2M)                                         0.21       6.22 f
  u_Control_Unit/interrupt_sig (Control_Unit)             0.00       6.22 f
  u_Control_Unit/flush_f_d_reg (Control_Unit)             0.00       6.22 f
  U_IF_ID_Reg/flush (IF_ID_register)                      0.00       6.22 f
  U_IF_ID_Reg/U4/Y (NOR2X2M)                              0.48       6.70 r
  U_IF_ID_Reg/U3/Y (NOR2X2M)                              0.30       7.00 f
  U_IF_ID_Reg/U6/Y (AO22X1M)                              0.39       7.39 f
  U_IF_ID_Reg/current_pc_out_reg[1]/D (DFFRQX2M)          0.00       7.39 f
  data arrival time                                                  7.39

  clock clk (rise edge)                                  20.00      20.00
  clock network delay (ideal)                             0.00      20.00
  clock uncertainty                                      -0.25      19.75
  U_IF_ID_Reg/current_pc_out_reg[1]/CK (DFFRQX2M)         0.00      19.75 r
  library setup time                                     -0.14      19.61
  data required time                                                19.61
  --------------------------------------------------------------------------
  data required time                                                19.61
  data arrival time                                                 -7.39
  --------------------------------------------------------------------------
  slack (MET)                                                       12.22


  Startpoint: interrupt (input port clocked by clk)
  Endpoint: U_IF_ID_Reg/current_pc_out_reg[0]
            (rising edge-triggered flip-flop clocked by clk)
  Path Group: INREG
  Path Type: max

  Point                                                   Incr       Path
  --------------------------------------------------------------------------
  clock clk (rise edge)                                   0.00       0.00
  clock network delay (ideal)                             0.00       0.00
  input external delay                                    6.00       6.00 f
  interrupt (in)                                          0.01       6.01 f
  U103/Y (BUFX2M)                                         0.21       6.22 f
  u_Control_Unit/interrupt_sig (Control_Unit)             0.00       6.22 f
  u_Control_Unit/flush_f_d_reg (Control_Unit)             0.00       6.22 f
  U_IF_ID_Reg/flush (IF_ID_register)                      0.00       6.22 f
  U_IF_ID_Reg/U4/Y (NOR2X2M)                              0.48       6.70 r
  U_IF_ID_Reg/U3/Y (NOR2X2M)                              0.30       7.00 f
  U_IF_ID_Reg/U5/Y (AO22X1M)                              0.39       7.39 f
  U_IF_ID_Reg/current_pc_out_reg[0]/D (DFFRQX2M)          0.00       7.39 f
  data arrival time                                                  7.39

  clock clk (rise edge)                                  20.00      20.00
  clock network delay (ideal)                             0.00      20.00
  clock uncertainty                                      -0.25      19.75
  U_IF_ID_Reg/current_pc_out_reg[0]/CK (DFFRQX2M)         0.00      19.75 r
  library setup time                                     -0.14      19.61
  data required time                                                19.61
  --------------------------------------------------------------------------
  data required time                                                19.61
  data arrival time                                                 -7.39
  --------------------------------------------------------------------------
  slack (MET)                                                       12.22


  Startpoint: interrupt (input port clocked by clk)
  Endpoint: U_IF_ID_Reg/instruction_out_reg[1]
            (rising edge-triggered flip-flop clocked by clk)
  Path Group: INREG
  Path Type: max

  Point                                                   Incr       Path
  --------------------------------------------------------------------------
  clock clk (rise edge)                                   0.00       0.00
  clock network delay (ideal)                             0.00       0.00
  input external delay                                    6.00       6.00 f
  interrupt (in)                                          0.01       6.01 f
  U103/Y (BUFX2M)                                         0.21       6.22 f
  u_Control_Unit/interrupt_sig (Control_Unit)             0.00       6.22 f
  u_Control_Unit/flush_f_d_reg (Control_Unit)             0.00       6.22 f
  U_IF_ID_Reg/flush (IF_ID_register)                      0.00       6.22 f
  U_IF_ID_Reg/U4/Y (NOR2X2M)                              0.48       6.70 r
  U_IF_ID_Reg/U3/Y (NOR2X2M)                              0.30       7.00 f
  U_IF_ID_Reg/U22/Y (AO22X1M)                             0.36       7.36 f
  U_IF_ID_Reg/instruction_out_reg[1]/D (DFFRQX2M)         0.00       7.36 f
  data arrival time                                                  7.36

  clock clk (rise edge)                                  20.00      20.00
  clock network delay (ideal)                             0.00      20.00
  clock uncertainty                                      -0.25      19.75
  U_IF_ID_Reg/instruction_out_reg[1]/CK (DFFRQX2M)        0.00      19.75 r
  library setup time                                     -0.14      19.61
  data required time                                                19.61
  --------------------------------------------------------------------------
  data required time                                                19.61
  data arrival time                                                 -7.36
  --------------------------------------------------------------------------
  slack (MET)                                                       12.25


  Startpoint: interrupt (input port clocked by clk)
  Endpoint: U_IF_ID_Reg/instruction_out_reg[0]
            (rising edge-triggered flip-flop clocked by clk)
  Path Group: INREG
  Path Type: max

  Point                                                   Incr       Path
  --------------------------------------------------------------------------
  clock clk (rise edge)                                   0.00       0.00
  clock network delay (ideal)                             0.00       0.00
  input external delay                                    6.00       6.00 f
  interrupt (in)                                          0.01       6.01 f
  U103/Y (BUFX2M)                                         0.21       6.22 f
  u_Control_Unit/interrupt_sig (Control_Unit)             0.00       6.22 f
  u_Control_Unit/flush_f_d_reg (Control_Unit)             0.00       6.22 f
  U_IF_ID_Reg/flush (IF_ID_register)                      0.00       6.22 f
  U_IF_ID_Reg/U4/Y (NOR2X2M)                              0.48       6.70 r
  U_IF_ID_Reg/U3/Y (NOR2X2M)                              0.30       7.00 f
  U_IF_ID_Reg/U21/Y (AO22X1M)                             0.36       7.36 f
  U_IF_ID_Reg/instruction_out_reg[0]/D (DFFRQX2M)         0.00       7.36 f
  data arrival time                                                  7.36

  clock clk (rise edge)                                  20.00      20.00
  clock network delay (ideal)                             0.00      20.00
  clock uncertainty                                      -0.25      19.75
  U_IF_ID_Reg/instruction_out_reg[0]/CK (DFFRQX2M)        0.00      19.75 r
  library setup time                                     -0.14      19.61
  data required time                                                19.61
  --------------------------------------------------------------------------
  data required time                                                19.61
  data arrival time                                                 -7.36
  --------------------------------------------------------------------------
  slack (MET)                                                       12.25


  Startpoint: interrupt (input port clocked by clk)
  Endpoint: U_IF_ID_Reg/instruction_out_reg[4]
            (rising edge-triggered flip-flop clocked by clk)
  Path Group: INREG
  Path Type: max

  Point                                                   Incr       Path
  --------------------------------------------------------------------------
  clock clk (rise edge)                                   0.00       0.00
  clock network delay (ideal)                             0.00       0.00
  input external delay                                    6.00       6.00 f
  interrupt (in)                                          0.01       6.01 f
  U103/Y (BUFX2M)                                         0.21       6.22 f
  u_Control_Unit/interrupt_sig (Control_Unit)             0.00       6.22 f
  u_Control_Unit/flush_f_d_reg (Control_Unit)             0.00       6.22 f
  U_IF_ID_Reg/flush (IF_ID_register)                      0.00       6.22 f
  U_IF_ID_Reg/U4/Y (NOR2X2M)                              0.48       6.70 r
  U_IF_ID_Reg/U3/Y (NOR2X2M)                              0.30       7.00 f
  U_IF_ID_Reg/U25/Y (AO22X1M)                             0.36       7.36 f
  U_IF_ID_Reg/instruction_out_reg[4]/D (DFFRQX2M)         0.00       7.36 f
  data arrival time                                                  7.36

  clock clk (rise edge)                                  20.00      20.00
  clock network delay (ideal)                             0.00      20.00
  clock uncertainty                                      -0.25      19.75
  U_IF_ID_Reg/instruction_out_reg[4]/CK (DFFRQX2M)        0.00      19.75 r
  library setup time                                     -0.14      19.61
  data required time                                                19.61
  --------------------------------------------------------------------------
  data required time                                                19.61
  data arrival time                                                 -7.36
  --------------------------------------------------------------------------
  slack (MET)                                                       12.25


  Startpoint: interrupt (input port clocked by clk)
  Endpoint: U_IF_ID_Reg/instruction_out_reg[7]
            (rising edge-triggered flip-flop clocked by clk)
  Path Group: INREG
  Path Type: max

  Point                                                   Incr       Path
  --------------------------------------------------------------------------
  clock clk (rise edge)                                   0.00       0.00
  clock network delay (ideal)                             0.00       0.00
  input external delay                                    6.00       6.00 f
  interrupt (in)                                          0.01       6.01 f
  U103/Y (BUFX2M)                                         0.21       6.22 f
  u_Control_Unit/interrupt_sig (Control_Unit)             0.00       6.22 f
  u_Control_Unit/flush_f_d_reg (Control_Unit)             0.00       6.22 f
  U_IF_ID_Reg/flush (IF_ID_register)                      0.00       6.22 f
  U_IF_ID_Reg/U4/Y (NOR2X2M)                              0.48       6.70 r
  U_IF_ID_Reg/U3/Y (NOR2X2M)                              0.30       7.00 f
  U_IF_ID_Reg/U28/Y (AO22X1M)                             0.36       7.36 f
  U_IF_ID_Reg/instruction_out_reg[7]/D (DFFRQX2M)         0.00       7.36 f
  data arrival time                                                  7.36

  clock clk (rise edge)                                  20.00      20.00
  clock network delay (ideal)                             0.00      20.00
  clock uncertainty                                      -0.25      19.75
  U_IF_ID_Reg/instruction_out_reg[7]/CK (DFFRQX2M)        0.00      19.75 r
  library setup time                                     -0.14      19.61
  data required time                                                19.61
  --------------------------------------------------------------------------
  data required time                                                19.61
  data arrival time                                                 -7.36
  --------------------------------------------------------------------------
  slack (MET)                                                       12.25


  Startpoint: interrupt (input port clocked by clk)
  Endpoint: U_IF_ID_Reg/instruction_out_reg[3]
            (rising edge-triggered flip-flop clocked by clk)
  Path Group: INREG
  Path Type: max

  Point                                                   Incr       Path
  --------------------------------------------------------------------------
  clock clk (rise edge)                                   0.00       0.00
  clock network delay (ideal)                             0.00       0.00
  input external delay                                    6.00       6.00 f
  interrupt (in)                                          0.01       6.01 f
  U103/Y (BUFX2M)                                         0.21       6.22 f
  u_Control_Unit/interrupt_sig (Control_Unit)             0.00       6.22 f
  u_Control_Unit/flush_f_d_reg (Control_Unit)             0.00       6.22 f
  U_IF_ID_Reg/flush (IF_ID_register)                      0.00       6.22 f
  U_IF_ID_Reg/U4/Y (NOR2X2M)                              0.48       6.70 r
  U_IF_ID_Reg/U3/Y (NOR2X2M)                              0.30       7.00 f
  U_IF_ID_Reg/U24/Y (AO22X1M)                             0.36       7.36 f
  U_IF_ID_Reg/instruction_out_reg[3]/D (DFFRQX2M)         0.00       7.36 f
  data arrival time                                                  7.36

  clock clk (rise edge)                                  20.00      20.00
  clock network delay (ideal)                             0.00      20.00
  clock uncertainty                                      -0.25      19.75
  U_IF_ID_Reg/instruction_out_reg[3]/CK (DFFRQX2M)        0.00      19.75 r
  library setup time                                     -0.14      19.61
  data required time                                                19.61
  --------------------------------------------------------------------------
  data required time                                                19.61
  data arrival time                                                 -7.36
  --------------------------------------------------------------------------
  slack (MET)                                                       12.25


  Startpoint: interrupt (input port clocked by clk)
  Endpoint: U_IF_ID_Reg/instruction_out_reg[6]
            (rising edge-triggered flip-flop clocked by clk)
  Path Group: INREG
  Path Type: max

  Point                                                   Incr       Path
  --------------------------------------------------------------------------
  clock clk (rise edge)                                   0.00       0.00
  clock network delay (ideal)                             0.00       0.00
  input external delay                                    6.00       6.00 f
  interrupt (in)                                          0.01       6.01 f
  U103/Y (BUFX2M)                                         0.21       6.22 f
  u_Control_Unit/interrupt_sig (Control_Unit)             0.00       6.22 f
  u_Control_Unit/flush_f_d_reg (Control_Unit)             0.00       6.22 f
  U_IF_ID_Reg/flush (IF_ID_register)                      0.00       6.22 f
  U_IF_ID_Reg/U4/Y (NOR2X2M)                              0.48       6.70 r
  U_IF_ID_Reg/U3/Y (NOR2X2M)                              0.30       7.00 f
  U_IF_ID_Reg/U27/Y (AO22X1M)                             0.36       7.36 f
  U_IF_ID_Reg/instruction_out_reg[6]/D (DFFRQX2M)         0.00       7.36 f
  data arrival time                                                  7.36

  clock clk (rise edge)                                  20.00      20.00
  clock network delay (ideal)                             0.00      20.00
  clock uncertainty                                      -0.25      19.75
  U_IF_ID_Reg/instruction_out_reg[6]/CK (DFFRQX2M)        0.00      19.75 r
  library setup time                                     -0.14      19.61
  data required time                                                19.61
  --------------------------------------------------------------------------
  data required time                                                19.61
  data arrival time                                                 -7.36
  --------------------------------------------------------------------------
  slack (MET)                                                       12.25


  Startpoint: interrupt (input port clocked by clk)
  Endpoint: U_IF_ID_Reg/instruction_out_reg[5]
            (rising edge-triggered flip-flop clocked by clk)
  Path Group: INREG
  Path Type: max

  Point                                                   Incr       Path
  --------------------------------------------------------------------------
  clock clk (rise edge)                                   0.00       0.00
  clock network delay (ideal)                             0.00       0.00
  input external delay                                    6.00       6.00 f
  interrupt (in)                                          0.01       6.01 f
  U103/Y (BUFX2M)                                         0.21       6.22 f
  u_Control_Unit/interrupt_sig (Control_Unit)             0.00       6.22 f
  u_Control_Unit/flush_f_d_reg (Control_Unit)             0.00       6.22 f
  U_IF_ID_Reg/flush (IF_ID_register)                      0.00       6.22 f
  U_IF_ID_Reg/U4/Y (NOR2X2M)                              0.48       6.70 r
  U_IF_ID_Reg/U3/Y (NOR2X2M)                              0.30       7.00 f
  U_IF_ID_Reg/U26/Y (AO22X1M)                             0.36       7.36 f
  U_IF_ID_Reg/instruction_out_reg[5]/D (DFFRQX2M)         0.00       7.36 f
  data arrival time                                                  7.36

  clock clk (rise edge)                                  20.00      20.00
  clock network delay (ideal)                             0.00      20.00
  clock uncertainty                                      -0.25      19.75
  U_IF_ID_Reg/instruction_out_reg[5]/CK (DFFRQX2M)        0.00      19.75 r
  library setup time                                     -0.14      19.61
  data required time                                                19.61
  --------------------------------------------------------------------------
  data required time                                                19.61
  data arrival time                                                 -7.36
  --------------------------------------------------------------------------
  slack (MET)                                                       12.25


  Startpoint: interrupt (input port clocked by clk)
  Endpoint: U_IF_ID_Reg/instruction_out_reg[2]
            (rising edge-triggered flip-flop clocked by clk)
  Path Group: INREG
  Path Type: max

  Point                                                   Incr       Path
  --------------------------------------------------------------------------
  clock clk (rise edge)                                   0.00       0.00
  clock network delay (ideal)                             0.00       0.00
  input external delay                                    6.00       6.00 f
  interrupt (in)                                          0.01       6.01 f
  U103/Y (BUFX2M)                                         0.21       6.22 f
  u_Control_Unit/interrupt_sig (Control_Unit)             0.00       6.22 f
  u_Control_Unit/flush_f_d_reg (Control_Unit)             0.00       6.22 f
  U_IF_ID_Reg/flush (IF_ID_register)                      0.00       6.22 f
  U_IF_ID_Reg/U4/Y (NOR2X2M)                              0.48       6.70 r
  U_IF_ID_Reg/U3/Y (NOR2X2M)                              0.30       7.00 f
  U_IF_ID_Reg/U23/Y (AO22X1M)                             0.36       7.36 f
  U_IF_ID_Reg/instruction_out_reg[2]/D (DFFRQX2M)         0.00       7.36 f
  data arrival time                                                  7.36

  clock clk (rise edge)                                  20.00      20.00
  clock network delay (ideal)                             0.00      20.00
  clock uncertainty                                      -0.25      19.75
  U_IF_ID_Reg/instruction_out_reg[2]/CK (DFFRQX2M)        0.00      19.75 r
  library setup time                                     -0.14      19.61
  data required time                                                19.61
  --------------------------------------------------------------------------
  data required time                                                19.61
  data arrival time                                                 -7.36
  --------------------------------------------------------------------------
  slack (MET)                                                       12.25


  Startpoint: interrupt (input port clocked by clk)
  Endpoint: U_ID_EX_Reg/interrupt_restore_flags_out_reg
            (rising edge-triggered flip-flop clocked by clk)
  Path Group: INREG
  Path Type: max

  Point                                                   Incr       Path
  --------------------------------------------------------------------------
  clock clk (rise edge)                                   0.00       0.00
  clock network delay (ideal)                             0.00       0.00
  input external delay                                    6.00       6.00 f
  interrupt (in)                                          0.01       6.01 f
  U103/Y (BUFX2M)                                         0.21       6.22 f
  u_Control_Unit/interrupt_sig (Control_Unit)             0.00       6.22 f
  u_Control_Unit/U3/Y (NOR2X2M)                           0.27       6.49 r
  u_Control_Unit/U16/Y (INVX2M)                           0.21       6.70 f
  u_Control_Unit/U15/Y (NOR3X2M)                          0.25       6.95 r
  u_Control_Unit/interrupt_restore_flags (Control_Unit)
                                                          0.00       6.95 r
  U_ID_EX_Reg/interrupt_restore_flags_in (ID_EX_register)
                                                          0.00       6.95 r
  U_ID_EX_Reg/U48/Y (AO22X1M)                             0.21       7.16 r
  U_ID_EX_Reg/interrupt_restore_flags_out_reg/D (DFFRQX2M)
                                                          0.00       7.16 r
  data arrival time                                                  7.16

  clock clk (rise edge)                                  20.00      20.00
  clock network delay (ideal)                             0.00      20.00
  clock uncertainty                                      -0.25      19.75
  U_ID_EX_Reg/interrupt_restore_flags_out_reg/CK (DFFRQX2M)
                                                          0.00      19.75 r
  library setup time                                     -0.29      19.46
  data required time                                                19.46
  --------------------------------------------------------------------------
  data required time                                                19.46
  data arrival time                                                 -7.16
  --------------------------------------------------------------------------
  slack (MET)                                                       12.30


  Startpoint: interrupt (input port clocked by clk)
  Endpoint: U_ID_EX_Reg/Sel_WriteData_out_reg[1]
            (rising edge-triggered flip-flop clocked by clk)
  Path Group: INREG
  Path Type: max

  Point                                                   Incr       Path
  --------------------------------------------------------------------------
  clock clk (rise edge)                                   0.00       0.00
  clock network delay (ideal)                             0.00       0.00
  input external delay                                    6.00       6.00 f
  interrupt (in)                                          0.01       6.01 f
  U103/Y (BUFX2M)                                         0.21       6.22 f
  u_Control_Unit/interrupt_sig (Control_Unit)             0.00       6.22 f
  u_Control_Unit/U3/Y (NOR2X2M)                           0.27       6.49 r
  u_Control_Unit/U17/Y (NAND2X2M)                         0.17       6.66 f
  u_Control_Unit/U47/Y (OAI22X1M)                         0.25       6.91 r
  u_Control_Unit/Sel_WriteData[1] (Control_Unit)          0.00       6.91 r
  U_ID_EX_Reg/Sel_WriteData_in[1] (ID_EX_register)        0.00       6.91 r
  U_ID_EX_Reg/U42/Y (AO22X1M)                             0.21       7.12 r
  U_ID_EX_Reg/Sel_WriteData_out_reg[1]/D (DFFRQX2M)       0.00       7.12 r
  data arrival time                                                  7.12

  clock clk (rise edge)                                  20.00      20.00
  clock network delay (ideal)                             0.00      20.00
  clock uncertainty                                      -0.25      19.75
  U_ID_EX_Reg/Sel_WriteData_out_reg[1]/CK (DFFRQX2M)      0.00      19.75 r
  library setup time                                     -0.29      19.46
  data required time                                                19.46
  --------------------------------------------------------------------------
  data required time                                                19.46
  data arrival time                                                 -7.12
  --------------------------------------------------------------------------
  slack (MET)                                                       12.34


  Startpoint: interrupt (input port clocked by clk)
  Endpoint: U_ID_EX_Reg/ClrC_out_reg
            (rising edge-triggered flip-flop clocked by clk)
  Path Group: INREG
  Path Type: max

  Point                                                   Incr       Path
  --------------------------------------------------------------------------
  clock clk (rise edge)                                   0.00       0.00
  clock network delay (ideal)                             0.00       0.00
  input external delay                                    6.00       6.00 f
  interrupt (in)                                          0.01       6.01 f
  U103/Y (BUFX2M)                                         0.21       6.22 f
  u_Control_Unit/interrupt_sig (Control_Unit)             0.00       6.22 f
  u_Control_Unit/U3/Y (NOR2X2M)                           0.27       6.49 r
  u_Control_Unit/U16/Y (INVX2M)                           0.21       6.70 f
  u_Control_Unit/U48/Y (NOR3X2M)                          0.20       6.91 r
  u_Control_Unit/ClrC (Control_Unit)                      0.00       6.91 r
  U_ID_EX_Reg/ClrC_in (ID_EX_register)                    0.00       6.91 r
  U_ID_EX_Reg/U31/Y (AO22X1M)                             0.19       7.10 r
  U_ID_EX_Reg/ClrC_out_reg/D (DFFRQX2M)                   0.00       7.10 r
  data arrival time                                                  7.10

  clock clk (rise edge)                                  20.00      20.00
  clock network delay (ideal)                             0.00      20.00
  clock uncertainty                                      -0.25      19.75
  U_ID_EX_Reg/ClrC_out_reg/CK (DFFRQX2M)                  0.00      19.75 r
  library setup time                                     -0.29      19.46
  data required time                                                19.46
  --------------------------------------------------------------------------
  data required time                                                19.46
  data arrival time                                                 -7.10
  --------------------------------------------------------------------------
  slack (MET)                                                       12.37


  Startpoint: interrupt (input port clocked by clk)
  Endpoint: U_ID_EX_Reg/SetC_out_reg
            (rising edge-triggered flip-flop clocked by clk)
  Path Group: INREG
  Path Type: max

  Point                                                   Incr       Path
  --------------------------------------------------------------------------
  clock clk (rise edge)                                   0.00       0.00
  clock network delay (ideal)                             0.00       0.00
  input external delay                                    6.00       6.00 f
  interrupt (in)                                          0.01       6.01 f
  U103/Y (BUFX2M)                                         0.21       6.22 f
  u_Control_Unit/interrupt_sig (Control_Unit)             0.00       6.22 f
  u_Control_Unit/U3/Y (NOR2X2M)                           0.27       6.49 r
  u_Control_Unit/U16/Y (INVX2M)                           0.21       6.70 f
  u_Control_Unit/U49/Y (NOR3X2M)                          0.20       6.91 r
  u_Control_Unit/SetC (Control_Unit)                      0.00       6.91 r
  U_ID_EX_Reg/SetC_in (ID_EX_register)                    0.00       6.91 r
  U_ID_EX_Reg/U32/Y (AO22X1M)                             0.19       7.10 r
  U_ID_EX_Reg/SetC_out_reg/D (DFFRQX2M)                   0.00       7.10 r
  data arrival time                                                  7.10

  clock clk (rise edge)                                  20.00      20.00
  clock network delay (ideal)                             0.00      20.00
  clock uncertainty                                      -0.25      19.75
  U_ID_EX_Reg/SetC_out_reg/CK (DFFRQX2M)                  0.00      19.75 r
  library setup time                                     -0.29      19.46
  data required time                                                19.46
  --------------------------------------------------------------------------
  data required time                                                19.46
  data arrival time                                                 -7.10
  --------------------------------------------------------------------------
  slack (MET)                                                       12.37


  Startpoint: interrupt (input port clocked by clk)
  Endpoint: U_ID_EX_Reg/wr_en_out_reg
            (rising edge-triggered flip-flop clocked by clk)
  Path Group: INREG
  Path Type: max

  Point                                                   Incr       Path
  --------------------------------------------------------------------------
  clock clk (rise edge)                                   0.00       0.00
  clock network delay (ideal)                             0.00       0.00
  input external delay                                    6.00       6.00 f
  interrupt (in)                                          0.01       6.01 f
  U103/Y (BUFX2M)                                         0.21       6.22 f
  u_Control_Unit/interrupt_sig (Control_Unit)             0.00       6.22 f
  u_Control_Unit/U3/Y (NOR2X2M)                           0.27       6.49 r
  u_Control_Unit/U16/Y (INVX2M)                           0.21       6.70 f
  u_Control_Unit/U50/Y (OAI21X2M)                         0.18       6.89 r
  u_Control_Unit/wr_en (Control_Unit)                     0.00       6.89 r
  U_ID_EX_Reg/wr_en_in (ID_EX_register)                   0.00       6.89 r
  U_ID_EX_Reg/U39/Y (AO22X1M)                             0.18       7.07 r
  U_ID_EX_Reg/wr_en_out_reg/D (DFFRQX2M)                  0.00       7.07 r
  data arrival time                                                  7.07

  clock clk (rise edge)                                  20.00      20.00
  clock network delay (ideal)                             0.00      20.00
  clock uncertainty                                      -0.25      19.75
  U_ID_EX_Reg/wr_en_out_reg/CK (DFFRQX2M)                 0.00      19.75 r
  library setup time                                     -0.29      19.46
  data required time                                                19.46
  --------------------------------------------------------------------------
  data required time                                                19.46
  data arrival time                                                 -7.07
  --------------------------------------------------------------------------
  slack (MET)                                                       12.39


  Startpoint: interrupt (input port clocked by clk)
  Endpoint: U_ID_EX_Reg/Sel_WriteAddr_out_reg[0]
            (rising edge-triggered flip-flop clocked by clk)
  Path Group: INREG
  Path Type: max

  Point                                                   Incr       Path
  --------------------------------------------------------------------------
  clock clk (rise edge)                                   0.00       0.00
  clock network delay (ideal)                             0.00       0.00
  input external delay                                    6.00       6.00 f
  interrupt (in)                                          0.01       6.01 f
  U103/Y (BUFX2M)                                         0.21       6.22 f
  u_Control_Unit/interrupt_sig (Control_Unit)             0.00       6.22 f
  u_Control_Unit/U3/Y (NOR2X2M)                           0.27       6.49 r
  u_Control_Unit/U16/Y (INVX2M)                           0.21       6.70 f
  u_Control_Unit/U64/Y (OAI21X2M)                         0.16       6.87 r
  u_Control_Unit/Sel_WriteAddr[0] (Control_Unit)          0.00       6.87 r
  U_ID_EX_Reg/Sel_WriteAddr_in[0] (ID_EX_register)        0.00       6.87 r
  U_ID_EX_Reg/U40/Y (AO22X1M)                             0.18       7.05 r
  U_ID_EX_Reg/Sel_WriteAddr_out_reg[0]/D (DFFRQX2M)       0.00       7.05 r
  data arrival time                                                  7.05

  clock clk (rise edge)                                  20.00      20.00
  clock network delay (ideal)                             0.00      20.00
  clock uncertainty                                      -0.25      19.75
  U_ID_EX_Reg/Sel_WriteAddr_out_reg[0]/CK (DFFRQX2M)      0.00      19.75 r
  library setup time                                     -0.29      19.46
  data required time                                                19.46
  --------------------------------------------------------------------------
  data required time                                                19.46
  data arrival time                                                 -7.05
  --------------------------------------------------------------------------
  slack (MET)                                                       12.42


  Startpoint: interrupt (input port clocked by clk)
  Endpoint: U_ID_EX_Reg/alu_control_out_reg[2]
            (rising edge-triggered flip-flop clocked by clk)
  Path Group: INREG
  Path Type: max

  Point                                                   Incr       Path
  --------------------------------------------------------------------------
  clock clk (rise edge)                                   0.00       0.00
  clock network delay (ideal)                             0.00       0.00
  input external delay                                    6.00       6.00 f
  interrupt (in)                                          0.01       6.01 f
  U103/Y (BUFX2M)                                         0.21       6.22 f
  u_Control_Unit/interrupt_sig (Control_Unit)             0.00       6.22 f
  u_Control_Unit/U3/Y (NOR2X2M)                           0.27       6.49 r
  u_Control_Unit/U16/Y (INVX2M)                           0.21       6.70 f
  u_Control_Unit/U76/Y (AOI31X2M)                         0.16       6.86 r
  u_Control_Unit/alu_control[2] (Control_Unit)            0.00       6.86 r
  U_ID_EX_Reg/alu_control_in[2] (ID_EX_register)          0.00       6.86 r
  U_ID_EX_Reg/U52/Y (AO22X1M)                             0.18       7.04 r
  U_ID_EX_Reg/alu_control_out_reg[2]/D (DFFRQX2M)         0.00       7.04 r
  data arrival time                                                  7.04

  clock clk (rise edge)                                  20.00      20.00
  clock network delay (ideal)                             0.00      20.00
  clock uncertainty                                      -0.25      19.75
  U_ID_EX_Reg/alu_control_out_reg[2]/CK (DFFRQX2M)        0.00      19.75 r
  library setup time                                     -0.29      19.46
  data required time                                                19.46
  --------------------------------------------------------------------------
  data required time                                                19.46
  data arrival time                                                 -7.04
  --------------------------------------------------------------------------
  slack (MET)                                                       12.43


  Startpoint: interrupt (input port clocked by clk)
  Endpoint: U_ID_EX_Reg/mem_W_data_sel_out_reg[1]
            (rising edge-triggered flip-flop clocked by clk)
  Path Group: INREG
  Path Type: max

  Point                                                   Incr       Path
  --------------------------------------------------------------------------
  clock clk (rise edge)                                   0.00       0.00
  clock network delay (ideal)                             0.00       0.00
  input external delay                                    6.00       6.00 f
  interrupt (in)                                          0.01       6.01 f
  U103/Y (BUFX2M)                                         0.21       6.22 f
  u_Control_Unit/interrupt_sig (Control_Unit)             0.00       6.22 f
  u_Control_Unit/U3/Y (NOR2X2M)                           0.27       6.49 r
  u_Control_Unit/U17/Y (NAND2X2M)                         0.17       6.66 f
  u_Control_Unit/U66/Y (OAI2B11X2M)                       0.18       6.83 r
  u_Control_Unit/mem_W_data_sel[1] (Control_Unit)         0.00       6.83 r
  U_ID_EX_Reg/mem_W_data_sel_in[1] (ID_EX_register)       0.00       6.83 r
  U_ID_EX_Reg/U43/Y (AO22X1M)                             0.19       7.02 r
  U_ID_EX_Reg/mem_W_data_sel_out_reg[1]/D (DFFRQX2M)      0.00       7.02 r
  data arrival time                                                  7.02

  clock clk (rise edge)                                  20.00      20.00
  clock network delay (ideal)                             0.00      20.00
  clock uncertainty                                      -0.25      19.75
  U_ID_EX_Reg/mem_W_data_sel_out_reg[1]/CK (DFFRQX2M)     0.00      19.75 r
  library setup time                                     -0.29      19.46
  data required time                                                19.46
  --------------------------------------------------------------------------
  data required time                                                19.46
  data arrival time                                                 -7.02
  --------------------------------------------------------------------------
  slack (MET)                                                       12.45


  Startpoint: interrupt (input port clocked by clk)
  Endpoint: U_ID_EX_Reg/alu_control_out_reg[3]
            (rising edge-triggered flip-flop clocked by clk)
  Path Group: INREG
  Path Type: max

  Point                                                   Incr       Path
  --------------------------------------------------------------------------
  clock clk (rise edge)                                   0.00       0.00
  clock network delay (ideal)                             0.00       0.00
  input external delay                                    6.00       6.00 f
  interrupt (in)                                          0.01       6.01 f
  U103/Y (BUFX2M)                                         0.21       6.22 f
  u_Control_Unit/interrupt_sig (Control_Unit)             0.00       6.22 f
  u_Control_Unit/U3/Y (NOR2X2M)                           0.27       6.49 r
  u_Control_Unit/U16/Y (INVX2M)                           0.21       6.70 f
  u_Control_Unit/U58/Y (AOI21X2M)                         0.14       6.84 r
  u_Control_Unit/alu_control[3] (Control_Unit)            0.00       6.84 r
  U_ID_EX_Reg/alu_control_in[3] (ID_EX_register)          0.00       6.84 r
  U_ID_EX_Reg/U33/Y (AO22X1M)                             0.17       7.01 r
  U_ID_EX_Reg/alu_control_out_reg[3]/D (DFFRQX2M)         0.00       7.01 r
  data arrival time                                                  7.01

  clock clk (rise edge)                                  20.00      20.00
  clock network delay (ideal)                             0.00      20.00
  clock uncertainty                                      -0.25      19.75
  U_ID_EX_Reg/alu_control_out_reg[3]/CK (DFFRQX2M)        0.00      19.75 r
  library setup time                                     -0.29      19.46
  data required time                                                19.46
  --------------------------------------------------------------------------
  data required time                                                19.46
  data arrival time                                                 -7.01
  --------------------------------------------------------------------------
  slack (MET)                                                       12.45


  Startpoint: interrupt (input port clocked by clk)
  Endpoint: U_ID_EX_Reg/FlagWriteEnable_out_reg
            (rising edge-triggered flip-flop clocked by clk)
  Path Group: INREG
  Path Type: max

  Point                                                   Incr       Path
  --------------------------------------------------------------------------
  clock clk (rise edge)                                   0.00       0.00
  clock network delay (ideal)                             0.00       0.00
  input external delay                                    6.00       6.00 f
  interrupt (in)                                          0.01       6.01 f
  U103/Y (BUFX2M)                                         0.21       6.22 f
  u_Control_Unit/interrupt_sig (Control_Unit)             0.00       6.22 f
  u_Control_Unit/U3/Y (NOR2X2M)                           0.27       6.49 r
  u_Control_Unit/U16/Y (INVX2M)                           0.21       6.70 f
  u_Control_Unit/U71/Y (NOR2X2M)                          0.12       6.82 r
  u_Control_Unit/FlagWriteEnable (Control_Unit)           0.00       6.82 r
  U_ID_EX_Reg/FlagWriteEnable_in (ID_EX_register)         0.00       6.82 r
  U_ID_EX_Reg/U49/Y (AO22X1M)                             0.17       6.99 r
  U_ID_EX_Reg/FlagWriteEnable_out_reg/D (DFFRQX2M)        0.00       6.99 r
  data arrival time                                                  6.99

  clock clk (rise edge)                                  20.00      20.00
  clock network delay (ideal)                             0.00      20.00
  clock uncertainty                                      -0.25      19.75
  U_ID_EX_Reg/FlagWriteEnable_out_reg/CK (DFFRQX2M)       0.00      19.75 r
  library setup time                                     -0.29      19.46
  data required time                                                19.46
  --------------------------------------------------------------------------
  data required time                                                19.46
  data arrival time                                                 -6.99
  --------------------------------------------------------------------------
  slack (MET)                                                       12.47


  Startpoint: interrupt (input port clocked by clk)
  Endpoint: U_ID_EX_Reg/alu_control_out_reg[1]
            (rising edge-triggered flip-flop clocked by clk)
  Path Group: INREG
  Path Type: max

  Point                                                   Incr       Path
  --------------------------------------------------------------------------
  clock clk (rise edge)                                   0.00       0.00
  clock network delay (ideal)                             0.00       0.00
  input external delay                                    6.00       6.00 f
  interrupt (in)                                          0.01       6.01 f
  U103/Y (BUFX2M)                                         0.21       6.22 f
  u_Control_Unit/interrupt_sig (Control_Unit)             0.00       6.22 f
  u_Control_Unit/U3/Y (NOR2X2M)                           0.27       6.49 r
  u_Control_Unit/U16/Y (INVX2M)                           0.21       6.70 f
  u_Control_Unit/U74/Y (NOR2X2M)                          0.12       6.82 r
  u_Control_Unit/alu_control[1] (Control_Unit)            0.00       6.82 r
  U_ID_EX_Reg/alu_control_in[1] (ID_EX_register)          0.00       6.82 r
  U_ID_EX_Reg/U51/Y (AO22X1M)                             0.17       6.99 r
  U_ID_EX_Reg/alu_control_out_reg[1]/D (DFFRQX2M)         0.00       6.99 r
  data arrival time                                                  6.99

  clock clk (rise edge)                                  20.00      20.00
  clock network delay (ideal)                             0.00      20.00
  clock uncertainty                                      -0.25      19.75
  U_ID_EX_Reg/alu_control_out_reg[1]/CK (DFFRQX2M)        0.00      19.75 r
  library setup time                                     -0.29      19.46
  data required time                                                19.46
  --------------------------------------------------------------------------
  data required time                                                19.46
  data arrival time                                                 -6.99
  --------------------------------------------------------------------------
  slack (MET)                                                       12.47


  Startpoint: interrupt (input port clocked by clk)
  Endpoint: U_ID_EX_Reg/alu_control_out_reg[0]
            (rising edge-triggered flip-flop clocked by clk)
  Path Group: INREG
  Path Type: max

  Point                                                   Incr       Path
  --------------------------------------------------------------------------
  clock clk (rise edge)                                   0.00       0.00
  clock network delay (ideal)                             0.00       0.00
  input external delay                                    6.00       6.00 f
  interrupt (in)                                          0.01       6.01 f
  U103/Y (BUFX2M)                                         0.21       6.22 f
  u_Control_Unit/interrupt_sig (Control_Unit)             0.00       6.22 f
  u_Control_Unit/U3/Y (NOR2X2M)                           0.27       6.49 r
  u_Control_Unit/U16/Y (INVX2M)                           0.21       6.70 f
  u_Control_Unit/U72/Y (NOR2X2M)                          0.12       6.82 r
  u_Control_Unit/alu_control[0] (Control_Unit)            0.00       6.82 r
  U_ID_EX_Reg/alu_control_in[0] (ID_EX_register)          0.00       6.82 r
  U_ID_EX_Reg/U50/Y (AO22X1M)                             0.17       6.99 r
  U_ID_EX_Reg/alu_control_out_reg[0]/D (DFFRQX2M)         0.00       6.99 r
  data arrival time                                                  6.99

  clock clk (rise edge)                                  20.00      20.00
  clock network delay (ideal)                             0.00      20.00
  clock uncertainty                                      -0.25      19.75
  U_ID_EX_Reg/alu_control_out_reg[0]/CK (DFFRQX2M)        0.00      19.75 r
  library setup time                                     -0.29      19.46
  data required time                                                19.46
  --------------------------------------------------------------------------
  data required time                                                19.46
  data arrival time                                                 -6.99
  --------------------------------------------------------------------------
  slack (MET)                                                       12.47


  Startpoint: interrupt (input port clocked by clk)
  Endpoint: U_ID_EX_Reg/mem_write_en_out_reg
            (rising edge-triggered flip-flop clocked by clk)
  Path Group: INREG
  Path Type: max

  Point                                                   Incr       Path
  --------------------------------------------------------------------------
  clock clk (rise edge)                                   0.00       0.00
  clock network delay (ideal)                             0.00       0.00
  input external delay                                    6.00       6.00 f
  interrupt (in)                                          0.01       6.01 f
  U103/Y (BUFX2M)                                         0.21       6.22 f
  u_Control_Unit/interrupt_sig (Control_Unit)             0.00       6.22 f
  u_Control_Unit/U46/Y (INVX2M)                           0.07       6.29 r
  u_Control_Unit/U45/Y (OAI31X1M)                         0.11       6.40 f
  u_Control_Unit/U19/Y (AOI31X2M)                         0.20       6.60 r
  u_Control_Unit/U70/Y (OAI2B11X2M)                       0.12       6.72 f
  u_Control_Unit/mem_write_en (Control_Unit)              0.00       6.72 f
  U_ID_EX_Reg/mem_write_en_in (ID_EX_register)            0.00       6.72 f
  U_ID_EX_Reg/U47/Y (AO22X1M)                             0.38       7.10 f
  U_ID_EX_Reg/mem_write_en_out_reg/D (DFFRQX2M)           0.00       7.10 f
  data arrival time                                                  7.10

  clock clk (rise edge)                                  20.00      20.00
  clock network delay (ideal)                             0.00      20.00
  clock uncertainty                                      -0.25      19.75
  U_ID_EX_Reg/mem_write_en_out_reg/CK (DFFRQX2M)          0.00      19.75 r
  library setup time                                     -0.14      19.61
  data required time                                                19.61
  --------------------------------------------------------------------------
  data required time                                                19.61
  data arrival time                                                 -7.10
  --------------------------------------------------------------------------
  slack (MET)                                                       12.51


  Startpoint: interrupt (input port clocked by clk)
  Endpoint: U_ID_EX_Reg/out_port_en_out_reg
            (rising edge-triggered flip-flop clocked by clk)
  Path Group: INREG
  Path Type: max

  Point                                                   Incr       Path
  --------------------------------------------------------------------------
  clock clk (rise edge)                                   0.00       0.00
  clock network delay (ideal)                             0.00       0.00
  input external delay                                    6.00       6.00 f
  interrupt (in)                                          0.01       6.01 f
  U103/Y (BUFX2M)                                         0.21       6.22 f
  u_Control_Unit/interrupt_sig (Control_Unit)             0.00       6.22 f
  u_Control_Unit/U3/Y (NOR2X2M)                           0.27       6.49 r
  u_Control_Unit/U17/Y (NAND2X2M)                         0.17       6.66 f
  u_Control_Unit/U60/Y (NOR2X2M)                          0.12       6.77 r
  u_Control_Unit/out_port_en (Control_Unit)               0.00       6.77 r
  U_ID_EX_Reg/out_port_en_in (ID_EX_register)             0.00       6.77 r
  U_ID_EX_Reg/U34/Y (AO22X1M)                             0.17       6.94 r
  U_ID_EX_Reg/out_port_en_out_reg/D (DFFRQX2M)            0.00       6.94 r
  data arrival time                                                  6.94

  clock clk (rise edge)                                  20.00      20.00
  clock network delay (ideal)                             0.00      20.00
  clock uncertainty                                      -0.25      19.75
  U_ID_EX_Reg/out_port_en_out_reg/CK (DFFRQX2M)           0.00      19.75 r
  library setup time                                     -0.29      19.46
  data required time                                                19.46
  --------------------------------------------------------------------------
  data required time                                                19.46
  data arrival time                                                 -6.94
  --------------------------------------------------------------------------
  slack (MET)                                                       12.53


  Startpoint: interrupt (input port clocked by clk)
  Endpoint: U_ID_EX_Reg/Sel_WriteData_out_reg[0]
            (rising edge-triggered flip-flop clocked by clk)
  Path Group: INREG
  Path Type: max

  Point                                                   Incr       Path
  --------------------------------------------------------------------------
  clock clk (rise edge)                                   0.00       0.00
  clock network delay (ideal)                             0.00       0.00
  input external delay                                    6.00       6.00 f
  interrupt (in)                                          0.01       6.01 f
  U103/Y (BUFX2M)                                         0.21       6.22 f
  u_Control_Unit/interrupt_sig (Control_Unit)             0.00       6.22 f
  u_Control_Unit/U43/Y (OAI32X1M)                         0.43       6.64 r
  u_Control_Unit/Sel_WriteData[0] (Control_Unit)          0.00       6.64 r
  U_ID_EX_Reg/Sel_WriteData_in[0] (ID_EX_register)        0.00       6.64 r
  U_ID_EX_Reg/U38/Y (AO22X1M)                             0.26       6.90 r
  U_ID_EX_Reg/Sel_WriteData_out_reg[0]/D (DFFRQX2M)       0.00       6.90 r
  data arrival time                                                  6.90

  clock clk (rise edge)                                  20.00      20.00
  clock network delay (ideal)                             0.00      20.00
  clock uncertainty                                      -0.25      19.75
  U_ID_EX_Reg/Sel_WriteData_out_reg[0]/CK (DFFRQX2M)      0.00      19.75 r
  library setup time                                     -0.29      19.46
  data required time                                                19.46
  --------------------------------------------------------------------------
  data required time                                                19.46
  data arrival time                                                 -6.90
  --------------------------------------------------------------------------
  slack (MET)                                                       12.57


  Startpoint: interrupt (input port clocked by clk)
  Endpoint: U_ID_EX_Reg/hazard_detection_unit_out_reg
            (rising edge-triggered flip-flop clocked by clk)
  Path Group: INREG
  Path Type: max

  Point                                                   Incr       Path
  --------------------------------------------------------------------------
  clock clk (rise edge)                                   0.00       0.00
  clock network delay (ideal)                             0.00       0.00
  input external delay                                    6.00       6.00 f
  interrupt (in)                                          0.01       6.01 f
  U103/Y (BUFX2M)                                         0.21       6.22 f
  u_Control_Unit/interrupt_sig (Control_Unit)             0.00       6.22 f
  u_Control_Unit/U43/Y (OAI32X1M)                         0.43       6.64 r
  u_Control_Unit/ID_EX_memRead (Control_Unit)             0.00       6.64 r
  U_ID_EX_Reg/hazard_detection_unit_in (ID_EX_register)
                                                          0.00       6.64 r
  U_ID_EX_Reg/U37/Y (AO22X1M)                             0.26       6.90 r
  U_ID_EX_Reg/hazard_detection_unit_out_reg/D (DFFRQX2M)
                                                          0.00       6.90 r
  data arrival time                                                  6.90

  clock clk (rise edge)                                  20.00      20.00
  clock network delay (ideal)                             0.00      20.00
  clock uncertainty                                      -0.25      19.75
  U_ID_EX_Reg/hazard_detection_unit_out_reg/CK (DFFRQX2M)
                                                          0.00      19.75 r
  library setup time                                     -0.29      19.46
  data required time                                                19.46
  --------------------------------------------------------------------------
  data required time                                                19.46
  data arrival time                                                 -6.90
  --------------------------------------------------------------------------
  slack (MET)                                                       12.57


  Startpoint: interrupt (input port clocked by clk)
  Endpoint: U_ID_EX_Reg/SP_Dec_out_reg
            (rising edge-triggered flip-flop clocked by clk)
  Path Group: INREG
  Path Type: max

  Point                                                   Incr       Path
  --------------------------------------------------------------------------
  clock clk (rise edge)                                   0.00       0.00
  clock network delay (ideal)                             0.00       0.00
  input external delay                                    6.00       6.00 f
  interrupt (in)                                          0.01       6.01 f
  U103/Y (BUFX2M)                                         0.21       6.22 f
  u_Control_Unit/interrupt_sig (Control_Unit)             0.00       6.22 f
  u_Control_Unit/U46/Y (INVX2M)                           0.07       6.29 r
  u_Control_Unit/U45/Y (OAI31X1M)                         0.11       6.40 f
  u_Control_Unit/U19/Y (AOI31X2M)                         0.20       6.60 r
  u_Control_Unit/U62/Y (INVX2M)                           0.06       6.65 f
  u_Control_Unit/SP_Dec (Control_Unit)                    0.00       6.65 f
  U_ID_EX_Reg/SP_Dec_in (ID_EX_register)                  0.00       6.65 f
  U_ID_EX_Reg/U36/Y (AO22X1M)                             0.37       7.02 f
  U_ID_EX_Reg/SP_Dec_out_reg/D (DFFRQX2M)                 0.00       7.02 f
  data arrival time                                                  7.02

  clock clk (rise edge)                                  20.00      20.00
  clock network delay (ideal)                             0.00      20.00
  clock uncertainty                                      -0.25      19.75
  U_ID_EX_Reg/SP_Dec_out_reg/CK (DFFRQX2M)                0.00      19.75 r
  library setup time                                     -0.14      19.61
  data required time                                                19.61
  --------------------------------------------------------------------------
  data required time                                                19.61
  data arrival time                                                 -7.02
  --------------------------------------------------------------------------
  slack (MET)                                                       12.59


  Startpoint: interrupt (input port clocked by clk)
  Endpoint: U_ID_EX_Reg/mem_R_addr_sel_out_reg[0]
            (rising edge-triggered flip-flop clocked by clk)
  Path Group: INREG
  Path Type: max

  Point                                                   Incr       Path
  --------------------------------------------------------------------------
  clock clk (rise edge)                                   0.00       0.00
  clock network delay (ideal)                             0.00       0.00
  input external delay                                    6.00       6.00 f
  interrupt (in)                                          0.01       6.01 f
  U103/Y (BUFX2M)                                         0.21       6.22 f
  u_Control_Unit/interrupt_sig (Control_Unit)             0.00       6.22 f
  u_Control_Unit/U63/Y (OR2X2M)                           0.22       6.43 f
  u_Control_Unit/U20/Y (NOR2X2M)                          0.12       6.55 r
  u_Control_Unit/U8/Y (INVX2M)                            0.08       6.63 f
  u_Control_Unit/U68/Y (NOR2X2M)                          0.08       6.71 r
  u_Control_Unit/mem_R_addr_sel[0] (Control_Unit)         0.00       6.71 r
  U_ID_EX_Reg/mem_R_addr_sel_in[0] (ID_EX_register)       0.00       6.71 r
  U_ID_EX_Reg/U45/Y (AO22X1M)                             0.17       6.88 r
  U_ID_EX_Reg/mem_R_addr_sel_out_reg[0]/D (DFFRQX2M)      0.00       6.88 r
  data arrival time                                                  6.88

  clock clk (rise edge)                                  20.00      20.00
  clock network delay (ideal)                             0.00      20.00
  clock uncertainty                                      -0.25      19.75
  U_ID_EX_Reg/mem_R_addr_sel_out_reg[0]/CK (DFFRQX2M)     0.00      19.75 r
  library setup time                                     -0.29      19.46
  data required time                                                19.46
  --------------------------------------------------------------------------
  data required time                                                19.46
  data arrival time                                                 -6.88
  --------------------------------------------------------------------------
  slack (MET)                                                       12.59


  Startpoint: interrupt (input port clocked by clk)
  Endpoint: U_ID_EX_Reg/mem_R_addr_sel_out_reg[1]
            (rising edge-triggered flip-flop clocked by clk)
  Path Group: INREG
  Path Type: max

  Point                                                   Incr       Path
  --------------------------------------------------------------------------
  clock clk (rise edge)                                   0.00       0.00
  clock network delay (ideal)                             0.00       0.00
  input external delay                                    6.00       6.00 f
  interrupt (in)                                          0.01       6.01 f
  U103/Y (BUFX2M)                                         0.21       6.22 f
  u_Control_Unit/interrupt_sig (Control_Unit)             0.00       6.22 f
  u_Control_Unit/U3/Y (NOR2X2M)                           0.27       6.49 r
  u_Control_Unit/U21/Y (NAND2X2M)                         0.12       6.61 f
  u_Control_Unit/U69/Y (INVX2M)                           0.07       6.68 r
  u_Control_Unit/mem_R_addr_sel[1] (Control_Unit)         0.00       6.68 r
  U_ID_EX_Reg/mem_R_addr_sel_in[1] (ID_EX_register)       0.00       6.68 r
  U_ID_EX_Reg/U46/Y (AO22X1M)                             0.16       6.84 r
  U_ID_EX_Reg/mem_R_addr_sel_out_reg[1]/D (DFFRQX2M)      0.00       6.84 r
  data arrival time                                                  6.84

  clock clk (rise edge)                                  20.00      20.00
  clock network delay (ideal)                             0.00      20.00
  clock uncertainty                                      -0.25      19.75
  U_ID_EX_Reg/mem_R_addr_sel_out_reg[1]/CK (DFFRQX2M)     0.00      19.75 r
  library setup time                                     -0.29      19.46
  data required time                                                19.46
  --------------------------------------------------------------------------
  data required time                                                19.46
  data arrival time                                                 -6.84
  --------------------------------------------------------------------------
  slack (MET)                                                       12.63


  Startpoint: interrupt (input port clocked by clk)
  Endpoint: U_ID_EX_Reg/mem_W_addr_sel_out_reg[1]
            (rising edge-triggered flip-flop clocked by clk)
  Path Group: INREG
  Path Type: max

  Point                                                   Incr       Path
  --------------------------------------------------------------------------
  clock clk (rise edge)                                   0.00       0.00
  clock network delay (ideal)                             0.00       0.00
  input external delay                                    6.00       6.00 f
  interrupt (in)                                          0.01       6.01 f
  U103/Y (BUFX2M)                                         0.21       6.22 f
  u_Control_Unit/interrupt_sig (Control_Unit)             0.00       6.22 f
  u_Control_Unit/U3/Y (NOR2X2M)                           0.27       6.49 r
  u_Control_Unit/U22/Y (NAND2X2M)                         0.12       6.61 f
  u_Control_Unit/U67/Y (INVX2M)                           0.06       6.68 r
  u_Control_Unit/mem_W_addr_sel[1] (Control_Unit)         0.00       6.68 r
  U_ID_EX_Reg/mem_W_addr_sel_in[1] (ID_EX_register)       0.00       6.68 r
  U_ID_EX_Reg/U44/Y (AO22X1M)                             0.16       6.83 r
  U_ID_EX_Reg/mem_W_addr_sel_out_reg[1]/D (DFFRQX2M)      0.00       6.83 r
  data arrival time                                                  6.83

  clock clk (rise edge)                                  20.00      20.00
  clock network delay (ideal)                             0.00      20.00
  clock uncertainty                                      -0.25      19.75
  U_ID_EX_Reg/mem_W_addr_sel_out_reg[1]/CK (DFFRQX2M)     0.00      19.75 r
  library setup time                                     -0.29      19.46
  data required time                                                19.46
  --------------------------------------------------------------------------
  data required time                                                19.46
  data arrival time                                                 -6.83
  --------------------------------------------------------------------------
  slack (MET)                                                       12.63


  Startpoint: interrupt (input port clocked by clk)
  Endpoint: U_ID_EX_Reg/Sel_WriteAddr_out_reg[1]
            (rising edge-triggered flip-flop clocked by clk)
  Path Group: INREG
  Path Type: max

  Point                                                   Incr       Path
  --------------------------------------------------------------------------
  clock clk (rise edge)                                   0.00       0.00
  clock network delay (ideal)                             0.00       0.00
  input external delay                                    6.00       6.00 f
  interrupt (in)                                          0.01       6.01 f
  U103/Y (BUFX2M)                                         0.21       6.22 f
  u_Control_Unit/interrupt_sig (Control_Unit)             0.00       6.22 f
  u_Control_Unit/U63/Y (OR2X2M)                           0.22       6.43 f
  u_Control_Unit/U20/Y (NOR2X2M)                          0.12       6.55 r
  u_Control_Unit/Sel_WriteAddr[1] (Control_Unit)          0.00       6.55 r
  U_ID_EX_Reg/Sel_WriteAddr_in[1] (ID_EX_register)        0.00       6.55 r
  U_ID_EX_Reg/U41/Y (AO22X1M)                             0.18       6.73 r
  U_ID_EX_Reg/Sel_WriteAddr_out_reg[1]/D (DFFRQX2M)       0.00       6.73 r
  data arrival time                                                  6.73

  clock clk (rise edge)                                  20.00      20.00
  clock network delay (ideal)                             0.00      20.00
  clock uncertainty                                      -0.25      19.75
  U_ID_EX_Reg/Sel_WriteAddr_out_reg[1]/CK (DFFRQX2M)      0.00      19.75 r
  library setup time                                     -0.29      19.46
  data required time                                                19.46
  --------------------------------------------------------------------------
  data required time                                                19.46
  data arrival time                                                 -6.73
  --------------------------------------------------------------------------
  slack (MET)                                                       12.74


  Startpoint: interrupt (input port clocked by clk)
  Endpoint: U_ID_EX_Reg/mem_W_data_sel_out_reg[0]
            (rising edge-triggered flip-flop clocked by clk)
  Path Group: INREG
  Path Type: max

  Point                                                   Incr       Path
  --------------------------------------------------------------------------
  clock clk (rise edge)                                   0.00       0.00
  clock network delay (ideal)                             0.00       0.00
  input external delay                                    6.00       6.00 f
  interrupt (in)                                          0.01       6.01 f
  U103/Y (BUFX2M)                                         0.21       6.22 f
  u_Control_Unit/interrupt_sig (Control_Unit)             0.00       6.22 f
  u_Control_Unit/U46/Y (INVX2M)                           0.07       6.29 r
  u_Control_Unit/U45/Y (OAI31X1M)                         0.11       6.40 f
  u_Control_Unit/mem_W_data_sel[0] (Control_Unit)         0.00       6.40 f
  U_ID_EX_Reg/mem_W_data_sel_in[0] (ID_EX_register)       0.00       6.40 f
  U_ID_EX_Reg/U54/Y (AO22X1M)                             0.39       6.79 f
  U_ID_EX_Reg/mem_W_data_sel_out_reg[0]/D (DFFRQX2M)      0.00       6.79 f
  data arrival time                                                  6.79

  clock clk (rise edge)                                  20.00      20.00
  clock network delay (ideal)                             0.00      20.00
  clock uncertainty                                      -0.25      19.75
  U_ID_EX_Reg/mem_W_data_sel_out_reg[0]/CK (DFFRQX2M)     0.00      19.75 r
  library setup time                                     -0.14      19.61
  data required time                                                19.61
  --------------------------------------------------------------------------
  data required time                                                19.61
  data arrival time                                                 -6.79
  --------------------------------------------------------------------------
  slack (MET)                                                       12.82


  Startpoint: interrupt (input port clocked by clk)
  Endpoint: U_ID_EX_Reg/mem_W_addr_sel_out_reg[0]
            (rising edge-triggered flip-flop clocked by clk)
  Path Group: INREG
  Path Type: max

  Point                                                   Incr       Path
  --------------------------------------------------------------------------
  clock clk (rise edge)                                   0.00       0.00
  clock network delay (ideal)                             0.00       0.00
  input external delay                                    6.00       6.00 r
  interrupt (in)                                          0.01       6.01 r
  U103/Y (BUFX2M)                                         0.23       6.24 r
  u_Control_Unit/interrupt_sig (Control_Unit)             0.00       6.24 r
  u_Control_Unit/U18/Y (NOR2X2M)                          0.09       6.33 f
  u_Control_Unit/mem_W_addr_sel[0] (Control_Unit)         0.00       6.33 f
  U_ID_EX_Reg/mem_W_addr_sel_in[0] (ID_EX_register)       0.00       6.33 f
  U_ID_EX_Reg/U55/Y (AO22X1M)                             0.37       6.70 f
  U_ID_EX_Reg/mem_W_addr_sel_out_reg[0]/D (DFFRQX2M)      0.00       6.70 f
  data arrival time                                                  6.70

  clock clk (rise edge)                                  20.00      20.00
  clock network delay (ideal)                             0.00      20.00
  clock uncertainty                                      -0.25      19.75
  U_ID_EX_Reg/mem_W_addr_sel_out_reg[0]/CK (DFFRQX2M)     0.00      19.75 r
  library setup time                                     -0.14      19.61
  data required time                                                19.61
  --------------------------------------------------------------------------
  data required time                                                19.61
  data arrival time                                                 -6.70
  --------------------------------------------------------------------------
  slack (MET)                                                       12.90


  Startpoint: interrupt (input port clocked by clk)
  Endpoint: U_Decode_WB/rb_t_reg[1]
            (rising edge-triggered flip-flop clocked by clk)
  Path Group: INREG
  Path Type: max

  Point                                                   Incr       Path
  --------------------------------------------------------------------------
  clock clk (rise edge)                                   0.00       0.00
  clock network delay (ideal)                             0.00       0.00
  input external delay                                    6.00       6.00 f
  interrupt (in)                                          0.01       6.01 f
  U103/Y (BUFX2M)                                         0.21       6.22 f
  u_Control_Unit/interrupt_sig (Control_Unit)             0.00       6.22 f
  u_Control_Unit/U24/Y (NOR2X2M)                          0.15       6.37 r
  u_Control_Unit/rb_e (Control_Unit)                      0.00       6.37 r
  U_Decode_WB/rb_e (decode_wb_stage)                      0.00       6.37 r
  U_Decode_WB/rb_t_reg[1]/E (EDFFX1M)                     0.00       6.37 r
  data arrival time                                                  6.37

  clock clk (rise edge)                                  20.00      20.00
  clock network delay (ideal)                             0.00      20.00
  clock uncertainty                                      -0.25      19.75
  U_Decode_WB/rb_t_reg[1]/CK (EDFFX1M)                    0.00      19.75 r
  library setup time                                     -0.42      19.33
  data required time                                                19.33
  --------------------------------------------------------------------------
  data required time                                                19.33
  data arrival time                                                 -6.37
  --------------------------------------------------------------------------
  slack (MET)                                                       12.96


  Startpoint: interrupt (input port clocked by clk)
  Endpoint: U_Decode_WB/rb_t_reg[0]
            (rising edge-triggered flip-flop clocked by clk)
  Path Group: INREG
  Path Type: max

  Point                                                   Incr       Path
  --------------------------------------------------------------------------
  clock clk (rise edge)                                   0.00       0.00
  clock network delay (ideal)                             0.00       0.00
  input external delay                                    6.00       6.00 f
  interrupt (in)                                          0.01       6.01 f
  U103/Y (BUFX2M)                                         0.21       6.22 f
  u_Control_Unit/interrupt_sig (Control_Unit)             0.00       6.22 f
  u_Control_Unit/U24/Y (NOR2X2M)                          0.15       6.37 r
  u_Control_Unit/rb_e (Control_Unit)                      0.00       6.37 r
  U_Decode_WB/rb_e (decode_wb_stage)                      0.00       6.37 r
  U_Decode_WB/rb_t_reg[0]/E (EDFFX1M)                     0.00       6.37 r
  data arrival time                                                  6.37

  clock clk (rise edge)                                  20.00      20.00
  clock network delay (ideal)                             0.00      20.00
  clock uncertainty                                      -0.25      19.75
  U_Decode_WB/rb_t_reg[0]/CK (EDFFX1M)                    0.00      19.75 r
  library setup time                                     -0.42      19.33
  data required time                                                19.33
  --------------------------------------------------------------------------
  data required time                                                19.33
  data arrival time                                                 -6.37
  --------------------------------------------------------------------------
  slack (MET)                                                       12.96


  Startpoint: interrupt (input port clocked by clk)
  Endpoint: U_ID_EX_Reg/interrupt_save_flags_out_reg
            (rising edge-triggered flip-flop clocked by clk)
  Path Group: INREG
  Path Type: max

  Point                                                   Incr       Path
  --------------------------------------------------------------------------
  clock clk (rise edge)                                   0.00       0.00
  clock network delay (ideal)                             0.00       0.00
  input external delay                                    6.00       6.00 f
  interrupt (in)                                          0.01       6.01 f
  U103/Y (BUFX2M)                                         0.21       6.22 f
  u_Control_Unit/interrupt_sig (Control_Unit)             0.00       6.22 f
  u_Control_Unit/interrupt_save_flags (Control_Unit)      0.00       6.22 f
  U_ID_EX_Reg/interrupt_save_flags_in (ID_EX_register)
                                                          0.00       6.22 f
  U_ID_EX_Reg/U56/Y (AO22X1M)                             0.39       6.61 f
  U_ID_EX_Reg/interrupt_save_flags_out_reg/D (DFFRQX2M)
                                                          0.00       6.61 f
  data arrival time                                                  6.61

  clock clk (rise edge)                                  20.00      20.00
  clock network delay (ideal)                             0.00      20.00
  clock uncertainty                                      -0.25      19.75
  U_ID_EX_Reg/interrupt_save_flags_out_reg/CK (DFFRQX2M)
                                                          0.00      19.75 r
  library setup time                                     -0.14      19.61
  data required time                                                19.61
  --------------------------------------------------------------------------
  data required time                                                19.61
  data arrival time                                                 -6.61
  --------------------------------------------------------------------------
  slack (MET)                                                       13.00


  Startpoint: in_port_val[3]
              (input port clocked by clk)
  Endpoint: U_Decode_WB/U_RF/registers_reg[0][3]
            (rising edge-triggered flip-flop clocked by clk)
  Path Group: INREG
  Path Type: max

  Point                                                   Incr       Path
  --------------------------------------------------------------------------
  clock clk (rise edge)                                   0.00       0.00
  clock network delay (ideal)                             0.00       0.00
  input external delay                                    6.00       6.00 r
  in_port_val[3] (in)                                     0.01       6.01 r
  U_Decode_WB/in_port[3] (decode_wb_stage)                0.00       6.01 r
  U_Decode_WB/U13/Y (AOI22X1M)                            0.11       6.12 f
  U_Decode_WB/U11/Y (NAND2X2M)                            0.13       6.25 r
  U_Decode_WB/U_RF/wr_data[3] (Register_File)             0.00       6.25 r
  U_Decode_WB/U_RF/U12/Y (INVX2M)                         0.07       6.32 f
  U_Decode_WB/U_RF/U88/Y (OAI2BB2X1M)                     0.12       6.44 r
  U_Decode_WB/U_RF/registers_reg[0][3]/D (DFFRQX2M)       0.00       6.44 r
  data arrival time                                                  6.44

  clock clk (rise edge)                                  20.00      20.00
  clock network delay (ideal)                             0.00      20.00
  clock uncertainty                                      -0.25      19.75
  U_Decode_WB/U_RF/registers_reg[0][3]/CK (DFFRQX2M)      0.00      19.75 r
  library setup time                                     -0.30      19.45
  data required time                                                19.45
  --------------------------------------------------------------------------
  data required time                                                19.45
  data arrival time                                                 -6.44
  --------------------------------------------------------------------------
  slack (MET)                                                       13.01


  Startpoint: in_port_val[2]
              (input port clocked by clk)
  Endpoint: U_Decode_WB/U_RF/registers_reg[0][2]
            (rising edge-triggered flip-flop clocked by clk)
  Path Group: INREG
  Path Type: max

  Point                                                   Incr       Path
  --------------------------------------------------------------------------
  clock clk (rise edge)                                   0.00       0.00
  clock network delay (ideal)                             0.00       0.00
  input external delay                                    6.00       6.00 r
  in_port_val[2] (in)                                     0.01       6.01 r
  U_Decode_WB/in_port[2] (decode_wb_stage)                0.00       6.01 r
  U_Decode_WB/U10/Y (AOI22X1M)                            0.11       6.12 f
  U_Decode_WB/U8/Y (NAND2X2M)                             0.13       6.25 r
  U_Decode_WB/U_RF/wr_data[2] (Register_File)             0.00       6.25 r
  U_Decode_WB/U_RF/U11/Y (INVX2M)                         0.07       6.32 f
  U_Decode_WB/U_RF/U87/Y (OAI2BB2X1M)                     0.12       6.44 r
  U_Decode_WB/U_RF/registers_reg[0][2]/D (DFFRQX2M)       0.00       6.44 r
  data arrival time                                                  6.44

  clock clk (rise edge)                                  20.00      20.00
  clock network delay (ideal)                             0.00      20.00
  clock uncertainty                                      -0.25      19.75
  U_Decode_WB/U_RF/registers_reg[0][2]/CK (DFFRQX2M)      0.00      19.75 r
  library setup time                                     -0.30      19.45
  data required time                                                19.45
  --------------------------------------------------------------------------
  data required time                                                19.45
  data arrival time                                                 -6.44
  --------------------------------------------------------------------------
  slack (MET)                                                       13.01


  Startpoint: in_port_val[1]
              (input port clocked by clk)
  Endpoint: U_Decode_WB/U_RF/registers_reg[0][1]
            (rising edge-triggered flip-flop clocked by clk)
  Path Group: INREG
  Path Type: max

  Point                                                   Incr       Path
  --------------------------------------------------------------------------
  clock clk (rise edge)                                   0.00       0.00
  clock network delay (ideal)                             0.00       0.00
  input external delay                                    6.00       6.00 r
  in_port_val[1] (in)                                     0.01       6.01 r
  U_Decode_WB/in_port[1] (decode_wb_stage)                0.00       6.01 r
  U_Decode_WB/U4/Y (AOI22X1M)                             0.11       6.12 f
  U_Decode_WB/U2/Y (NAND2X2M)                             0.13       6.25 r
  U_Decode_WB/U_RF/wr_data[1] (Register_File)             0.00       6.25 r
  U_Decode_WB/U_RF/U10/Y (INVX2M)                         0.07       6.32 f
  U_Decode_WB/U_RF/U86/Y (OAI2BB2X1M)                     0.12       6.44 r
  U_Decode_WB/U_RF/registers_reg[0][1]/D (DFFRQX2M)       0.00       6.44 r
  data arrival time                                                  6.44

  clock clk (rise edge)                                  20.00      20.00
  clock network delay (ideal)                             0.00      20.00
  clock uncertainty                                      -0.25      19.75
  U_Decode_WB/U_RF/registers_reg[0][1]/CK (DFFRQX2M)      0.00      19.75 r
  library setup time                                     -0.30      19.45
  data required time                                                19.45
  --------------------------------------------------------------------------
  data required time                                                19.45
  data arrival time                                                 -6.44
  --------------------------------------------------------------------------
  slack (MET)                                                       13.01


  Startpoint: in_port_val[0]
              (input port clocked by clk)
  Endpoint: U_Decode_WB/U_RF/registers_reg[0][0]
            (rising edge-triggered flip-flop clocked by clk)
  Path Group: INREG
  Path Type: max

  Point                                                   Incr       Path
  --------------------------------------------------------------------------
  clock clk (rise edge)                                   0.00       0.00
  clock network delay (ideal)                             0.00       0.00
  input external delay                                    6.00       6.00 r
  in_port_val[0] (in)                                     0.01       6.01 r
  U_Decode_WB/in_port[0] (decode_wb_stage)                0.00       6.01 r
  U_Decode_WB/U7/Y (AOI22X1M)                             0.11       6.12 f
  U_Decode_WB/U5/Y (NAND2X2M)                             0.13       6.25 r
  U_Decode_WB/U_RF/wr_data[0] (Register_File)             0.00       6.25 r
  U_Decode_WB/U_RF/U9/Y (INVX2M)                          0.07       6.32 f
  U_Decode_WB/U_RF/U85/Y (OAI2BB2X1M)                     0.12       6.44 r
  U_Decode_WB/U_RF/registers_reg[0][0]/D (DFFRQX2M)       0.00       6.44 r
  data arrival time                                                  6.44

  clock clk (rise edge)                                  20.00      20.00
  clock network delay (ideal)                             0.00      20.00
  clock uncertainty                                      -0.25      19.75
  U_Decode_WB/U_RF/registers_reg[0][0]/CK (DFFRQX2M)      0.00      19.75 r
  library setup time                                     -0.30      19.45
  data required time                                                19.45
  --------------------------------------------------------------------------
  data required time                                                19.45
  data arrival time                                                 -6.44
  --------------------------------------------------------------------------
  slack (MET)                                                       13.01


  Startpoint: OUT_PORT_REG_reg[7]
              (rising edge-triggered flip-flop clocked by clk)
  Endpoint: out_port_val[7]
            (output port clocked by clk)
  Path Group: REGOUT
  Path Type: max

  Point                                    Incr       Path
  -----------------------------------------------------------
  clock clk (rise edge)                    0.00       0.00
  clock network delay (ideal)              0.00       0.00
  OUT_PORT_REG_reg[7]/CK (DFFRHQX8M)       0.00 #     0.00 r
  OUT_PORT_REG_reg[7]/Q (DFFRHQX8M)        1.07       1.07 r
  out_port_val[7] (out)                    0.00       1.07 r
  data arrival time                                   1.07

  clock clk (rise edge)                   20.00      20.00
  clock network delay (ideal)              0.00      20.00
  clock uncertainty                       -0.25      19.75
  output external delay                   -6.00      13.75
  data required time                                 13.75
  -----------------------------------------------------------
  data required time                                 13.75
  data arrival time                                  -1.07
  -----------------------------------------------------------
  slack (MET)                                        12.68


  Startpoint: OUT_PORT_REG_reg[6]
              (rising edge-triggered flip-flop clocked by clk)
  Endpoint: out_port_val[6]
            (output port clocked by clk)
  Path Group: REGOUT
  Path Type: max

  Point                                    Incr       Path
  -----------------------------------------------------------
  clock clk (rise edge)                    0.00       0.00
  clock network delay (ideal)              0.00       0.00
  OUT_PORT_REG_reg[6]/CK (DFFRHQX8M)       0.00 #     0.00 r
  OUT_PORT_REG_reg[6]/Q (DFFRHQX8M)        1.07       1.07 r
  out_port_val[6] (out)                    0.00       1.07 r
  data arrival time                                   1.07

  clock clk (rise edge)                   20.00      20.00
  clock network delay (ideal)              0.00      20.00
  clock uncertainty                       -0.25      19.75
  output external delay                   -6.00      13.75
  data required time                                 13.75
  -----------------------------------------------------------
  data required time                                 13.75
  data arrival time                                  -1.07
  -----------------------------------------------------------
  slack (MET)                                        12.68


  Startpoint: OUT_PORT_REG_reg[5]
              (rising edge-triggered flip-flop clocked by clk)
  Endpoint: out_port_val[5]
            (output port clocked by clk)
  Path Group: REGOUT
  Path Type: max

  Point                                    Incr       Path
  -----------------------------------------------------------
  clock clk (rise edge)                    0.00       0.00
  clock network delay (ideal)              0.00       0.00
  OUT_PORT_REG_reg[5]/CK (DFFRHQX8M)       0.00 #     0.00 r
  OUT_PORT_REG_reg[5]/Q (DFFRHQX8M)        1.07       1.07 r
  out_port_val[5] (out)                    0.00       1.07 r
  data arrival time                                   1.07

  clock clk (rise edge)                   20.00      20.00
  clock network delay (ideal)              0.00      20.00
  clock uncertainty                       -0.25      19.75
  output external delay                   -6.00      13.75
  data required time                                 13.75
  -----------------------------------------------------------
  data required time                                 13.75
  data arrival time                                  -1.07
  -----------------------------------------------------------
  slack (MET)                                        12.68


  Startpoint: OUT_PORT_REG_reg[4]
              (rising edge-triggered flip-flop clocked by clk)
  Endpoint: out_port_val[4]
            (output port clocked by clk)
  Path Group: REGOUT
  Path Type: max

  Point                                    Incr       Path
  -----------------------------------------------------------
  clock clk (rise edge)                    0.00       0.00
  clock network delay (ideal)              0.00       0.00
  OUT_PORT_REG_reg[4]/CK (DFFRHQX8M)       0.00 #     0.00 r
  OUT_PORT_REG_reg[4]/Q (DFFRHQX8M)        1.07       1.07 r
  out_port_val[4] (out)                    0.00       1.07 r
  data arrival time                                   1.07

  clock clk (rise edge)                   20.00      20.00
  clock network delay (ideal)              0.00      20.00
  clock uncertainty                       -0.25      19.75
  output external delay                   -6.00      13.75
  data required time                                 13.75
  -----------------------------------------------------------
  data required time                                 13.75
  data arrival time                                  -1.07
  -----------------------------------------------------------
  slack (MET)                                        12.68


  Startpoint: OUT_PORT_REG_reg[3]
              (rising edge-triggered flip-flop clocked by clk)
  Endpoint: out_port_val[3]
            (output port clocked by clk)
  Path Group: REGOUT
  Path Type: max

  Point                                    Incr       Path
  -----------------------------------------------------------
  clock clk (rise edge)                    0.00       0.00
  clock network delay (ideal)              0.00       0.00
  OUT_PORT_REG_reg[3]/CK (DFFRHQX8M)       0.00 #     0.00 r
  OUT_PORT_REG_reg[3]/Q (DFFRHQX8M)        1.07       1.07 r
  out_port_val[3] (out)                    0.00       1.07 r
  data arrival time                                   1.07

  clock clk (rise edge)                   20.00      20.00
  clock network delay (ideal)              0.00      20.00
  clock uncertainty                       -0.25      19.75
  output external delay                   -6.00      13.75
  data required time                                 13.75
  -----------------------------------------------------------
  data required time                                 13.75
  data arrival time                                  -1.07
  -----------------------------------------------------------
  slack (MET)                                        12.68


  Startpoint: OUT_PORT_REG_reg[2]
              (rising edge-triggered flip-flop clocked by clk)
  Endpoint: out_port_val[2]
            (output port clocked by clk)
  Path Group: REGOUT
  Path Type: max

  Point                                    Incr       Path
  -----------------------------------------------------------
  clock clk (rise edge)                    0.00       0.00
  clock network delay (ideal)              0.00       0.00
  OUT_PORT_REG_reg[2]/CK (DFFRHQX8M)       0.00 #     0.00 r
  OUT_PORT_REG_reg[2]/Q (DFFRHQX8M)        1.07       1.07 r
  out_port_val[2] (out)                    0.00       1.07 r
  data arrival time                                   1.07

  clock clk (rise edge)                   20.00      20.00
  clock network delay (ideal)              0.00      20.00
  clock uncertainty                       -0.25      19.75
  output external delay                   -6.00      13.75
  data required time                                 13.75
  -----------------------------------------------------------
  data required time                                 13.75
  data arrival time                                  -1.07
  -----------------------------------------------------------
  slack (MET)                                        12.68


  Startpoint: OUT_PORT_REG_reg[1]
              (rising edge-triggered flip-flop clocked by clk)
  Endpoint: out_port_val[1]
            (output port clocked by clk)
  Path Group: REGOUT
  Path Type: max

  Point                                    Incr       Path
  -----------------------------------------------------------
  clock clk (rise edge)                    0.00       0.00
  clock network delay (ideal)              0.00       0.00
  OUT_PORT_REG_reg[1]/CK (DFFRHQX8M)       0.00 #     0.00 r
  OUT_PORT_REG_reg[1]/Q (DFFRHQX8M)        1.07       1.07 r
  out_port_val[1] (out)                    0.00       1.07 r
  data arrival time                                   1.07

  clock clk (rise edge)                   20.00      20.00
  clock network delay (ideal)              0.00      20.00
  clock uncertainty                       -0.25      19.75
  output external delay                   -6.00      13.75
  data required time                                 13.75
  -----------------------------------------------------------
  data required time                                 13.75
  data arrival time                                  -1.07
  -----------------------------------------------------------
  slack (MET)                                        12.68


  Startpoint: OUT_PORT_REG_reg[0]
              (rising edge-triggered flip-flop clocked by clk)
  Endpoint: out_port_val[0]
            (output port clocked by clk)
  Path Group: REGOUT
  Path Type: max

  Point                                    Incr       Path
  -----------------------------------------------------------
  clock clk (rise edge)                    0.00       0.00
  clock network delay (ideal)              0.00       0.00
  OUT_PORT_REG_reg[0]/CK (DFFRHQX8M)       0.00 #     0.00 r
  OUT_PORT_REG_reg[0]/Q (DFFRHQX8M)        1.07       1.07 r
  out_port_val[0] (out)                    0.00       1.07 r
  data arrival time                                   1.07

  clock clk (rise edge)                   20.00      20.00
  clock network delay (ideal)              0.00      20.00
  clock uncertainty                       -0.25      19.75
  output external delay                   -6.00      13.75
  data required time                                 13.75
  -----------------------------------------------------------
  data required time                                 13.75
  data arrival time                                  -1.07
  -----------------------------------------------------------
  slack (MET)                                        12.68


  Startpoint: U_EX_MEM_Reg/Sel_WriteAddr_out_reg[1]
              (rising edge-triggered flip-flop clocked by clk)
  Endpoint: U_Execute/ccr_unit/Z_reg
            (rising edge-triggered flip-flop clocked by clk)
  Path Group: clk
  Path Type: max

  Point                                                   Incr       Path
  --------------------------------------------------------------------------
  clock clk (rise edge)                                   0.00       0.00
  clock network delay (ideal)                             0.00       0.00
  U_EX_MEM_Reg/Sel_WriteAddr_out_reg[1]/CK (DFFRQX2M)     0.00 #     0.00 r
  U_EX_MEM_Reg/Sel_WriteAddr_out_reg[1]/Q (DFFRQX2M)      0.49       0.49 f
  U_EX_MEM_Reg/Sel_WriteAddr_out[1] (EX_M_register)       0.00       0.49 f
  U123/Y (NOR2BX2M)                                       0.15       0.64 r
  U91/Y (INVX2M)                                          0.06       0.70 f
  U126/Y (AO22X1M)                                        0.39       1.09 f
  U_Forwarding_Unit/EX_MEM_Dest[0] (forwarding_unit)      0.00       1.09 f
  U_Forwarding_Unit/U4/Y (XNOR2X2M)                       0.14       1.23 f
  U_Forwarding_Unit/U2/Y (AND3X2M)                        0.26       1.49 f
  U_Forwarding_Unit/U5/Y (NOR4X1M)                        0.25       1.74 r
  U_Forwarding_Unit/forward_B[0] (forwarding_unit)        0.00       1.74 r
  U89/Y (INVX2M)                                          0.10       1.85 f
  U88/Y (NOR2X2M)                                         0.26       2.11 r
  U97/Y (AOI22X1M)                                        0.18       2.29 f
  U79/Y (OAI21X2M)                                        0.18       2.47 r
  U_Execute/B[1] (ExecuteStage)                           0.00       2.47 r
  U_Execute/alu_unit/B[1] (ALU)                           0.00       2.47 r
  U_Execute/alu_unit/sub_32/B[1] (ALU_DW01_sub_0)         0.00       2.47 r
  U_Execute/alu_unit/sub_32/U9/Y (INVX2M)                 0.08       2.55 f
  U_Execute/alu_unit/sub_32/U2_1/CO (ADDFX2M)             0.50       3.05 f
  U_Execute/alu_unit/sub_32/U2_2/CO (ADDFX2M)             0.33       3.38 f
  U_Execute/alu_unit/sub_32/U2_3/CO (ADDFX2M)             0.33       3.71 f
  U_Execute/alu_unit/sub_32/U2_4/CO (ADDFX2M)             0.33       4.03 f
  U_Execute/alu_unit/sub_32/U2_5/CO (ADDFX2M)             0.33       4.36 f
  U_Execute/alu_unit/sub_32/U2_6/CO (ADDFX2M)             0.33       4.69 f
  U_Execute/alu_unit/sub_32/U2_7/S (ADDFX2M)              0.25       4.94 f
  U_Execute/alu_unit/sub_32/DIFF[7] (ALU_DW01_sub_0)      0.00       4.94 f
  U_Execute/alu_unit/U85/Y (AOI221XLM)                    0.40       5.33 r
  U_Execute/alu_unit/U82/Y (NAND3X2M)                     0.16       5.49 f
  U_Execute/alu_unit/U15/Y (OR4X1M)                       0.50       5.99 f
  U_Execute/alu_unit/U86/Y (NOR2X2M)                      0.11       6.10 r
  U_Execute/alu_unit/Z_out (ALU)                          0.00       6.10 r
  U_Execute/ccr_unit/Z_in (CCR)                           0.00       6.10 r
  U_Execute/ccr_unit/U4/Y (AOI22X1M)                      0.09       6.19 f
  U_Execute/ccr_unit/U3/Y (OAI21X2M)                      0.08       6.27 r
  U_Execute/ccr_unit/Z_reg/D (DFFRQX2M)                   0.00       6.27 r
  data arrival time                                                  6.27

  clock clk (rise edge)                                  20.00      20.00
  clock network delay (ideal)                             0.00      20.00
  clock uncertainty                                      -0.25      19.75
  U_Execute/ccr_unit/Z_reg/CK (DFFRQX2M)                  0.00      19.75 r
  library setup time                                     -0.29      19.46
  data required time                                                19.46
  --------------------------------------------------------------------------
  data required time                                                19.46
  data arrival time                                                 -6.27
  --------------------------------------------------------------------------
  slack (MET)                                                       13.18


  Startpoint: U_EX_MEM_Reg/Sel_WriteAddr_out_reg[1]
              (rising edge-triggered flip-flop clocked by clk)
  Endpoint: U_Execute/ccr_unit/V_reg
            (rising edge-triggered flip-flop clocked by clk)
  Path Group: clk
  Path Type: max

  Point                                                   Incr       Path
  --------------------------------------------------------------------------
  clock clk (rise edge)                                   0.00       0.00
  clock network delay (ideal)                             0.00       0.00
  U_EX_MEM_Reg/Sel_WriteAddr_out_reg[1]/CK (DFFRQX2M)     0.00 #     0.00 r
  U_EX_MEM_Reg/Sel_WriteAddr_out_reg[1]/Q (DFFRQX2M)      0.49       0.49 f
  U_EX_MEM_Reg/Sel_WriteAddr_out[1] (EX_M_register)       0.00       0.49 f
  U123/Y (NOR2BX2M)                                       0.15       0.64 r
  U91/Y (INVX2M)                                          0.06       0.70 f
  U126/Y (AO22X1M)                                        0.39       1.09 f
  U_Forwarding_Unit/EX_MEM_Dest[0] (forwarding_unit)      0.00       1.09 f
  U_Forwarding_Unit/U10/Y (XNOR2X2M)                      0.14       1.23 f
  U_Forwarding_Unit/U8/Y (AND3X2M)                        0.26       1.49 f
  U_Forwarding_Unit/U11/Y (NOR4X1M)                       0.25       1.74 r
  U_Forwarding_Unit/forward_A[0] (forwarding_unit)        0.00       1.74 r
  U92/Y (XNOR2X2M)                                        0.21       1.95 f
  U105/Y (AOI22X1M)                                       0.21       2.15 r
  U104/Y (OAI21X2M)                                       0.09       2.24 f
  U_Execute/A[0] (ExecuteStage)                           0.00       2.24 f
  U_Execute/alu_unit/A[0] (ALU)                           0.00       2.24 f
  U_Execute/alu_unit/U5/Y (BUFX2M)                        0.21       2.46 f
  U_Execute/alu_unit/add_27/A[0] (ALU_DW01_add_0)         0.00       2.46 f
  U_Execute/alu_unit/add_27/U1/Y (AND2X2M)                0.19       2.65 f
  U_Execute/alu_unit/add_27/U1_1/CO (ADDFX2M)             0.31       2.96 f
  U_Execute/alu_unit/add_27/U1_2/CO (ADDFX2M)             0.33       3.29 f
  U_Execute/alu_unit/add_27/U1_3/CO (ADDFX2M)             0.33       3.62 f
  U_Execute/alu_unit/add_27/U1_4/CO (ADDFX2M)             0.33       3.95 f
  U_Execute/alu_unit/add_27/U1_5/CO (ADDFX2M)             0.33       4.28 f
  U_Execute/alu_unit/add_27/U1_6/CO (ADDFX2M)             0.33       4.60 f
  U_Execute/alu_unit/add_27/U1_7/S (ADDFX2M)              0.34       4.94 r
  U_Execute/alu_unit/add_27/SUM[7] (ALU_DW01_add_0)       0.00       4.94 r
  U_Execute/alu_unit/U25/Y (INVX2M)                       0.05       4.99 f
  U_Execute/alu_unit/U22/Y (AOI32X1M)                     0.19       5.19 r
  U_Execute/alu_unit/U19/Y (OAI31X1M)                     0.12       5.30 f
  U_Execute/alu_unit/U18/Y (AOI221XLM)                    0.30       5.60 r
  U_Execute/alu_unit/U88/Y (OAI22X1M)                     0.15       5.74 f
  U_Execute/alu_unit/V_out (ALU)                          0.00       5.74 f
  U_Execute/ccr_unit/V_in (CCR)                           0.00       5.74 f
  U_Execute/ccr_unit/U8/Y (AOI22X1M)                      0.17       5.91 r
  U_Execute/ccr_unit/U7/Y (OAI21X2M)                      0.09       6.00 f
  U_Execute/ccr_unit/V_reg/D (DFFRQX2M)                   0.00       6.00 f
  data arrival time                                                  6.00

  clock clk (rise edge)                                  20.00      20.00
  clock network delay (ideal)                             0.00      20.00
  clock uncertainty                                      -0.25      19.75
  U_Execute/ccr_unit/V_reg/CK (DFFRQX2M)                  0.00      19.75 r
  library setup time                                     -0.14      19.61
  data required time                                                19.61
  --------------------------------------------------------------------------
  data required time                                                19.61
  data arrival time                                                 -6.00
  --------------------------------------------------------------------------
  slack (MET)                                                       13.61


  Startpoint: U_EX_MEM_Reg/Sel_WriteAddr_out_reg[1]
              (rising edge-triggered flip-flop clocked by clk)
  Endpoint: U_Execute/ccr_unit/N_reg
            (rising edge-triggered flip-flop clocked by clk)
  Path Group: clk
  Path Type: max

  Point                                                   Incr       Path
  --------------------------------------------------------------------------
  clock clk (rise edge)                                   0.00       0.00
  clock network delay (ideal)                             0.00       0.00
  U_EX_MEM_Reg/Sel_WriteAddr_out_reg[1]/CK (DFFRQX2M)     0.00 #     0.00 r
  U_EX_MEM_Reg/Sel_WriteAddr_out_reg[1]/Q (DFFRQX2M)      0.49       0.49 f
  U_EX_MEM_Reg/Sel_WriteAddr_out[1] (EX_M_register)       0.00       0.49 f
  U123/Y (NOR2BX2M)                                       0.15       0.64 r
  U91/Y (INVX2M)                                          0.06       0.70 f
  U126/Y (AO22X1M)                                        0.39       1.09 f
  U_Forwarding_Unit/EX_MEM_Dest[0] (forwarding_unit)      0.00       1.09 f
  U_Forwarding_Unit/U4/Y (XNOR2X2M)                       0.14       1.23 f
  U_Forwarding_Unit/U2/Y (AND3X2M)                        0.26       1.49 f
  U_Forwarding_Unit/U5/Y (NOR4X1M)                        0.25       1.74 r
  U_Forwarding_Unit/forward_B[0] (forwarding_unit)        0.00       1.74 r
  U89/Y (INVX2M)                                          0.10       1.85 f
  U88/Y (NOR2X2M)                                         0.26       2.11 r
  U97/Y (AOI22X1M)                                        0.18       2.29 f
  U79/Y (OAI21X2M)                                        0.18       2.47 r
  U_Execute/B[1] (ExecuteStage)                           0.00       2.47 r
  U_Execute/alu_unit/B[1] (ALU)                           0.00       2.47 r
  U_Execute/alu_unit/sub_32/B[1] (ALU_DW01_sub_0)         0.00       2.47 r
  U_Execute/alu_unit/sub_32/U9/Y (INVX2M)                 0.08       2.55 f
  U_Execute/alu_unit/sub_32/U2_1/CO (ADDFX2M)             0.50       3.05 f
  U_Execute/alu_unit/sub_32/U2_2/CO (ADDFX2M)             0.33       3.38 f
  U_Execute/alu_unit/sub_32/U2_3/CO (ADDFX2M)             0.33       3.71 f
  U_Execute/alu_unit/sub_32/U2_4/CO (ADDFX2M)             0.33       4.03 f
  U_Execute/alu_unit/sub_32/U2_5/CO (ADDFX2M)             0.33       4.36 f
  U_Execute/alu_unit/sub_32/U2_6/CO (ADDFX2M)             0.33       4.69 f
  U_Execute/alu_unit/sub_32/U2_7/S (ADDFX2M)              0.25       4.94 f
  U_Execute/alu_unit/sub_32/DIFF[7] (ALU_DW01_sub_0)      0.00       4.94 f
  U_Execute/alu_unit/U85/Y (AOI221XLM)                    0.40       5.33 r
  U_Execute/alu_unit/U82/Y (NAND3X2M)                     0.16       5.49 f
  U_Execute/alu_unit/N_out (ALU)                          0.00       5.49 f
  U_Execute/ccr_unit/N_in (CCR)                           0.00       5.49 f
  U_Execute/ccr_unit/U6/Y (AOI22X1M)                      0.17       5.67 r
  U_Execute/ccr_unit/U5/Y (OAI21X2M)                      0.09       5.75 f
  U_Execute/ccr_unit/N_reg/D (DFFRQX2M)                   0.00       5.75 f
  data arrival time                                                  5.75

  clock clk (rise edge)                                  20.00      20.00
  clock network delay (ideal)                             0.00      20.00
  clock uncertainty                                      -0.25      19.75
  U_Execute/ccr_unit/N_reg/CK (DFFRQX2M)                  0.00      19.75 r
  library setup time                                     -0.14      19.61
  data required time                                                19.61
  --------------------------------------------------------------------------
  data required time                                                19.61
  data arrival time                                                 -5.75
  --------------------------------------------------------------------------
  slack (MET)                                                       13.86


  Startpoint: U_EX_MEM_Reg/Sel_WriteAddr_out_reg[1]
              (rising edge-triggered flip-flop clocked by clk)
  Endpoint: U_Execute/ccr_unit/C_reg
            (rising edge-triggered flip-flop clocked by clk)
  Path Group: clk
  Path Type: max

  Point                                                   Incr       Path
  --------------------------------------------------------------------------
  clock clk (rise edge)                                   0.00       0.00
  clock network delay (ideal)                             0.00       0.00
  U_EX_MEM_Reg/Sel_WriteAddr_out_reg[1]/CK (DFFRQX2M)     0.00 #     0.00 r
  U_EX_MEM_Reg/Sel_WriteAddr_out_reg[1]/Q (DFFRQX2M)      0.49       0.49 f
  U_EX_MEM_Reg/Sel_WriteAddr_out[1] (EX_M_register)       0.00       0.49 f
  U123/Y (NOR2BX2M)                                       0.15       0.64 r
  U91/Y (INVX2M)                                          0.06       0.70 f
  U126/Y (AO22X1M)                                        0.39       1.09 f
  U_Forwarding_Unit/EX_MEM_Dest[0] (forwarding_unit)      0.00       1.09 f
  U_Forwarding_Unit/U4/Y (XNOR2X2M)                       0.14       1.23 f
  U_Forwarding_Unit/U2/Y (AND3X2M)                        0.26       1.49 f
  U_Forwarding_Unit/U5/Y (NOR4X1M)                        0.25       1.74 r
  U_Forwarding_Unit/forward_B[0] (forwarding_unit)        0.00       1.74 r
  U89/Y (INVX2M)                                          0.10       1.85 f
  U88/Y (NOR2X2M)                                         0.26       2.11 r
  U97/Y (AOI22X1M)                                        0.18       2.29 f
  U79/Y (OAI21X2M)                                        0.18       2.47 r
  U_Execute/B[1] (ExecuteStage)                           0.00       2.47 r
  U_Execute/alu_unit/B[1] (ALU)                           0.00       2.47 r
  U_Execute/alu_unit/sub_32/B[1] (ALU_DW01_sub_0)         0.00       2.47 r
  U_Execute/alu_unit/sub_32/U9/Y (INVX2M)                 0.08       2.55 f
  U_Execute/alu_unit/sub_32/U2_1/CO (ADDFX2M)             0.50       3.05 f
  U_Execute/alu_unit/sub_32/U2_2/CO (ADDFX2M)             0.33       3.38 f
  U_Execute/alu_unit/sub_32/U2_3/CO (ADDFX2M)             0.33       3.71 f
  U_Execute/alu_unit/sub_32/U2_4/CO (ADDFX2M)             0.33       4.03 f
  U_Execute/alu_unit/sub_32/U2_5/CO (ADDFX2M)             0.33       4.36 f
  U_Execute/alu_unit/sub_32/U2_6/CO (ADDFX2M)             0.33       4.69 f
  U_Execute/alu_unit/sub_32/U2_7/CO (ADDFX2M)             0.32       5.01 f
  U_Execute/alu_unit/sub_32/U1/Y (INVX2M)                 0.07       5.08 r
  U_Execute/alu_unit/sub_32/DIFF[8] (ALU_DW01_sub_0)      0.00       5.08 r
  U_Execute/alu_unit/U6/Y (AOI22X1M)                      0.08       5.16 f
  U_Execute/alu_unit/U60/Y (NAND4X2M)                     0.10       5.26 r
  U_Execute/alu_unit/C_out (ALU)                          0.00       5.26 r
  U_Execute/ccr_unit/C_in (CCR)                           0.00       5.26 r
  U_Execute/ccr_unit/U11/Y (AOI31X2M)                     0.09       5.35 f
  U_Execute/ccr_unit/U9/Y (OAI221X1M)                     0.18       5.54 r
  U_Execute/ccr_unit/C_reg/D (DFFRQX2M)                   0.00       5.54 r
  data arrival time                                                  5.54

  clock clk (rise edge)                                  20.00      20.00
  clock network delay (ideal)                             0.00      20.00
  clock uncertainty                                      -0.25      19.75
  U_Execute/ccr_unit/C_reg/CK (DFFRQX2M)                  0.00      19.75 r
  library setup time                                     -0.32      19.43
  data required time                                                19.43
  --------------------------------------------------------------------------
  data required time                                                19.43
  data arrival time                                                 -5.54
  --------------------------------------------------------------------------
  slack (MET)                                                       13.90


  Startpoint: U_IF_ID_Reg/instruction_out_reg[2]
              (rising edge-triggered flip-flop clocked by clk)
  Endpoint: U_Fetch/pc/pc_out_reg[6]
            (rising edge-triggered flip-flop clocked by clk)
  Path Group: clk
  Path Type: max

  Point                                                   Incr       Path
  --------------------------------------------------------------------------
  clock clk (rise edge)                                   0.00       0.00
  clock network delay (ideal)                             0.00       0.00
  U_IF_ID_Reg/instruction_out_reg[2]/CK (DFFRQX2M)        0.00 #     0.00 r
  U_IF_ID_Reg/instruction_out_reg[2]/Q (DFFRQX2M)         0.93       0.93 r
  U_IF_ID_Reg/instruction_out[2] (IF_ID_register)         0.00       0.93 r
  u_Control_Unit/ra[0] (Control_Unit)                     0.00       0.93 r
  u_Control_Unit/U85/Y (NOR2X2M)                          0.20       1.13 f
  u_Control_Unit/U13/Y (AOI31X2M)                         0.26       1.38 r
  u_Control_Unit/U14/Y (OAI21X2M)                         0.18       1.56 f
  u_Control_Unit/SP_Inc (Control_Unit)                    0.00       1.56 f
  U_Decode_WB/SP_Inc (decode_wb_stage)                    0.00       1.56 f
  U_Decode_WB/U_RF/SP_Inc (Register_File)                 0.00       1.56 f
  U_Decode_WB/U_RF/U30/Y (NOR2X2M)                        0.12       1.68 r
  U_Decode_WB/U_RF/U29/Y (BUFX2M)                         0.32       2.00 r
  U_Decode_WB/U_RF/U22/Y (AOI22X1M)                       0.13       2.14 f
  U_Decode_WB/U_RF/U21/Y (OAI2BB1X2M)                     0.12       2.26 r
  U_Decode_WB/U_RF/RTI_SP[0] (Register_File)              0.00       2.26 r
  U_Decode_WB/RTI_SP[0] (decode_wb_stage)                 0.00       2.26 r
  U_Memory/RTI_SP_IN[0] (MemoryStage)                     0.00       2.26 r
  U_Memory/U1104/Y (BUFX2M)                               0.12       2.37 r
  U_Memory/U360/Y (BUFX2M)                                0.11       2.49 r
  U_Memory/U260/Y (BUFX2M)                                0.13       2.62 r
  U_Memory/U140/Y (BUFX2M)                                0.11       2.73 r
  U_Memory/U71/Y (BUFX2M)                                 0.79       3.52 r
  U_Memory/U1749/Y (MX4X1M)                               0.49       4.01 f
  U_Memory/U1877/Y (MX4X1M)                               0.36       4.37 f
  U_Memory/U1288/Y (MX4X1M)                               0.36       4.72 f
  U_Memory/U1256/Y (MX4X1M)                               0.35       5.07 f
  U_Memory/RTI_SP_OUT[6] (MemoryStage)                    0.00       5.07 f
  U_Fetch/return_target[6] (FetchStage)                   0.00       5.07 f
  U_Fetch/U19/Y (AOI22X1M)                                0.20       5.27 r
  U_Fetch/U18/Y (OAI2BB1X2M)                              0.08       5.35 f
  U_Fetch/pc/next_pc[6] (Program_Counter)                 0.00       5.35 f
  U_Fetch/pc/U19/Y (AOI22X1M)                             0.12       5.47 r
  U_Fetch/pc/U18/Y (OAI2BB1X2M)                           0.07       5.54 f
  U_Fetch/pc/pc_out_reg[6]/D (DFFSRHQX2M)                 0.00       5.54 f
  data arrival time                                                  5.54

  clock clk (rise edge)                                  20.00      20.00
  clock network delay (ideal)                             0.00      20.00
  clock uncertainty                                      -0.25      19.75
  U_Fetch/pc/pc_out_reg[6]/CK (DFFSRHQX2M)                0.00      19.75 r
  library setup time                                     -0.19      19.56
  data required time                                                19.56
  --------------------------------------------------------------------------
  data required time                                                19.56
  data arrival time                                                 -5.54
  --------------------------------------------------------------------------
  slack (MET)                                                       14.02


  Startpoint: U_IF_ID_Reg/instruction_out_reg[2]
              (rising edge-triggered flip-flop clocked by clk)
  Endpoint: U_Fetch/pc/pc_out_reg[5]
            (rising edge-triggered flip-flop clocked by clk)
  Path Group: clk
  Path Type: max

  Point                                                   Incr       Path
  --------------------------------------------------------------------------
  clock clk (rise edge)                                   0.00       0.00
  clock network delay (ideal)                             0.00       0.00
  U_IF_ID_Reg/instruction_out_reg[2]/CK (DFFRQX2M)        0.00 #     0.00 r
  U_IF_ID_Reg/instruction_out_reg[2]/Q (DFFRQX2M)         0.93       0.93 r
  U_IF_ID_Reg/instruction_out[2] (IF_ID_register)         0.00       0.93 r
  u_Control_Unit/ra[0] (Control_Unit)                     0.00       0.93 r
  u_Control_Unit/U85/Y (NOR2X2M)                          0.20       1.13 f
  u_Control_Unit/U13/Y (AOI31X2M)                         0.26       1.38 r
  u_Control_Unit/U14/Y (OAI21X2M)                         0.18       1.56 f
  u_Control_Unit/SP_Inc (Control_Unit)                    0.00       1.56 f
  U_Decode_WB/SP_Inc (decode_wb_stage)                    0.00       1.56 f
  U_Decode_WB/U_RF/SP_Inc (Register_File)                 0.00       1.56 f
  U_Decode_WB/U_RF/U30/Y (NOR2X2M)                        0.12       1.68 r
  U_Decode_WB/U_RF/U29/Y (BUFX2M)                         0.32       2.00 r
  U_Decode_WB/U_RF/U22/Y (AOI22X1M)                       0.13       2.14 f
  U_Decode_WB/U_RF/U21/Y (OAI2BB1X2M)                     0.12       2.26 r
  U_Decode_WB/U_RF/RTI_SP[0] (Register_File)              0.00       2.26 r
  U_Decode_WB/RTI_SP[0] (decode_wb_stage)                 0.00       2.26 r
  U_Memory/RTI_SP_IN[0] (MemoryStage)                     0.00       2.26 r
  U_Memory/U1104/Y (BUFX2M)                               0.12       2.37 r
  U_Memory/U360/Y (BUFX2M)                                0.11       2.49 r
  U_Memory/U260/Y (BUFX2M)                                0.13       2.62 r
  U_Memory/U137/Y (BUFX2M)                                0.11       2.73 r
  U_Memory/U66/Y (BUFX2M)                                 0.79       3.52 r
  U_Memory/U1733/Y (MX4X1M)                               0.49       4.01 f
  U_Memory/U1861/Y (MX4X1M)                               0.36       4.37 f
  U_Memory/U1284/Y (MX4X1M)                               0.36       4.72 f
  U_Memory/U1252/Y (MX4X1M)                               0.35       5.07 f
  U_Memory/RTI_SP_OUT[5] (MemoryStage)                    0.00       5.07 f
  U_Fetch/return_target[5] (FetchStage)                   0.00       5.07 f
  U_Fetch/U17/Y (AOI22X1M)                                0.20       5.27 r
  U_Fetch/U16/Y (OAI2BB1X2M)                              0.08       5.35 f
  U_Fetch/pc/next_pc[5] (Program_Counter)                 0.00       5.35 f
  U_Fetch/pc/U17/Y (AOI22X1M)                             0.12       5.47 r
  U_Fetch/pc/U16/Y (OAI2BB1X2M)                           0.07       5.54 f
  U_Fetch/pc/pc_out_reg[5]/D (DFFSRHQX2M)                 0.00       5.54 f
  data arrival time                                                  5.54

  clock clk (rise edge)                                  20.00      20.00
  clock network delay (ideal)                             0.00      20.00
  clock uncertainty                                      -0.25      19.75
  U_Fetch/pc/pc_out_reg[5]/CK (DFFSRHQX2M)                0.00      19.75 r
  library setup time                                     -0.19      19.56
  data required time                                                19.56
  --------------------------------------------------------------------------
  data required time                                                19.56
  data arrival time                                                 -5.54
  --------------------------------------------------------------------------
  slack (MET)                                                       14.02


  Startpoint: U_IF_ID_Reg/instruction_out_reg[2]
              (rising edge-triggered flip-flop clocked by clk)
  Endpoint: U_Fetch/pc/pc_out_reg[4]
            (rising edge-triggered flip-flop clocked by clk)
  Path Group: clk
  Path Type: max

  Point                                                   Incr       Path
  --------------------------------------------------------------------------
  clock clk (rise edge)                                   0.00       0.00
  clock network delay (ideal)                             0.00       0.00
  U_IF_ID_Reg/instruction_out_reg[2]/CK (DFFRQX2M)        0.00 #     0.00 r
  U_IF_ID_Reg/instruction_out_reg[2]/Q (DFFRQX2M)         0.93       0.93 r
  U_IF_ID_Reg/instruction_out[2] (IF_ID_register)         0.00       0.93 r
  u_Control_Unit/ra[0] (Control_Unit)                     0.00       0.93 r
  u_Control_Unit/U85/Y (NOR2X2M)                          0.20       1.13 f
  u_Control_Unit/U13/Y (AOI31X2M)                         0.26       1.38 r
  u_Control_Unit/U14/Y (OAI21X2M)                         0.18       1.56 f
  u_Control_Unit/SP_Inc (Control_Unit)                    0.00       1.56 f
  U_Decode_WB/SP_Inc (decode_wb_stage)                    0.00       1.56 f
  U_Decode_WB/U_RF/SP_Inc (Register_File)                 0.00       1.56 f
  U_Decode_WB/U_RF/U30/Y (NOR2X2M)                        0.12       1.68 r
  U_Decode_WB/U_RF/U29/Y (BUFX2M)                         0.32       2.00 r
  U_Decode_WB/U_RF/U22/Y (AOI22X1M)                       0.13       2.14 f
  U_Decode_WB/U_RF/U21/Y (OAI2BB1X2M)                     0.12       2.26 r
  U_Decode_WB/U_RF/RTI_SP[0] (Register_File)              0.00       2.26 r
  U_Decode_WB/RTI_SP[0] (decode_wb_stage)                 0.00       2.26 r
  U_Memory/RTI_SP_IN[0] (MemoryStage)                     0.00       2.26 r
  U_Memory/U1104/Y (BUFX2M)                               0.12       2.37 r
  U_Memory/U360/Y (BUFX2M)                                0.11       2.49 r
  U_Memory/U259/Y (BUFX2M)                                0.13       2.62 r
  U_Memory/U135/Y (BUFX2M)                                0.11       2.73 r
  U_Memory/U61/Y (BUFX2M)                                 0.79       3.52 r
  U_Memory/U1717/Y (MX4X1M)                               0.49       4.01 f
  U_Memory/U1845/Y (MX4X1M)                               0.36       4.37 f
  U_Memory/U1280/Y (MX4X1M)                               0.36       4.72 f
  U_Memory/U1248/Y (MX4X1M)                               0.35       5.07 f
  U_Memory/RTI_SP_OUT[4] (MemoryStage)                    0.00       5.07 f
  U_Fetch/return_target[4] (FetchStage)                   0.00       5.07 f
  U_Fetch/U15/Y (AOI22X1M)                                0.20       5.27 r
  U_Fetch/U14/Y (OAI2BB1X2M)                              0.08       5.35 f
  U_Fetch/pc/next_pc[4] (Program_Counter)                 0.00       5.35 f
  U_Fetch/pc/U15/Y (AOI22X1M)                             0.12       5.47 r
  U_Fetch/pc/U14/Y (OAI2BB1X2M)                           0.07       5.54 f
  U_Fetch/pc/pc_out_reg[4]/D (DFFSRHQX2M)                 0.00       5.54 f
  data arrival time                                                  5.54

  clock clk (rise edge)                                  20.00      20.00
  clock network delay (ideal)                             0.00      20.00
  clock uncertainty                                      -0.25      19.75
  U_Fetch/pc/pc_out_reg[4]/CK (DFFSRHQX2M)                0.00      19.75 r
  library setup time                                     -0.19      19.56
  data required time                                                19.56
  --------------------------------------------------------------------------
  data required time                                                19.56
  data arrival time                                                 -5.54
  --------------------------------------------------------------------------
  slack (MET)                                                       14.02


  Startpoint: U_IF_ID_Reg/instruction_out_reg[2]
              (rising edge-triggered flip-flop clocked by clk)
  Endpoint: U_Fetch/pc/pc_out_reg[7]
            (rising edge-triggered flip-flop clocked by clk)
  Path Group: clk
  Path Type: max

  Point                                                   Incr       Path
  --------------------------------------------------------------------------
  clock clk (rise edge)                                   0.00       0.00
  clock network delay (ideal)                             0.00       0.00
  U_IF_ID_Reg/instruction_out_reg[2]/CK (DFFRQX2M)        0.00 #     0.00 r
  U_IF_ID_Reg/instruction_out_reg[2]/Q (DFFRQX2M)         0.93       0.93 r
  U_IF_ID_Reg/instruction_out[2] (IF_ID_register)         0.00       0.93 r
  u_Control_Unit/ra[0] (Control_Unit)                     0.00       0.93 r
  u_Control_Unit/U85/Y (NOR2X2M)                          0.20       1.13 f
  u_Control_Unit/U13/Y (AOI31X2M)                         0.26       1.38 r
  u_Control_Unit/U14/Y (OAI21X2M)                         0.18       1.56 f
  u_Control_Unit/SP_Inc (Control_Unit)                    0.00       1.56 f
  U_Decode_WB/SP_Inc (decode_wb_stage)                    0.00       1.56 f
  U_Decode_WB/U_RF/SP_Inc (Register_File)                 0.00       1.56 f
  U_Decode_WB/U_RF/U30/Y (NOR2X2M)                        0.12       1.68 r
  U_Decode_WB/U_RF/U29/Y (BUFX2M)                         0.32       2.00 r
  U_Decode_WB/U_RF/U22/Y (AOI22X1M)                       0.13       2.14 f
  U_Decode_WB/U_RF/U21/Y (OAI2BB1X2M)                     0.12       2.26 r
  U_Decode_WB/U_RF/RTI_SP[0] (Register_File)              0.00       2.26 r
  U_Decode_WB/RTI_SP[0] (decode_wb_stage)                 0.00       2.26 r
  U_Memory/RTI_SP_IN[0] (MemoryStage)                     0.00       2.26 r
  U_Memory/U1104/Y (BUFX2M)                               0.12       2.37 r
  U_Memory/U360/Y (BUFX2M)                                0.11       2.49 r
  U_Memory/U261/Y (BUFX2M)                                0.13       2.62 r
  U_Memory/U142/Y (BUFX2M)                                0.11       2.73 r
  U_Memory/U76/Y (BUFX2M)                                 0.79       3.52 r
  U_Memory/U1765/Y (MX4X1M)                               0.49       4.01 f
  U_Memory/U1893/Y (MX4X1M)                               0.36       4.37 f
  U_Memory/U1292/Y (MX4X1M)                               0.36       4.72 f
  U_Memory/U1260/Y (MX4X1M)                               0.35       5.07 f
  U_Memory/RTI_SP_OUT[7] (MemoryStage)                    0.00       5.07 f
  U_Fetch/return_target[7] (FetchStage)                   0.00       5.07 f
  U_Fetch/U21/Y (AOI22X1M)                                0.20       5.27 r
  U_Fetch/U20/Y (OAI2BB1X2M)                              0.08       5.35 f
  U_Fetch/pc/next_pc[7] (Program_Counter)                 0.00       5.35 f
  U_Fetch/pc/U21/Y (AOI22X1M)                             0.12       5.47 r
  U_Fetch/pc/U20/Y (OAI2BB1X2M)                           0.07       5.54 f
  U_Fetch/pc/pc_out_reg[7]/D (DFFSRHQX2M)                 0.00       5.54 f
  data arrival time                                                  5.54

  clock clk (rise edge)                                  20.00      20.00
  clock network delay (ideal)                             0.00      20.00
  clock uncertainty                                      -0.25      19.75
  U_Fetch/pc/pc_out_reg[7]/CK (DFFSRHQX2M)                0.00      19.75 r
  library setup time                                     -0.19      19.56
  data required time                                                19.56
  --------------------------------------------------------------------------
  data required time                                                19.56
  data arrival time                                                 -5.54
  --------------------------------------------------------------------------
  slack (MET)                                                       14.02


  Startpoint: U_IF_ID_Reg/instruction_out_reg[2]
              (rising edge-triggered flip-flop clocked by clk)
  Endpoint: U_Fetch/pc/pc_out_reg[3]
            (rising edge-triggered flip-flop clocked by clk)
  Path Group: clk
  Path Type: max

  Point                                                   Incr       Path
  --------------------------------------------------------------------------
  clock clk (rise edge)                                   0.00       0.00
  clock network delay (ideal)                             0.00       0.00
  U_IF_ID_Reg/instruction_out_reg[2]/CK (DFFRQX2M)        0.00 #     0.00 r
  U_IF_ID_Reg/instruction_out_reg[2]/Q (DFFRQX2M)         0.93       0.93 r
  U_IF_ID_Reg/instruction_out[2] (IF_ID_register)         0.00       0.93 r
  u_Control_Unit/ra[0] (Control_Unit)                     0.00       0.93 r
  u_Control_Unit/U85/Y (NOR2X2M)                          0.20       1.13 f
  u_Control_Unit/U13/Y (AOI31X2M)                         0.26       1.38 r
  u_Control_Unit/U14/Y (OAI21X2M)                         0.18       1.56 f
  u_Control_Unit/SP_Inc (Control_Unit)                    0.00       1.56 f
  U_Decode_WB/SP_Inc (decode_wb_stage)                    0.00       1.56 f
  U_Decode_WB/U_RF/SP_Inc (Register_File)                 0.00       1.56 f
  U_Decode_WB/U_RF/U30/Y (NOR2X2M)                        0.12       1.68 r
  U_Decode_WB/U_RF/U29/Y (BUFX2M)                         0.32       2.00 r
  U_Decode_WB/U_RF/U22/Y (AOI22X1M)                       0.13       2.14 f
  U_Decode_WB/U_RF/U21/Y (OAI2BB1X2M)                     0.12       2.26 r
  U_Decode_WB/U_RF/RTI_SP[0] (Register_File)              0.00       2.26 r
  U_Decode_WB/RTI_SP[0] (decode_wb_stage)                 0.00       2.26 r
  U_Memory/RTI_SP_IN[0] (MemoryStage)                     0.00       2.26 r
  U_Memory/U1104/Y (BUFX2M)                               0.12       2.37 r
  U_Memory/U360/Y (BUFX2M)                                0.11       2.49 r
  U_Memory/U259/Y (BUFX2M)                                0.13       2.62 r
  U_Memory/U133/Y (BUFX2M)                                0.11       2.73 r
  U_Memory/U58/Y (BUFX2M)                                 0.79       3.52 r
  U_Memory/U1702/Y (MX4X1M)                               0.49       4.01 f
  U_Memory/U1279/Y (MX4X1M)                               0.36       4.37 f
  U_Memory/U1276/Y (MX4X1M)                               0.34       4.71 f
  U_Memory/U1244/Y (MX4X1M)                               0.35       5.06 f
  U_Memory/RTI_SP_OUT[3] (MemoryStage)                    0.00       5.06 f
  U_Fetch/return_target[3] (FetchStage)                   0.00       5.06 f
  U_Fetch/U13/Y (AOI22X1M)                                0.20       5.26 r
  U_Fetch/U12/Y (OAI2BB1X2M)                              0.08       5.34 f
  U_Fetch/pc/next_pc[3] (Program_Counter)                 0.00       5.34 f
  U_Fetch/pc/U13/Y (AOI22X1M)                             0.12       5.46 r
  U_Fetch/pc/U12/Y (OAI2BB1X2M)                           0.07       5.53 f
  U_Fetch/pc/pc_out_reg[3]/D (DFFSRHQX2M)                 0.00       5.53 f
  data arrival time                                                  5.53

  clock clk (rise edge)                                  20.00      20.00
  clock network delay (ideal)                             0.00      20.00
  clock uncertainty                                      -0.25      19.75
  U_Fetch/pc/pc_out_reg[3]/CK (DFFSRHQX2M)                0.00      19.75 r
  library setup time                                     -0.19      19.56
  data required time                                                19.56
  --------------------------------------------------------------------------
  data required time                                                19.56
  data arrival time                                                 -5.53
  --------------------------------------------------------------------------
  slack (MET)                                                       14.03


  Startpoint: U_IF_ID_Reg/instruction_out_reg[7]
              (rising edge-triggered flip-flop clocked by clk)
  Endpoint: U_Fetch/pc/pc_out_reg[2]
            (rising edge-triggered flip-flop clocked by clk)
  Path Group: clk
  Path Type: max

  Point                                                   Incr       Path
  --------------------------------------------------------------------------
  clock clk (rise edge)                                   0.00       0.00
  clock network delay (ideal)                             0.00       0.00
  U_IF_ID_Reg/instruction_out_reg[7]/CK (DFFRQX2M)        0.00 #     0.00 r
  U_IF_ID_Reg/instruction_out_reg[7]/Q (DFFRQX2M)         0.57       0.57 f
  U_IF_ID_Reg/instruction_out[7] (IF_ID_register)         0.00       0.57 f
  u_Control_Unit/opcode[3] (Control_Unit)                 0.00       0.57 f
  u_Control_Unit/U81/Y (INVX2M)                           0.16       0.73 r
  u_Control_Unit/U82/Y (NAND2X2M)                         0.12       0.85 f
  u_Control_Unit/U25/Y (NOR3X2M)                          0.41       1.26 r
  u_Control_Unit/U17/Y (NAND2X2M)                         0.18       1.43 f
  u_Control_Unit/U14/Y (OAI21X2M)                         0.34       1.78 r
  u_Control_Unit/SP_Inc (Control_Unit)                    0.00       1.78 r
  U_Decode_WB/SP_Inc (decode_wb_stage)                    0.00       1.78 r
  U_Decode_WB/U_RF/SP_Inc (Register_File)                 0.00       1.78 r
  U_Decode_WB/U_RF/U30/Y (NOR2X2M)                        0.09       1.86 f
  U_Decode_WB/U_RF/U29/Y (BUFX2M)                         0.26       2.13 f
  U_Decode_WB/U_RF/U22/Y (AOI22X1M)                       0.19       2.32 r
  U_Decode_WB/U_RF/U21/Y (OAI2BB1X2M)                     0.10       2.42 f
  U_Decode_WB/U_RF/RTI_SP[0] (Register_File)              0.00       2.42 f
  U_Decode_WB/RTI_SP[0] (decode_wb_stage)                 0.00       2.42 f
  U_Memory/RTI_SP_IN[0] (MemoryStage)                     0.00       2.42 f
  U_Memory/U1104/Y (BUFX2M)                               0.15       2.57 f
  U_Memory/U362/Y (BUFX2M)                                0.13       2.70 f
  U_Memory/U263/Y (BUFX2M)                                0.15       2.85 f
  U_Memory/U130/Y (BUFX2M)                                0.14       2.98 f
  U_Memory/U51/Y (BUFX2M)                                 0.50       3.48 f
  U_Memory/U1685/Y (MX4X1M)                               0.52       4.00 f
  U_Memory/U1813/Y (MX4X1M)                               0.36       4.35 f
  U_Memory/U1272/Y (MX4X1M)                               0.36       4.71 f
  U_Memory/U1240/Y (MX4X1M)                               0.35       5.06 f
  U_Memory/RTI_SP_OUT[2] (MemoryStage)                    0.00       5.06 f
  U_Fetch/return_target[2] (FetchStage)                   0.00       5.06 f
  U_Fetch/U11/Y (AOI22X1M)                                0.20       5.26 r
  U_Fetch/U10/Y (OAI2BB1X2M)                              0.08       5.34 f
  U_Fetch/pc/next_pc[2] (Program_Counter)                 0.00       5.34 f
  U_Fetch/pc/U11/Y (AOI22X1M)                             0.12       5.46 r
  U_Fetch/pc/U10/Y (OAI2BB1X2M)                           0.07       5.53 f
  U_Fetch/pc/pc_out_reg[2]/D (DFFSRHQX2M)                 0.00       5.53 f
  data arrival time                                                  5.53

  clock clk (rise edge)                                  20.00      20.00
  clock network delay (ideal)                             0.00      20.00
  clock uncertainty                                      -0.25      19.75
  U_Fetch/pc/pc_out_reg[2]/CK (DFFSRHQX2M)                0.00      19.75 r
  library setup time                                     -0.19      19.56
  data required time                                                19.56
  --------------------------------------------------------------------------
  data required time                                                19.56
  data arrival time                                                 -5.53
  --------------------------------------------------------------------------
  slack (MET)                                                       14.03


  Startpoint: U_IF_ID_Reg/instruction_out_reg[7]
              (rising edge-triggered flip-flop clocked by clk)
  Endpoint: U_Fetch/pc/pc_out_reg[1]
            (rising edge-triggered flip-flop clocked by clk)
  Path Group: clk
  Path Type: max

  Point                                                   Incr       Path
  --------------------------------------------------------------------------
  clock clk (rise edge)                                   0.00       0.00
  clock network delay (ideal)                             0.00       0.00
  U_IF_ID_Reg/instruction_out_reg[7]/CK (DFFRQX2M)        0.00 #     0.00 r
  U_IF_ID_Reg/instruction_out_reg[7]/Q (DFFRQX2M)         0.57       0.57 f
  U_IF_ID_Reg/instruction_out[7] (IF_ID_register)         0.00       0.57 f
  u_Control_Unit/opcode[3] (Control_Unit)                 0.00       0.57 f
  u_Control_Unit/U81/Y (INVX2M)                           0.16       0.73 r
  u_Control_Unit/U82/Y (NAND2X2M)                         0.12       0.85 f
  u_Control_Unit/U25/Y (NOR3X2M)                          0.41       1.26 r
  u_Control_Unit/U17/Y (NAND2X2M)                         0.18       1.43 f
  u_Control_Unit/U14/Y (OAI21X2M)                         0.34       1.78 r
  u_Control_Unit/SP_Inc (Control_Unit)                    0.00       1.78 r
  U_Decode_WB/SP_Inc (decode_wb_stage)                    0.00       1.78 r
  U_Decode_WB/U_RF/SP_Inc (Register_File)                 0.00       1.78 r
  U_Decode_WB/U_RF/U30/Y (NOR2X2M)                        0.09       1.86 f
  U_Decode_WB/U_RF/U29/Y (BUFX2M)                         0.26       2.13 f
  U_Decode_WB/U_RF/U22/Y (AOI22X1M)                       0.19       2.32 r
  U_Decode_WB/U_RF/U21/Y (OAI2BB1X2M)                     0.10       2.42 f
  U_Decode_WB/U_RF/RTI_SP[0] (Register_File)              0.00       2.42 f
  U_Decode_WB/RTI_SP[0] (decode_wb_stage)                 0.00       2.42 f
  U_Memory/RTI_SP_IN[0] (MemoryStage)                     0.00       2.42 f
  U_Memory/U1104/Y (BUFX2M)                               0.15       2.57 f
  U_Memory/U362/Y (BUFX2M)                                0.13       2.70 f
  U_Memory/U262/Y (BUFX2M)                                0.15       2.85 f
  U_Memory/U127/Y (BUFX2M)                                0.14       2.98 f
  U_Memory/U46/Y (BUFX2M)                                 0.50       3.48 f
  U_Memory/U1669/Y (MX4X1M)                               0.52       4.00 f
  U_Memory/U1797/Y (MX4X1M)                               0.36       4.35 f
  U_Memory/U1268/Y (MX4X1M)                               0.36       4.71 f
  U_Memory/U1236/Y (MX4X1M)                               0.35       5.06 f
  U_Memory/RTI_SP_OUT[1] (MemoryStage)                    0.00       5.06 f
  U_Fetch/return_target[1] (FetchStage)                   0.00       5.06 f
  U_Fetch/U9/Y (AOI22X1M)                                 0.20       5.26 r
  U_Fetch/U8/Y (OAI2BB1X2M)                               0.08       5.34 f
  U_Fetch/pc/next_pc[1] (Program_Counter)                 0.00       5.34 f
  U_Fetch/pc/U9/Y (AOI22X1M)                              0.12       5.46 r
  U_Fetch/pc/U8/Y (OAI2BB1X2M)                            0.07       5.53 f
  U_Fetch/pc/pc_out_reg[1]/D (DFFSRHQX2M)                 0.00       5.53 f
  data arrival time                                                  5.53

  clock clk (rise edge)                                  20.00      20.00
  clock network delay (ideal)                             0.00      20.00
  clock uncertainty                                      -0.25      19.75
  U_Fetch/pc/pc_out_reg[1]/CK (DFFSRHQX2M)                0.00      19.75 r
  library setup time                                     -0.19      19.56
  data required time                                                19.56
  --------------------------------------------------------------------------
  data required time                                                19.56
  data arrival time                                                 -5.53
  --------------------------------------------------------------------------
  slack (MET)                                                       14.03


  Startpoint: U_IF_ID_Reg/instruction_out_reg[7]
              (rising edge-triggered flip-flop clocked by clk)
  Endpoint: U_Fetch/pc/pc_out_reg[0]
            (rising edge-triggered flip-flop clocked by clk)
  Path Group: clk
  Path Type: max

  Point                                                   Incr       Path
  --------------------------------------------------------------------------
  clock clk (rise edge)                                   0.00       0.00
  clock network delay (ideal)                             0.00       0.00
  U_IF_ID_Reg/instruction_out_reg[7]/CK (DFFRQX2M)        0.00 #     0.00 r
  U_IF_ID_Reg/instruction_out_reg[7]/Q (DFFRQX2M)         0.57       0.57 f
  U_IF_ID_Reg/instruction_out[7] (IF_ID_register)         0.00       0.57 f
  u_Control_Unit/opcode[3] (Control_Unit)                 0.00       0.57 f
  u_Control_Unit/U81/Y (INVX2M)                           0.16       0.73 r
  u_Control_Unit/U82/Y (NAND2X2M)                         0.12       0.85 f
  u_Control_Unit/U25/Y (NOR3X2M)                          0.41       1.26 r
  u_Control_Unit/U17/Y (NAND2X2M)                         0.18       1.43 f
  u_Control_Unit/U14/Y (OAI21X2M)                         0.34       1.78 r
  u_Control_Unit/SP_Inc (Control_Unit)                    0.00       1.78 r
  U_Decode_WB/SP_Inc (decode_wb_stage)                    0.00       1.78 r
  U_Decode_WB/U_RF/SP_Inc (Register_File)                 0.00       1.78 r
  U_Decode_WB/U_RF/U30/Y (NOR2X2M)                        0.09       1.86 f
  U_Decode_WB/U_RF/U29/Y (BUFX2M)                         0.26       2.13 f
  U_Decode_WB/U_RF/U22/Y (AOI22X1M)                       0.19       2.32 r
  U_Decode_WB/U_RF/U21/Y (OAI2BB1X2M)                     0.10       2.42 f
  U_Decode_WB/U_RF/RTI_SP[0] (Register_File)              0.00       2.42 f
  U_Decode_WB/RTI_SP[0] (decode_wb_stage)                 0.00       2.42 f
  U_Memory/RTI_SP_IN[0] (MemoryStage)                     0.00       2.42 f
  U_Memory/U1104/Y (BUFX2M)                               0.15       2.57 f
  U_Memory/U362/Y (BUFX2M)                                0.13       2.70 f
  U_Memory/U262/Y (BUFX2M)                                0.15       2.85 f
  U_Memory/U145/Y (BUFX2M)                                0.14       2.98 f
  U_Memory/U42/Y (BUFX2M)                                 0.50       3.48 f
  U_Memory/U1654/Y (MX4X1M)                               0.52       4.00 f
  U_Memory/U1267/Y (MX4X1M)                               0.36       4.35 f
  U_Memory/U1264/Y (MX4X1M)                               0.34       4.70 f
  U_Memory/U1232/Y (MX4X1M)                               0.35       5.05 f
  U_Memory/RTI_SP_OUT[0] (MemoryStage)                    0.00       5.05 f
  U_Fetch/return_target[0] (FetchStage)                   0.00       5.05 f
  U_Fetch/U7/Y (AOI22X1M)                                 0.20       5.25 r
  U_Fetch/U6/Y (OAI2BB1X2M)                               0.08       5.32 f
  U_Fetch/pc/next_pc[0] (Program_Counter)                 0.00       5.32 f
  U_Fetch/pc/U7/Y (AOI22X1M)                              0.12       5.44 r
  U_Fetch/pc/U6/Y (OAI2BB1X2M)                            0.07       5.51 f
  U_Fetch/pc/pc_out_reg[0]/D (DFFSRHQX2M)                 0.00       5.51 f
  data arrival time                                                  5.51

  clock clk (rise edge)                                  20.00      20.00
  clock network delay (ideal)                             0.00      20.00
  clock uncertainty                                      -0.25      19.75
  U_Fetch/pc/pc_out_reg[0]/CK (DFFSRHQX2M)                0.00      19.75 r
  library setup time                                     -0.19      19.56
  data required time                                                19.56
  --------------------------------------------------------------------------
  data required time                                                19.56
  data arrival time                                                 -5.51
  --------------------------------------------------------------------------
  slack (MET)                                                       14.04


  Startpoint: U_EX_MEM_Reg/Sel_WriteAddr_out_reg[1]
              (rising edge-triggered flip-flop clocked by clk)
  Endpoint: U_EX_MEM_Reg/alu_result_out_reg[7]
            (rising edge-triggered flip-flop clocked by clk)
  Path Group: clk
  Path Type: max

  Point                                                   Incr       Path
  --------------------------------------------------------------------------
  clock clk (rise edge)                                   0.00       0.00
  clock network delay (ideal)                             0.00       0.00
  U_EX_MEM_Reg/Sel_WriteAddr_out_reg[1]/CK (DFFRQX2M)     0.00 #     0.00 r
  U_EX_MEM_Reg/Sel_WriteAddr_out_reg[1]/Q (DFFRQX2M)      0.49       0.49 f
  U_EX_MEM_Reg/Sel_WriteAddr_out[1] (EX_M_register)       0.00       0.49 f
  U123/Y (NOR2BX2M)                                       0.15       0.64 r
  U91/Y (INVX2M)                                          0.06       0.70 f
  U126/Y (AO22X1M)                                        0.39       1.09 f
  U_Forwarding_Unit/EX_MEM_Dest[0] (forwarding_unit)      0.00       1.09 f
  U_Forwarding_Unit/U4/Y (XNOR2X2M)                       0.14       1.23 f
  U_Forwarding_Unit/U2/Y (AND3X2M)                        0.26       1.49 f
  U_Forwarding_Unit/U5/Y (NOR4X1M)                        0.25       1.74 r
  U_Forwarding_Unit/forward_B[0] (forwarding_unit)        0.00       1.74 r
  U89/Y (INVX2M)                                          0.10       1.85 f
  U88/Y (NOR2X2M)                                         0.26       2.11 r
  U97/Y (AOI22X1M)                                        0.18       2.29 f
  U79/Y (OAI21X2M)                                        0.18       2.47 r
  U_Execute/B[1] (ExecuteStage)                           0.00       2.47 r
  U_Execute/alu_unit/B[1] (ALU)                           0.00       2.47 r
  U_Execute/alu_unit/sub_32/B[1] (ALU_DW01_sub_0)         0.00       2.47 r
  U_Execute/alu_unit/sub_32/U9/Y (INVX2M)                 0.08       2.55 f
  U_Execute/alu_unit/sub_32/U2_1/CO (ADDFX2M)             0.50       3.05 f
  U_Execute/alu_unit/sub_32/U2_2/CO (ADDFX2M)             0.33       3.38 f
  U_Execute/alu_unit/sub_32/U2_3/CO (ADDFX2M)             0.33       3.71 f
  U_Execute/alu_unit/sub_32/U2_4/CO (ADDFX2M)             0.33       4.03 f
  U_Execute/alu_unit/sub_32/U2_5/CO (ADDFX2M)             0.33       4.36 f
  U_Execute/alu_unit/sub_32/U2_6/CO (ADDFX2M)             0.33       4.69 f
  U_Execute/alu_unit/sub_32/U2_7/S (ADDFX2M)              0.25       4.94 f
  U_Execute/alu_unit/sub_32/DIFF[7] (ALU_DW01_sub_0)      0.00       4.94 f
  U_Execute/alu_unit/U85/Y (AOI221XLM)                    0.40       5.33 r
  U_Execute/alu_unit/U82/Y (NAND3X2M)                     0.16       5.49 f
  U_Execute/alu_unit/Result[7] (ALU)                      0.00       5.49 f
  U_Execute/ALUResult[7] (ExecuteStage)                   0.00       5.49 f
  U_EX_MEM_Reg/alu_result_in[7] (EX_M_register)           0.00       5.49 f
  U_EX_MEM_Reg/alu_result_out_reg[7]/D (DFFRQX2M)         0.00       5.49 f
  data arrival time                                                  5.49

  clock clk (rise edge)                                  20.00      20.00
  clock network delay (ideal)                             0.00      20.00
  clock uncertainty                                      -0.25      19.75
  U_EX_MEM_Reg/alu_result_out_reg[7]/CK (DFFRQX2M)        0.00      19.75 r
  library setup time                                     -0.16      19.59
  data required time                                                19.59
  --------------------------------------------------------------------------
  data required time                                                19.59
  data arrival time                                                 -5.49
  --------------------------------------------------------------------------
  slack (MET)                                                       14.10


  Startpoint: U_EX_MEM_Reg/Sel_WriteAddr_out_reg[1]
              (rising edge-triggered flip-flop clocked by clk)
  Endpoint: U_EX_MEM_Reg/alu_result_out_reg[6]
            (rising edge-triggered flip-flop clocked by clk)
  Path Group: clk
  Path Type: max

  Point                                                   Incr       Path
  --------------------------------------------------------------------------
  clock clk (rise edge)                                   0.00       0.00
  clock network delay (ideal)                             0.00       0.00
  U_EX_MEM_Reg/Sel_WriteAddr_out_reg[1]/CK (DFFRQX2M)     0.00 #     0.00 r
  U_EX_MEM_Reg/Sel_WriteAddr_out_reg[1]/Q (DFFRQX2M)      0.49       0.49 f
  U_EX_MEM_Reg/Sel_WriteAddr_out[1] (EX_M_register)       0.00       0.49 f
  U123/Y (NOR2BX2M)                                       0.15       0.64 r
  U91/Y (INVX2M)                                          0.06       0.70 f
  U126/Y (AO22X1M)                                        0.39       1.09 f
  U_Forwarding_Unit/EX_MEM_Dest[0] (forwarding_unit)      0.00       1.09 f
  U_Forwarding_Unit/U4/Y (XNOR2X2M)                       0.14       1.23 f
  U_Forwarding_Unit/U2/Y (AND3X2M)                        0.26       1.49 f
  U_Forwarding_Unit/U5/Y (NOR4X1M)                        0.25       1.74 r
  U_Forwarding_Unit/forward_B[0] (forwarding_unit)        0.00       1.74 r
  U89/Y (INVX2M)                                          0.10       1.85 f
  U88/Y (NOR2X2M)                                         0.26       2.11 r
  U97/Y (AOI22X1M)                                        0.18       2.29 f
  U79/Y (OAI21X2M)                                        0.18       2.47 r
  U_Execute/B[1] (ExecuteStage)                           0.00       2.47 r
  U_Execute/alu_unit/B[1] (ALU)                           0.00       2.47 r
  U_Execute/alu_unit/sub_32/B[1] (ALU_DW01_sub_0)         0.00       2.47 r
  U_Execute/alu_unit/sub_32/U9/Y (INVX2M)                 0.08       2.55 f
  U_Execute/alu_unit/sub_32/U2_1/CO (ADDFX2M)             0.50       3.05 f
  U_Execute/alu_unit/sub_32/U2_2/CO (ADDFX2M)             0.33       3.38 f
  U_Execute/alu_unit/sub_32/U2_3/CO (ADDFX2M)             0.33       3.71 f
  U_Execute/alu_unit/sub_32/U2_4/CO (ADDFX2M)             0.33       4.03 f
  U_Execute/alu_unit/sub_32/U2_5/CO (ADDFX2M)             0.33       4.36 f
  U_Execute/alu_unit/sub_32/U2_6/S (ADDFX2M)              0.30       4.66 r
  U_Execute/alu_unit/sub_32/DIFF[6] (ALU_DW01_sub_0)      0.00       4.66 r
  U_Execute/alu_unit/U28/Y (AOI22X1M)                     0.09       4.75 f
  U_Execute/alu_unit/U26/Y (NAND4X2M)                     0.10       4.85 r
  U_Execute/alu_unit/Result[6] (ALU)                      0.00       4.85 r
  U_Execute/ALUResult[6] (ExecuteStage)                   0.00       4.85 r
  U_EX_MEM_Reg/alu_result_in[6] (EX_M_register)           0.00       4.85 r
  U_EX_MEM_Reg/alu_result_out_reg[6]/D (DFFRQX2M)         0.00       4.85 r
  data arrival time                                                  4.85

  clock clk (rise edge)                                  20.00      20.00
  clock network delay (ideal)                             0.00      20.00
  clock uncertainty                                      -0.25      19.75
  U_EX_MEM_Reg/alu_result_out_reg[6]/CK (DFFRQX2M)        0.00      19.75 r
  library setup time                                     -0.29      19.46
  data required time                                                19.46
  --------------------------------------------------------------------------
  data required time                                                19.46
  data arrival time                                                 -4.85
  --------------------------------------------------------------------------
  slack (MET)                                                       14.61


  Startpoint: U_EX_MEM_Reg/Sel_WriteAddr_out_reg[1]
              (rising edge-triggered flip-flop clocked by clk)
  Endpoint: U_EX_MEM_Reg/alu_result_out_reg[5]
            (rising edge-triggered flip-flop clocked by clk)
  Path Group: clk
  Path Type: max

  Point                                                   Incr       Path
  --------------------------------------------------------------------------
  clock clk (rise edge)                                   0.00       0.00
  clock network delay (ideal)                             0.00       0.00
  U_EX_MEM_Reg/Sel_WriteAddr_out_reg[1]/CK (DFFRQX2M)     0.00 #     0.00 r
  U_EX_MEM_Reg/Sel_WriteAddr_out_reg[1]/Q (DFFRQX2M)      0.49       0.49 f
  U_EX_MEM_Reg/Sel_WriteAddr_out[1] (EX_M_register)       0.00       0.49 f
  U123/Y (NOR2BX2M)                                       0.15       0.64 r
  U91/Y (INVX2M)                                          0.06       0.70 f
  U126/Y (AO22X1M)                                        0.39       1.09 f
  U_Forwarding_Unit/EX_MEM_Dest[0] (forwarding_unit)      0.00       1.09 f
  U_Forwarding_Unit/U4/Y (XNOR2X2M)                       0.14       1.23 f
  U_Forwarding_Unit/U2/Y (AND3X2M)                        0.26       1.49 f
  U_Forwarding_Unit/U5/Y (NOR4X1M)                        0.25       1.74 r
  U_Forwarding_Unit/forward_B[0] (forwarding_unit)        0.00       1.74 r
  U89/Y (INVX2M)                                          0.10       1.85 f
  U88/Y (NOR2X2M)                                         0.26       2.11 r
  U97/Y (AOI22X1M)                                        0.18       2.29 f
  U79/Y (OAI21X2M)                                        0.18       2.47 r
  U_Execute/B[1] (ExecuteStage)                           0.00       2.47 r
  U_Execute/alu_unit/B[1] (ALU)                           0.00       2.47 r
  U_Execute/alu_unit/sub_32/B[1] (ALU_DW01_sub_0)         0.00       2.47 r
  U_Execute/alu_unit/sub_32/U9/Y (INVX2M)                 0.08       2.55 f
  U_Execute/alu_unit/sub_32/U2_1/CO (ADDFX2M)             0.50       3.05 f
  U_Execute/alu_unit/sub_32/U2_2/CO (ADDFX2M)             0.33       3.38 f
  U_Execute/alu_unit/sub_32/U2_3/CO (ADDFX2M)             0.33       3.71 f
  U_Execute/alu_unit/sub_32/U2_4/CO (ADDFX2M)             0.33       4.03 f
  U_Execute/alu_unit/sub_32/U2_5/S (ADDFX2M)              0.30       4.34 r
  U_Execute/alu_unit/sub_32/DIFF[5] (ALU_DW01_sub_0)      0.00       4.34 r
  U_Execute/alu_unit/U54/Y (AOI22X1M)                     0.09       4.42 f
  U_Execute/alu_unit/U52/Y (NAND4X2M)                     0.10       4.52 r
  U_Execute/alu_unit/Result[5] (ALU)                      0.00       4.52 r
  U_Execute/ALUResult[5] (ExecuteStage)                   0.00       4.52 r
  U_EX_MEM_Reg/alu_result_in[5] (EX_M_register)           0.00       4.52 r
  U_EX_MEM_Reg/alu_result_out_reg[5]/D (DFFRQX2M)         0.00       4.52 r
  data arrival time                                                  4.52

  clock clk (rise edge)                                  20.00      20.00
  clock network delay (ideal)                             0.00      20.00
  clock uncertainty                                      -0.25      19.75
  U_EX_MEM_Reg/alu_result_out_reg[5]/CK (DFFRQX2M)        0.00      19.75 r
  library setup time                                     -0.29      19.46
  data required time                                                19.46
  --------------------------------------------------------------------------
  data required time                                                19.46
  data arrival time                                                 -4.52
  --------------------------------------------------------------------------
  slack (MET)                                                       14.94


  Startpoint: U_EX_MEM_Reg/Sel_WriteAddr_out_reg[1]
              (rising edge-triggered flip-flop clocked by clk)
  Endpoint: U_EX_MEM_Reg/alu_result_out_reg[4]
            (rising edge-triggered flip-flop clocked by clk)
  Path Group: clk
  Path Type: max

  Point                                                   Incr       Path
  --------------------------------------------------------------------------
  clock clk (rise edge)                                   0.00       0.00
  clock network delay (ideal)                             0.00       0.00
  U_EX_MEM_Reg/Sel_WriteAddr_out_reg[1]/CK (DFFRQX2M)     0.00 #     0.00 r
  U_EX_MEM_Reg/Sel_WriteAddr_out_reg[1]/Q (DFFRQX2M)      0.49       0.49 f
  U_EX_MEM_Reg/Sel_WriteAddr_out[1] (EX_M_register)       0.00       0.49 f
  U123/Y (NOR2BX2M)                                       0.15       0.64 r
  U91/Y (INVX2M)                                          0.06       0.70 f
  U126/Y (AO22X1M)                                        0.39       1.09 f
  U_Forwarding_Unit/EX_MEM_Dest[0] (forwarding_unit)      0.00       1.09 f
  U_Forwarding_Unit/U4/Y (XNOR2X2M)                       0.14       1.23 f
  U_Forwarding_Unit/U2/Y (AND3X2M)                        0.26       1.49 f
  U_Forwarding_Unit/U5/Y (NOR4X1M)                        0.25       1.74 r
  U_Forwarding_Unit/forward_B[0] (forwarding_unit)        0.00       1.74 r
  U89/Y (INVX2M)                                          0.10       1.85 f
  U88/Y (NOR2X2M)                                         0.26       2.11 r
  U97/Y (AOI22X1M)                                        0.18       2.29 f
  U79/Y (OAI21X2M)                                        0.18       2.47 r
  U_Execute/B[1] (ExecuteStage)                           0.00       2.47 r
  U_Execute/alu_unit/B[1] (ALU)                           0.00       2.47 r
  U_Execute/alu_unit/sub_32/B[1] (ALU_DW01_sub_0)         0.00       2.47 r
  U_Execute/alu_unit/sub_32/U9/Y (INVX2M)                 0.08       2.55 f
  U_Execute/alu_unit/sub_32/U2_1/CO (ADDFX2M)             0.50       3.05 f
  U_Execute/alu_unit/sub_32/U2_2/CO (ADDFX2M)             0.33       3.38 f
  U_Execute/alu_unit/sub_32/U2_3/CO (ADDFX2M)             0.33       3.71 f
  U_Execute/alu_unit/sub_32/U2_4/S (ADDFX2M)              0.30       4.01 r
  U_Execute/alu_unit/sub_32/DIFF[4] (ALU_DW01_sub_0)      0.00       4.01 r
  U_Execute/alu_unit/U42/Y (AOI22X1M)                     0.09       4.09 f
  U_Execute/alu_unit/U40/Y (NAND4X2M)                     0.10       4.19 r
  U_Execute/alu_unit/Result[4] (ALU)                      0.00       4.19 r
  U_Execute/ALUResult[4] (ExecuteStage)                   0.00       4.19 r
  U_EX_MEM_Reg/alu_result_in[4] (EX_M_register)           0.00       4.19 r
  U_EX_MEM_Reg/alu_result_out_reg[4]/D (DFFRQX2M)         0.00       4.19 r
  data arrival time                                                  4.19

  clock clk (rise edge)                                  20.00      20.00
  clock network delay (ideal)                             0.00      20.00
  clock uncertainty                                      -0.25      19.75
  U_EX_MEM_Reg/alu_result_out_reg[4]/CK (DFFRQX2M)        0.00      19.75 r
  library setup time                                     -0.29      19.46
  data required time                                                19.46
  --------------------------------------------------------------------------
  data required time                                                19.46
  data arrival time                                                 -4.19
  --------------------------------------------------------------------------
  slack (MET)                                                       15.27


  Startpoint: U_EX_MEM_Reg/Sel_WriteAddr_out_reg[1]
              (rising edge-triggered flip-flop clocked by clk)
  Endpoint: U_EX_MEM_Reg/alu_result_out_reg[3]
            (rising edge-triggered flip-flop clocked by clk)
  Path Group: clk
  Path Type: max

  Point                                                   Incr       Path
  --------------------------------------------------------------------------
  clock clk (rise edge)                                   0.00       0.00
  clock network delay (ideal)                             0.00       0.00
  U_EX_MEM_Reg/Sel_WriteAddr_out_reg[1]/CK (DFFRQX2M)     0.00 #     0.00 r
  U_EX_MEM_Reg/Sel_WriteAddr_out_reg[1]/Q (DFFRQX2M)      0.49       0.49 f
  U_EX_MEM_Reg/Sel_WriteAddr_out[1] (EX_M_register)       0.00       0.49 f
  U123/Y (NOR2BX2M)                                       0.15       0.64 r
  U91/Y (INVX2M)                                          0.06       0.70 f
  U126/Y (AO22X1M)                                        0.39       1.09 f
  U_Forwarding_Unit/EX_MEM_Dest[0] (forwarding_unit)      0.00       1.09 f
  U_Forwarding_Unit/U4/Y (XNOR2X2M)                       0.14       1.23 f
  U_Forwarding_Unit/U2/Y (AND3X2M)                        0.26       1.49 f
  U_Forwarding_Unit/U5/Y (NOR4X1M)                        0.25       1.74 r
  U_Forwarding_Unit/forward_B[0] (forwarding_unit)        0.00       1.74 r
  U89/Y (INVX2M)                                          0.10       1.85 f
  U88/Y (NOR2X2M)                                         0.26       2.11 r
  U97/Y (AOI22X1M)                                        0.18       2.29 f
  U79/Y (OAI21X2M)                                        0.18       2.47 r
  U_Execute/B[1] (ExecuteStage)                           0.00       2.47 r
  U_Execute/alu_unit/B[1] (ALU)                           0.00       2.47 r
  U_Execute/alu_unit/sub_32/B[1] (ALU_DW01_sub_0)         0.00       2.47 r
  U_Execute/alu_unit/sub_32/U9/Y (INVX2M)                 0.08       2.55 f
  U_Execute/alu_unit/sub_32/U2_1/CO (ADDFX2M)             0.50       3.05 f
  U_Execute/alu_unit/sub_32/U2_2/CO (ADDFX2M)             0.33       3.38 f
  U_Execute/alu_unit/sub_32/U2_3/S (ADDFX2M)              0.30       3.68 r
  U_Execute/alu_unit/sub_32/DIFF[3] (ALU_DW01_sub_0)      0.00       3.68 r
  U_Execute/alu_unit/U50/Y (AOI22X1M)                     0.09       3.77 f
  U_Execute/alu_unit/U48/Y (NAND4X2M)                     0.10       3.87 r
  U_Execute/alu_unit/Result[3] (ALU)                      0.00       3.87 r
  U_Execute/ALUResult[3] (ExecuteStage)                   0.00       3.87 r
  U_EX_MEM_Reg/alu_result_in[3] (EX_M_register)           0.00       3.87 r
  U_EX_MEM_Reg/alu_result_out_reg[3]/D (DFFRQX2M)         0.00       3.87 r
  data arrival time                                                  3.87

  clock clk (rise edge)                                  20.00      20.00
  clock network delay (ideal)                             0.00      20.00
  clock uncertainty                                      -0.25      19.75
  U_EX_MEM_Reg/alu_result_out_reg[3]/CK (DFFRQX2M)        0.00      19.75 r
  library setup time                                     -0.29      19.46
  data required time                                                19.46
  --------------------------------------------------------------------------
  data required time                                                19.46
  data arrival time                                                 -3.87
  --------------------------------------------------------------------------
  slack (MET)                                                       15.59


  Startpoint: U_EX_MEM_Reg/mem_R_addr_sel_out_reg[0]
              (rising edge-triggered flip-flop clocked by clk)
  Endpoint: U_MEM_WB_Reg/m_out_out_reg[7]
            (rising edge-triggered flip-flop clocked by clk)
  Path Group: clk
  Path Type: max

  Point                                                   Incr       Path
  --------------------------------------------------------------------------
  clock clk (rise edge)                                   0.00       0.00
  clock network delay (ideal)                             0.00       0.00
  U_EX_MEM_Reg/mem_R_addr_sel_out_reg[0]/CK (DFFRQX2M)
                                                          0.00 #     0.00 r
  U_EX_MEM_Reg/mem_R_addr_sel_out_reg[0]/Q (DFFRQX2M)     0.50       0.50 f
  U_EX_MEM_Reg/mem_R_addr_sel_out[0] (EX_M_register)      0.00       0.50 f
  U_Memory/mem_R_addr_sel[0] (MemoryStage)                0.00       0.50 f
  U_Memory/U2648/Y (INVX2M)                               0.08       0.58 r
  U_Memory/U2029/Y (NAND2X2M)                             0.15       0.73 f
  U_Memory/U1296/Y (OAI222X1M)                            0.32       1.05 r
  U_Memory/U1110/Y (BUFX2M)                               0.18       1.23 r
  U_Memory/U377/Y (BUFX2M)                                0.13       1.36 r
  U_Memory/U295/Y (BUFX2M)                                0.11       1.47 r
  U_Memory/U194/Y (BUFX2M)                                0.79       2.27 r
  U_Memory/U2384/Y (MX4X1M)                               0.49       2.76 f
  U_Memory/U2512/Y (MX4X1M)                               0.36       3.11 f
  U_Memory/U1359/Y (MX4X1M)                               0.36       3.47 f
  U_Memory/U1331/Y (MX4X1M)                               0.34       3.80 f
  U_Memory/m_out[7] (MemoryStage)                         0.00       3.80 f
  U_MEM_WB_Reg/m_out_in[7] (MEM_WB_Register)              0.00       3.80 f
  U_MEM_WB_Reg/m_out_out_reg[7]/D (DFFRQX2M)              0.00       3.80 f
  data arrival time                                                  3.80

  clock clk (rise edge)                                  20.00      20.00
  clock network delay (ideal)                             0.00      20.00
  clock uncertainty                                      -0.25      19.75
  U_MEM_WB_Reg/m_out_out_reg[7]/CK (DFFRQX2M)             0.00      19.75 r
  library setup time                                     -0.14      19.61
  data required time                                                19.61
  --------------------------------------------------------------------------
  data required time                                                19.61
  data arrival time                                                 -3.80
  --------------------------------------------------------------------------
  slack (MET)                                                       15.80


  Startpoint: U_EX_MEM_Reg/mem_R_addr_sel_out_reg[0]
              (rising edge-triggered flip-flop clocked by clk)
  Endpoint: U_MEM_WB_Reg/m_out_out_reg[6]
            (rising edge-triggered flip-flop clocked by clk)
  Path Group: clk
  Path Type: max

  Point                                                   Incr       Path
  --------------------------------------------------------------------------
  clock clk (rise edge)                                   0.00       0.00
  clock network delay (ideal)                             0.00       0.00
  U_EX_MEM_Reg/mem_R_addr_sel_out_reg[0]/CK (DFFRQX2M)
                                                          0.00 #     0.00 r
  U_EX_MEM_Reg/mem_R_addr_sel_out_reg[0]/Q (DFFRQX2M)     0.50       0.50 f
  U_EX_MEM_Reg/mem_R_addr_sel_out[0] (EX_M_register)      0.00       0.50 f
  U_Memory/mem_R_addr_sel[0] (MemoryStage)                0.00       0.50 f
  U_Memory/U2648/Y (INVX2M)                               0.08       0.58 r
  U_Memory/U2029/Y (NAND2X2M)                             0.15       0.73 f
  U_Memory/U1296/Y (OAI222X1M)                            0.32       1.05 r
  U_Memory/U1110/Y (BUFX2M)                               0.18       1.23 r
  U_Memory/U376/Y (BUFX2M)                                0.13       1.36 r
  U_Memory/U293/Y (BUFX2M)                                0.11       1.47 r
  U_Memory/U189/Y (BUFX2M)                                0.79       2.27 r
  U_Memory/U2367/Y (MX4X1M)                               0.49       2.76 f
  U_Memory/U2496/Y (MX4X1M)                               0.36       3.11 f
  U_Memory/U1355/Y (MX4X1M)                               0.36       3.47 f
  U_Memory/U1327/Y (MX4X1M)                               0.34       3.80 f
  U_Memory/m_out[6] (MemoryStage)                         0.00       3.80 f
  U_MEM_WB_Reg/m_out_in[6] (MEM_WB_Register)              0.00       3.80 f
  U_MEM_WB_Reg/m_out_out_reg[6]/D (DFFRQX2M)              0.00       3.80 f
  data arrival time                                                  3.80

  clock clk (rise edge)                                  20.00      20.00
  clock network delay (ideal)                             0.00      20.00
  clock uncertainty                                      -0.25      19.75
  U_MEM_WB_Reg/m_out_out_reg[6]/CK (DFFRQX2M)             0.00      19.75 r
  library setup time                                     -0.14      19.61
  data required time                                                19.61
  --------------------------------------------------------------------------
  data required time                                                19.61
  data arrival time                                                 -3.80
  --------------------------------------------------------------------------
  slack (MET)                                                       15.80


  Startpoint: U_EX_MEM_Reg/mem_R_addr_sel_out_reg[0]
              (rising edge-triggered flip-flop clocked by clk)
  Endpoint: U_MEM_WB_Reg/m_out_out_reg[5]
            (rising edge-triggered flip-flop clocked by clk)
  Path Group: clk
  Path Type: max

  Point                                                   Incr       Path
  --------------------------------------------------------------------------
  clock clk (rise edge)                                   0.00       0.00
  clock network delay (ideal)                             0.00       0.00
  U_EX_MEM_Reg/mem_R_addr_sel_out_reg[0]/CK (DFFRQX2M)
                                                          0.00 #     0.00 r
  U_EX_MEM_Reg/mem_R_addr_sel_out_reg[0]/Q (DFFRQX2M)     0.50       0.50 f
  U_EX_MEM_Reg/mem_R_addr_sel_out[0] (EX_M_register)      0.00       0.50 f
  U_Memory/mem_R_addr_sel[0] (MemoryStage)                0.00       0.50 f
  U_Memory/U2648/Y (INVX2M)                               0.08       0.58 r
  U_Memory/U2029/Y (NAND2X2M)                             0.15       0.73 f
  U_Memory/U1296/Y (OAI222X1M)                            0.32       1.05 r
  U_Memory/U1110/Y (BUFX2M)                               0.18       1.23 r
  U_Memory/U376/Y (BUFX2M)                                0.13       1.36 r
  U_Memory/U290/Y (BUFX2M)                                0.11       1.47 r
  U_Memory/U184/Y (BUFX2M)                                0.79       2.27 r
  U_Memory/U2351/Y (MX4X1M)                               0.49       2.76 f
  U_Memory/U2480/Y (MX4X1M)                               0.36       3.11 f
  U_Memory/U1351/Y (MX4X1M)                               0.36       3.47 f
  U_Memory/U1323/Y (MX4X1M)                               0.34       3.80 f
  U_Memory/m_out[5] (MemoryStage)                         0.00       3.80 f
  U_MEM_WB_Reg/m_out_in[5] (MEM_WB_Register)              0.00       3.80 f
  U_MEM_WB_Reg/m_out_out_reg[5]/D (DFFRQX2M)              0.00       3.80 f
  data arrival time                                                  3.80

  clock clk (rise edge)                                  20.00      20.00
  clock network delay (ideal)                             0.00      20.00
  clock uncertainty                                      -0.25      19.75
  U_MEM_WB_Reg/m_out_out_reg[5]/CK (DFFRQX2M)             0.00      19.75 r
  library setup time                                     -0.14      19.61
  data required time                                                19.61
  --------------------------------------------------------------------------
  data required time                                                19.61
  data arrival time                                                 -3.80
  --------------------------------------------------------------------------
  slack (MET)                                                       15.80


  Startpoint: U_EX_MEM_Reg/mem_R_addr_sel_out_reg[0]
              (rising edge-triggered flip-flop clocked by clk)
  Endpoint: U_MEM_WB_Reg/m_out_out_reg[4]
            (rising edge-triggered flip-flop clocked by clk)
  Path Group: clk
  Path Type: max

  Point                                                   Incr       Path
  --------------------------------------------------------------------------
  clock clk (rise edge)                                   0.00       0.00
  clock network delay (ideal)                             0.00       0.00
  U_EX_MEM_Reg/mem_R_addr_sel_out_reg[0]/CK (DFFRQX2M)
                                                          0.00 #     0.00 r
  U_EX_MEM_Reg/mem_R_addr_sel_out_reg[0]/Q (DFFRQX2M)     0.50       0.50 f
  U_EX_MEM_Reg/mem_R_addr_sel_out[0] (EX_M_register)      0.00       0.50 f
  U_Memory/mem_R_addr_sel[0] (MemoryStage)                0.00       0.50 f
  U_Memory/U2648/Y (INVX2M)                               0.08       0.58 r
  U_Memory/U2029/Y (NAND2X2M)                             0.15       0.73 f
  U_Memory/U1296/Y (OAI222X1M)                            0.32       1.05 r
  U_Memory/U1110/Y (BUFX2M)                               0.18       1.23 r
  U_Memory/U375/Y (BUFX2M)                                0.13       1.36 r
  U_Memory/U288/Y (BUFX2M)                                0.11       1.47 r
  U_Memory/U179/Y (BUFX2M)                                0.79       2.27 r
  U_Memory/U2335/Y (MX4X1M)                               0.49       2.76 f
  U_Memory/U2464/Y (MX4X1M)                               0.36       3.11 f
  U_Memory/U1347/Y (MX4X1M)                               0.36       3.47 f
  U_Memory/U1319/Y (MX4X1M)                               0.34       3.80 f
  U_Memory/m_out[4] (MemoryStage)                         0.00       3.80 f
  U_MEM_WB_Reg/m_out_in[4] (MEM_WB_Register)              0.00       3.80 f
  U_MEM_WB_Reg/m_out_out_reg[4]/D (DFFRQX2M)              0.00       3.80 f
  data arrival time                                                  3.80

  clock clk (rise edge)                                  20.00      20.00
  clock network delay (ideal)                             0.00      20.00
  clock uncertainty                                      -0.25      19.75
  U_MEM_WB_Reg/m_out_out_reg[4]/CK (DFFRQX2M)             0.00      19.75 r
  library setup time                                     -0.14      19.61
  data required time                                                19.61
  --------------------------------------------------------------------------
  data required time                                                19.61
  data arrival time                                                 -3.80
  --------------------------------------------------------------------------
  slack (MET)                                                       15.80


  Startpoint: U_EX_MEM_Reg/mem_R_addr_sel_out_reg[0]
              (rising edge-triggered flip-flop clocked by clk)
  Endpoint: U_MEM_WB_Reg/m_out_out_reg[3]
            (rising edge-triggered flip-flop clocked by clk)
  Path Group: clk
  Path Type: max

  Point                                                   Incr       Path
  --------------------------------------------------------------------------
  clock clk (rise edge)                                   0.00       0.00
  clock network delay (ideal)                             0.00       0.00
  U_EX_MEM_Reg/mem_R_addr_sel_out_reg[0]/CK (DFFRQX2M)
                                                          0.00 #     0.00 r
  U_EX_MEM_Reg/mem_R_addr_sel_out_reg[0]/Q (DFFRQX2M)     0.50       0.50 f
  U_EX_MEM_Reg/mem_R_addr_sel_out[0] (EX_M_register)      0.00       0.50 f
  U_Memory/mem_R_addr_sel[0] (MemoryStage)                0.00       0.50 f
  U_Memory/U2648/Y (INVX2M)                               0.08       0.58 r
  U_Memory/U2029/Y (NAND2X2M)                             0.15       0.73 f
  U_Memory/U1296/Y (OAI222X1M)                            0.32       1.05 r
  U_Memory/U1110/Y (BUFX2M)                               0.18       1.23 r
  U_Memory/U375/Y (BUFX2M)                                0.13       1.36 r
  U_Memory/U286/Y (BUFX2M)                                0.11       1.47 r
  U_Memory/U176/Y (BUFX2M)                                0.79       2.27 r
  U_Memory/U2320/Y (MX4X1M)                               0.49       2.76 f
  U_Memory/U1346/Y (MX4X1M)                               0.36       3.11 f
  U_Memory/U1343/Y (MX4X1M)                               0.34       3.46 f
  U_Memory/U1315/Y (MX4X1M)                               0.34       3.79 f
  U_Memory/m_out[3] (MemoryStage)                         0.00       3.79 f
  U_MEM_WB_Reg/m_out_in[3] (MEM_WB_Register)              0.00       3.79 f
  U_MEM_WB_Reg/m_out_out_reg[3]/D (DFFRQX2M)              0.00       3.79 f
  data arrival time                                                  3.79

  clock clk (rise edge)                                  20.00      20.00
  clock network delay (ideal)                             0.00      20.00
  clock uncertainty                                      -0.25      19.75
  U_MEM_WB_Reg/m_out_out_reg[3]/CK (DFFRQX2M)             0.00      19.75 r
  library setup time                                     -0.14      19.61
  data required time                                                19.61
  --------------------------------------------------------------------------
  data required time                                                19.61
  data arrival time                                                 -3.79
  --------------------------------------------------------------------------
  slack (MET)                                                       15.82


  Startpoint: U_EX_MEM_Reg/mem_R_addr_sel_out_reg[0]
              (rising edge-triggered flip-flop clocked by clk)
  Endpoint: U_MEM_WB_Reg/m_out_out_reg[2]
            (rising edge-triggered flip-flop clocked by clk)
  Path Group: clk
  Path Type: max

  Point                                                   Incr       Path
  --------------------------------------------------------------------------
  clock clk (rise edge)                                   0.00       0.00
  clock network delay (ideal)                             0.00       0.00
  U_EX_MEM_Reg/mem_R_addr_sel_out_reg[0]/CK (DFFRQX2M)
                                                          0.00 #     0.00 r
  U_EX_MEM_Reg/mem_R_addr_sel_out_reg[0]/Q (DFFRQX2M)     0.50       0.50 f
  U_EX_MEM_Reg/mem_R_addr_sel_out[0] (EX_M_register)      0.00       0.50 f
  U_Memory/mem_R_addr_sel[0] (MemoryStage)                0.00       0.50 f
  U_Memory/U2648/Y (INVX2M)                               0.08       0.58 r
  U_Memory/U2029/Y (NAND2X2M)                             0.15       0.73 f
  U_Memory/U1296/Y (OAI222X1M)                            0.32       1.05 r
  U_Memory/U1112/Y (BUFX2M)                               0.17       1.22 r
  U_Memory/U379/Y (BUFX2M)                                0.13       1.35 r
  U_Memory/U283/Y (BUFX2M)                                0.11       1.46 r
  U_Memory/U169/Y (BUFX2M)                                0.79       2.25 r
  U_Memory/U2303/Y (MX4X1M)                               0.49       2.74 f
  U_Memory/U2432/Y (MX4X1M)                               0.36       3.10 f
  U_Memory/U1339/Y (MX4X1M)                               0.36       3.45 f
  U_Memory/U1311/Y (MX4X1M)                               0.34       3.79 f
  U_Memory/m_out[2] (MemoryStage)                         0.00       3.79 f
  U_MEM_WB_Reg/m_out_in[2] (MEM_WB_Register)              0.00       3.79 f
  U_MEM_WB_Reg/m_out_out_reg[2]/D (DFFRQX2M)              0.00       3.79 f
  data arrival time                                                  3.79

  clock clk (rise edge)                                  20.00      20.00
  clock network delay (ideal)                             0.00      20.00
  clock uncertainty                                      -0.25      19.75
  U_MEM_WB_Reg/m_out_out_reg[2]/CK (DFFRQX2M)             0.00      19.75 r
  library setup time                                     -0.14      19.61
  data required time                                                19.61
  --------------------------------------------------------------------------
  data required time                                                19.61
  data arrival time                                                 -3.79
  --------------------------------------------------------------------------
  slack (MET)                                                       15.82


  Startpoint: U_EX_MEM_Reg/mem_R_addr_sel_out_reg[0]
              (rising edge-triggered flip-flop clocked by clk)
  Endpoint: U_MEM_WB_Reg/m_out_out_reg[1]
            (rising edge-triggered flip-flop clocked by clk)
  Path Group: clk
  Path Type: max

  Point                                                   Incr       Path
  --------------------------------------------------------------------------
  clock clk (rise edge)                                   0.00       0.00
  clock network delay (ideal)                             0.00       0.00
  U_EX_MEM_Reg/mem_R_addr_sel_out_reg[0]/CK (DFFRQX2M)
                                                          0.00 #     0.00 r
  U_EX_MEM_Reg/mem_R_addr_sel_out_reg[0]/Q (DFFRQX2M)     0.50       0.50 f
  U_EX_MEM_Reg/mem_R_addr_sel_out[0] (EX_M_register)      0.00       0.50 f
  U_Memory/mem_R_addr_sel[0] (MemoryStage)                0.00       0.50 f
  U_Memory/U2648/Y (INVX2M)                               0.08       0.58 r
  U_Memory/U2029/Y (NAND2X2M)                             0.15       0.73 f
  U_Memory/U1296/Y (OAI222X1M)                            0.32       1.05 r
  U_Memory/U1112/Y (BUFX2M)                               0.17       1.22 r
  U_Memory/U378/Y (BUFX2M)                                0.13       1.35 r
  U_Memory/U280/Y (BUFX2M)                                0.11       1.46 r
  U_Memory/U164/Y (BUFX2M)                                0.79       2.25 r
  U_Memory/U2287/Y (MX4X1M)                               0.49       2.74 f
  U_Memory/U2416/Y (MX4X1M)                               0.36       3.10 f
  U_Memory/U1335/Y (MX4X1M)                               0.36       3.45 f
  U_Memory/U1307/Y (MX4X1M)                               0.34       3.79 f
  U_Memory/m_out[1] (MemoryStage)                         0.00       3.79 f
  U_MEM_WB_Reg/m_out_in[1] (MEM_WB_Register)              0.00       3.79 f
  U_MEM_WB_Reg/m_out_out_reg[1]/D (DFFRQX2M)              0.00       3.79 f
  data arrival time                                                  3.79

  clock clk (rise edge)                                  20.00      20.00
  clock network delay (ideal)                             0.00      20.00
  clock uncertainty                                      -0.25      19.75
  U_MEM_WB_Reg/m_out_out_reg[1]/CK (DFFRQX2M)             0.00      19.75 r
  library setup time                                     -0.14      19.61
  data required time                                                19.61
  --------------------------------------------------------------------------
  data required time                                                19.61
  data arrival time                                                 -3.79
  --------------------------------------------------------------------------
  slack (MET)                                                       15.82


  Startpoint: U_EX_MEM_Reg/mem_R_addr_sel_out_reg[0]
              (rising edge-triggered flip-flop clocked by clk)
  Endpoint: U_MEM_WB_Reg/m_out_out_reg[0]
            (rising edge-triggered flip-flop clocked by clk)
  Path Group: clk
  Path Type: max

  Point                                                   Incr       Path
  --------------------------------------------------------------------------
  clock clk (rise edge)                                   0.00       0.00
  clock network delay (ideal)                             0.00       0.00
  U_EX_MEM_Reg/mem_R_addr_sel_out_reg[0]/CK (DFFRQX2M)
                                                          0.00 #     0.00 r
  U_EX_MEM_Reg/mem_R_addr_sel_out_reg[0]/Q (DFFRQX2M)     0.50       0.50 f
  U_EX_MEM_Reg/mem_R_addr_sel_out[0] (EX_M_register)      0.00       0.50 f
  U_Memory/mem_R_addr_sel[0] (MemoryStage)                0.00       0.50 f
  U_Memory/U2648/Y (INVX2M)                               0.08       0.58 r
  U_Memory/U2029/Y (NAND2X2M)                             0.15       0.73 f
  U_Memory/U1296/Y (OAI222X1M)                            0.32       1.05 r
  U_Memory/U1112/Y (BUFX2M)                               0.17       1.22 r
  U_Memory/U378/Y (BUFX2M)                                0.13       1.35 r
  U_Memory/U298/Y (BUFX2M)                                0.11       1.46 r
  U_Memory/U160/Y (BUFX2M)                                0.79       2.25 r
  U_Memory/U2276/Y (MX4X1M)                               0.49       2.74 f
  U_Memory/U2176/Y (MX4X1M)                               0.36       3.10 f
  U_Memory/U1306/Y (MX4X1M)                               0.34       3.44 f
  U_Memory/U1303/Y (MX4X1M)                               0.34       3.78 f
  U_Memory/m_out[0] (MemoryStage)                         0.00       3.78 f
  U_MEM_WB_Reg/m_out_in[0] (MEM_WB_Register)              0.00       3.78 f
  U_MEM_WB_Reg/m_out_out_reg[0]/D (DFFRQX2M)              0.00       3.78 f
  data arrival time                                                  3.78

  clock clk (rise edge)                                  20.00      20.00
  clock network delay (ideal)                             0.00      20.00
  clock uncertainty                                      -0.25      19.75
  U_MEM_WB_Reg/m_out_out_reg[0]/CK (DFFRQX2M)             0.00      19.75 r
  library setup time                                     -0.14      19.61
  data required time                                                19.61
  --------------------------------------------------------------------------
  data required time                                                19.61
  data arrival time                                                 -3.78
  --------------------------------------------------------------------------
  slack (MET)                                                       15.83


  Startpoint: U_EX_MEM_Reg/Sel_WriteAddr_out_reg[1]
              (rising edge-triggered flip-flop clocked by clk)
  Endpoint: U_EX_MEM_Reg/alu_result_out_reg[2]
            (rising edge-triggered flip-flop clocked by clk)
  Path Group: clk
  Path Type: max

  Point                                                   Incr       Path
  --------------------------------------------------------------------------
  clock clk (rise edge)                                   0.00       0.00
  clock network delay (ideal)                             0.00       0.00
  U_EX_MEM_Reg/Sel_WriteAddr_out_reg[1]/CK (DFFRQX2M)     0.00 #     0.00 r
  U_EX_MEM_Reg/Sel_WriteAddr_out_reg[1]/Q (DFFRQX2M)      0.49       0.49 f
  U_EX_MEM_Reg/Sel_WriteAddr_out[1] (EX_M_register)       0.00       0.49 f
  U123/Y (NOR2BX2M)                                       0.15       0.64 r
  U91/Y (INVX2M)                                          0.06       0.70 f
  U126/Y (AO22X1M)                                        0.39       1.09 f
  U_Forwarding_Unit/EX_MEM_Dest[0] (forwarding_unit)      0.00       1.09 f
  U_Forwarding_Unit/U10/Y (XNOR2X2M)                      0.14       1.23 f
  U_Forwarding_Unit/U8/Y (AND3X2M)                        0.26       1.49 f
  U_Forwarding_Unit/U11/Y (NOR4X1M)                       0.25       1.74 r
  U_Forwarding_Unit/forward_A[0] (forwarding_unit)        0.00       1.74 r
  U96/Y (INVX2M)                                          0.10       1.85 f
  U93/Y (NOR2X2M)                                         0.27       2.12 r
  U111/Y (AOI22X1M)                                       0.19       2.31 f
  U110/Y (OAI21X2M)                                       0.09       2.39 r
  U_Execute/A[1] (ExecuteStage)                           0.00       2.39 r
  U_Execute/alu_unit/A[1] (ALU)                           0.00       2.39 r
  U_Execute/alu_unit/U92/Y (BUFX2M)                       0.22       2.61 r
  U_Execute/alu_unit/add_27/A[1] (ALU_DW01_add_0)         0.00       2.61 r
  U_Execute/alu_unit/add_27/U1_1/CO (ADDFX2M)             0.51       3.12 r
  U_Execute/alu_unit/add_27/U1_2/S (ADDFX2M)              0.26       3.38 f
  U_Execute/alu_unit/add_27/SUM[2] (ALU_DW01_add_0)       0.00       3.38 f
  U_Execute/alu_unit/U46/Y (AOI22X1M)                     0.21       3.59 r
  U_Execute/alu_unit/U44/Y (NAND4X2M)                     0.13       3.72 f
  U_Execute/alu_unit/Result[2] (ALU)                      0.00       3.72 f
  U_Execute/ALUResult[2] (ExecuteStage)                   0.00       3.72 f
  U_EX_MEM_Reg/alu_result_in[2] (EX_M_register)           0.00       3.72 f
  U_EX_MEM_Reg/alu_result_out_reg[2]/D (DFFRQX2M)         0.00       3.72 f
  data arrival time                                                  3.72

  clock clk (rise edge)                                  20.00      20.00
  clock network delay (ideal)                             0.00      20.00
  clock uncertainty                                      -0.25      19.75
  U_EX_MEM_Reg/alu_result_out_reg[2]/CK (DFFRQX2M)        0.00      19.75 r
  library setup time                                     -0.16      19.59
  data required time                                                19.59
  --------------------------------------------------------------------------
  data required time                                                19.59
  data arrival time                                                 -3.72
  --------------------------------------------------------------------------
  slack (MET)                                                       15.87


  Startpoint: U_EX_MEM_Reg/Sel_WriteAddr_out_reg[1]
              (rising edge-triggered flip-flop clocked by clk)
  Endpoint: U_EX_MEM_Reg/alu_result_out_reg[1]
            (rising edge-triggered flip-flop clocked by clk)
  Path Group: clk
  Path Type: max

  Point                                                   Incr       Path
  --------------------------------------------------------------------------
  clock clk (rise edge)                                   0.00       0.00
  clock network delay (ideal)                             0.00       0.00
  U_EX_MEM_Reg/Sel_WriteAddr_out_reg[1]/CK (DFFRQX2M)     0.00 #     0.00 r
  U_EX_MEM_Reg/Sel_WriteAddr_out_reg[1]/Q (DFFRQX2M)      0.49       0.49 f
  U_EX_MEM_Reg/Sel_WriteAddr_out[1] (EX_M_register)       0.00       0.49 f
  U123/Y (NOR2BX2M)                                       0.15       0.64 r
  U91/Y (INVX2M)                                          0.06       0.70 f
  U126/Y (AO22X1M)                                        0.39       1.09 f
  U_Forwarding_Unit/EX_MEM_Dest[0] (forwarding_unit)      0.00       1.09 f
  U_Forwarding_Unit/U10/Y (XNOR2X2M)                      0.14       1.23 f
  U_Forwarding_Unit/U8/Y (AND3X2M)                        0.26       1.49 f
  U_Forwarding_Unit/U11/Y (NOR4X1M)                       0.25       1.74 r
  U_Forwarding_Unit/forward_A[0] (forwarding_unit)        0.00       1.74 r
  U96/Y (INVX2M)                                          0.10       1.85 f
  U93/Y (NOR2X2M)                                         0.27       2.12 r
  U111/Y (AOI22X1M)                                       0.19       2.31 f
  U110/Y (OAI21X2M)                                       0.09       2.39 r
  U_Execute/A[1] (ExecuteStage)                           0.00       2.39 r
  U_Execute/alu_unit/A[1] (ALU)                           0.00       2.39 r
  U_Execute/alu_unit/U92/Y (BUFX2M)                       0.22       2.61 r
  U_Execute/alu_unit/add_27/A[1] (ALU_DW01_add_0)         0.00       2.61 r
  U_Execute/alu_unit/add_27/U1_1/S (ADDFX2M)              0.52       3.13 f
  U_Execute/alu_unit/add_27/SUM[1] (ALU_DW01_add_0)       0.00       3.13 f
  U_Execute/alu_unit/U70/Y (AOI22X1M)                     0.21       3.34 r
  U_Execute/alu_unit/U68/Y (NAND4X2M)                     0.13       3.47 f
  U_Execute/alu_unit/Result[1] (ALU)                      0.00       3.47 f
  U_Execute/ALUResult[1] (ExecuteStage)                   0.00       3.47 f
  U_EX_MEM_Reg/alu_result_in[1] (EX_M_register)           0.00       3.47 f
  U_EX_MEM_Reg/alu_result_out_reg[1]/D (DFFRQX2M)         0.00       3.47 f
  data arrival time                                                  3.47

  clock clk (rise edge)                                  20.00      20.00
  clock network delay (ideal)                             0.00      20.00
  clock uncertainty                                      -0.25      19.75
  U_EX_MEM_Reg/alu_result_out_reg[1]/CK (DFFRQX2M)        0.00      19.75 r
  library setup time                                     -0.16      19.59
  data required time                                                19.59
  --------------------------------------------------------------------------
  data required time                                                19.59
  data arrival time                                                 -3.47
  --------------------------------------------------------------------------
  slack (MET)                                                       16.12


  Startpoint: U_IF_ID_Reg/instruction_out_reg[2]
              (rising edge-triggered flip-flop clocked by clk)
  Endpoint: U_ID_EX_Reg/MEM_WB_regwrite_out_reg
            (rising edge-triggered flip-flop clocked by clk)
  Path Group: clk
  Path Type: max

  Point                                                   Incr       Path
  --------------------------------------------------------------------------
  clock clk (rise edge)                                   0.00       0.00
  clock network delay (ideal)                             0.00       0.00
  U_IF_ID_Reg/instruction_out_reg[2]/CK (DFFRQX2M)        0.00 #     0.00 r
  U_IF_ID_Reg/instruction_out_reg[2]/Q (DFFRQX2M)         0.93       0.93 r
  U_IF_ID_Reg/instruction_out[2] (IF_ID_register)         0.00       0.93 r
  U_Hazard_Detection_Unit/IF_ID_instruction[2] (hazard_detection_unit)
                                                          0.00       0.93 r
  U_Hazard_Detection_Unit/U18/Y (INVX2M)                  0.12       1.05 f
  U_Hazard_Detection_Unit/U10/Y (AOI32X1M)                0.21       1.27 r
  U_Hazard_Detection_Unit/U8/Y (OAI32X1M)                 0.14       1.41 f
  U_Hazard_Detection_Unit/U6/Y (AOI211X2M)                0.23       1.63 r
  U_Hazard_Detection_Unit/U13/Y (OAI33X2M)                0.15       1.78 f
  U_Hazard_Detection_Unit/U12/Y (NAND2X2M)                0.09       1.87 r
  U_Hazard_Detection_Unit/U3/Y (INVX2M)                   0.08       1.95 f
  U_Hazard_Detection_Unit/control_mux_sel (hazard_detection_unit)
                                                          0.00       1.95 f
  U_ID_EX_Reg/flush (ID_EX_register)                      0.00       1.95 f
  U_ID_EX_Reg/U3/Y (NOR2X4M)                              0.66       2.61 r
  U_ID_EX_Reg/U14/Y (NOR2X2M)                             0.14       2.76 f
  U_ID_EX_Reg/U11/Y (BUFX2M)                              0.18       2.94 f
  U_ID_EX_Reg/U9/Y (BUFX2M)                               0.18       3.13 f
  U_ID_EX_Reg/U53/Y (AO22X1M)                             0.35       3.47 f
  U_ID_EX_Reg/MEM_WB_regwrite_out_reg/D (DFFRQX2M)        0.00       3.47 f
  data arrival time                                                  3.47

  clock clk (rise edge)                                  20.00      20.00
  clock network delay (ideal)                             0.00      20.00
  clock uncertainty                                      -0.25      19.75
  U_ID_EX_Reg/MEM_WB_regwrite_out_reg/CK (DFFRQX2M)       0.00      19.75 r
  library setup time                                     -0.14      19.61
  data required time                                                19.61
  --------------------------------------------------------------------------
  data required time                                                19.61
  data arrival time                                                 -3.47
  --------------------------------------------------------------------------
  slack (MET)                                                       16.13


  Startpoint: U_IF_ID_Reg/instruction_out_reg[2]
              (rising edge-triggered flip-flop clocked by clk)
  Endpoint: U_ID_EX_Reg/out_port_en_out_reg
            (rising edge-triggered flip-flop clocked by clk)
  Path Group: clk
  Path Type: max

  Point                                                   Incr       Path
  --------------------------------------------------------------------------
  clock clk (rise edge)                                   0.00       0.00
  clock network delay (ideal)                             0.00       0.00
  U_IF_ID_Reg/instruction_out_reg[2]/CK (DFFRQX2M)        0.00 #     0.00 r
  U_IF_ID_Reg/instruction_out_reg[2]/Q (DFFRQX2M)         0.93       0.93 r
  U_IF_ID_Reg/instruction_out[2] (IF_ID_register)         0.00       0.93 r
  U_Hazard_Detection_Unit/IF_ID_instruction[2] (hazard_detection_unit)
                                                          0.00       0.93 r
  U_Hazard_Detection_Unit/U18/Y (INVX2M)                  0.12       1.05 f
  U_Hazard_Detection_Unit/U10/Y (AOI32X1M)                0.21       1.27 r
  U_Hazard_Detection_Unit/U8/Y (OAI32X1M)                 0.14       1.41 f
  U_Hazard_Detection_Unit/U6/Y (AOI211X2M)                0.23       1.63 r
  U_Hazard_Detection_Unit/U13/Y (OAI33X2M)                0.15       1.78 f
  U_Hazard_Detection_Unit/U12/Y (NAND2X2M)                0.09       1.87 r
  U_Hazard_Detection_Unit/U3/Y (INVX2M)                   0.08       1.95 f
  U_Hazard_Detection_Unit/control_mux_sel (hazard_detection_unit)
                                                          0.00       1.95 f
  U_ID_EX_Reg/flush (ID_EX_register)                      0.00       1.95 f
  U_ID_EX_Reg/U3/Y (NOR2X4M)                              0.66       2.61 r
  U_ID_EX_Reg/U14/Y (NOR2X2M)                             0.14       2.76 f
  U_ID_EX_Reg/U11/Y (BUFX2M)                              0.18       2.94 f
  U_ID_EX_Reg/U9/Y (BUFX2M)                               0.18       3.13 f
  U_ID_EX_Reg/U34/Y (AO22X1M)                             0.35       3.47 f
  U_ID_EX_Reg/out_port_en_out_reg/D (DFFRQX2M)            0.00       3.47 f
  data arrival time                                                  3.47

  clock clk (rise edge)                                  20.00      20.00
  clock network delay (ideal)                             0.00      20.00
  clock uncertainty                                      -0.25      19.75
  U_ID_EX_Reg/out_port_en_out_reg/CK (DFFRQX2M)           0.00      19.75 r
  library setup time                                     -0.14      19.61
  data required time                                                19.61
  --------------------------------------------------------------------------
  data required time                                                19.61
  data arrival time                                                 -3.47
  --------------------------------------------------------------------------
  slack (MET)                                                       16.13


  Startpoint: U_IF_ID_Reg/instruction_out_reg[2]
              (rising edge-triggered flip-flop clocked by clk)
  Endpoint: U_ID_EX_Reg/IR_out_reg[7]
            (rising edge-triggered flip-flop clocked by clk)
  Path Group: clk
  Path Type: max

  Point                                                   Incr       Path
  --------------------------------------------------------------------------
  clock clk (rise edge)                                   0.00       0.00
  clock network delay (ideal)                             0.00       0.00
  U_IF_ID_Reg/instruction_out_reg[2]/CK (DFFRQX2M)        0.00 #     0.00 r
  U_IF_ID_Reg/instruction_out_reg[2]/Q (DFFRQX2M)         0.93       0.93 r
  U_IF_ID_Reg/instruction_out[2] (IF_ID_register)         0.00       0.93 r
  U_Hazard_Detection_Unit/IF_ID_instruction[2] (hazard_detection_unit)
                                                          0.00       0.93 r
  U_Hazard_Detection_Unit/U18/Y (INVX2M)                  0.12       1.05 f
  U_Hazard_Detection_Unit/U10/Y (AOI32X1M)                0.21       1.27 r
  U_Hazard_Detection_Unit/U8/Y (OAI32X1M)                 0.14       1.41 f
  U_Hazard_Detection_Unit/U6/Y (AOI211X2M)                0.23       1.63 r
  U_Hazard_Detection_Unit/U13/Y (OAI33X2M)                0.15       1.78 f
  U_Hazard_Detection_Unit/U12/Y (NAND2X2M)                0.09       1.87 r
  U_Hazard_Detection_Unit/U3/Y (INVX2M)                   0.08       1.95 f
  U_Hazard_Detection_Unit/control_mux_sel (hazard_detection_unit)
                                                          0.00       1.95 f
  U_ID_EX_Reg/flush (ID_EX_register)                      0.00       1.95 f
  U_ID_EX_Reg/U3/Y (NOR2X4M)                              0.66       2.61 r
  U_ID_EX_Reg/U14/Y (NOR2X2M)                             0.14       2.76 f
  U_ID_EX_Reg/U11/Y (BUFX2M)                              0.18       2.94 f
  U_ID_EX_Reg/U9/Y (BUFX2M)                               0.18       3.13 f
  U_ID_EX_Reg/U88/Y (AO22X1M)                             0.35       3.47 f
  U_ID_EX_Reg/IR_out_reg[7]/D (DFFRQX2M)                  0.00       3.47 f
  data arrival time                                                  3.47

  clock clk (rise edge)                                  20.00      20.00
  clock network delay (ideal)                             0.00      20.00
  clock uncertainty                                      -0.25      19.75
  U_ID_EX_Reg/IR_out_reg[7]/CK (DFFRQX2M)                 0.00      19.75 r
  library setup time                                     -0.14      19.61
  data required time                                                19.61
  --------------------------------------------------------------------------
  data required time                                                19.61
  data arrival time                                                 -3.47
  --------------------------------------------------------------------------
  slack (MET)                                                       16.13


  Startpoint: U_IF_ID_Reg/instruction_out_reg[2]
              (rising edge-triggered flip-flop clocked by clk)
  Endpoint: U_ID_EX_Reg/IR_out_reg[6]
            (rising edge-triggered flip-flop clocked by clk)
  Path Group: clk
  Path Type: max

  Point                                                   Incr       Path
  --------------------------------------------------------------------------
  clock clk (rise edge)                                   0.00       0.00
  clock network delay (ideal)                             0.00       0.00
  U_IF_ID_Reg/instruction_out_reg[2]/CK (DFFRQX2M)        0.00 #     0.00 r
  U_IF_ID_Reg/instruction_out_reg[2]/Q (DFFRQX2M)         0.93       0.93 r
  U_IF_ID_Reg/instruction_out[2] (IF_ID_register)         0.00       0.93 r
  U_Hazard_Detection_Unit/IF_ID_instruction[2] (hazard_detection_unit)
                                                          0.00       0.93 r
  U_Hazard_Detection_Unit/U18/Y (INVX2M)                  0.12       1.05 f
  U_Hazard_Detection_Unit/U10/Y (AOI32X1M)                0.21       1.27 r
  U_Hazard_Detection_Unit/U8/Y (OAI32X1M)                 0.14       1.41 f
  U_Hazard_Detection_Unit/U6/Y (AOI211X2M)                0.23       1.63 r
  U_Hazard_Detection_Unit/U13/Y (OAI33X2M)                0.15       1.78 f
  U_Hazard_Detection_Unit/U12/Y (NAND2X2M)                0.09       1.87 r
  U_Hazard_Detection_Unit/U3/Y (INVX2M)                   0.08       1.95 f
  U_Hazard_Detection_Unit/control_mux_sel (hazard_detection_unit)
                                                          0.00       1.95 f
  U_ID_EX_Reg/flush (ID_EX_register)                      0.00       1.95 f
  U_ID_EX_Reg/U3/Y (NOR2X4M)                              0.66       2.61 r
  U_ID_EX_Reg/U14/Y (NOR2X2M)                             0.14       2.76 f
  U_ID_EX_Reg/U11/Y (BUFX2M)                              0.18       2.94 f
  U_ID_EX_Reg/U9/Y (BUFX2M)                               0.18       3.13 f
  U_ID_EX_Reg/U87/Y (AO22X1M)                             0.35       3.47 f
  U_ID_EX_Reg/IR_out_reg[6]/D (DFFRQX2M)                  0.00       3.47 f
  data arrival time                                                  3.47

  clock clk (rise edge)                                  20.00      20.00
  clock network delay (ideal)                             0.00      20.00
  clock uncertainty                                      -0.25      19.75
  U_ID_EX_Reg/IR_out_reg[6]/CK (DFFRQX2M)                 0.00      19.75 r
  library setup time                                     -0.14      19.61
  data required time                                                19.61
  --------------------------------------------------------------------------
  data required time                                                19.61
  data arrival time                                                 -3.47
  --------------------------------------------------------------------------
  slack (MET)                                                       16.13


  Startpoint: U_IF_ID_Reg/instruction_out_reg[2]
              (rising edge-triggered flip-flop clocked by clk)
  Endpoint: U_ID_EX_Reg/IR_out_reg[5]
            (rising edge-triggered flip-flop clocked by clk)
  Path Group: clk
  Path Type: max

  Point                                                   Incr       Path
  --------------------------------------------------------------------------
  clock clk (rise edge)                                   0.00       0.00
  clock network delay (ideal)                             0.00       0.00
  U_IF_ID_Reg/instruction_out_reg[2]/CK (DFFRQX2M)        0.00 #     0.00 r
  U_IF_ID_Reg/instruction_out_reg[2]/Q (DFFRQX2M)         0.93       0.93 r
  U_IF_ID_Reg/instruction_out[2] (IF_ID_register)         0.00       0.93 r
  U_Hazard_Detection_Unit/IF_ID_instruction[2] (hazard_detection_unit)
                                                          0.00       0.93 r
  U_Hazard_Detection_Unit/U18/Y (INVX2M)                  0.12       1.05 f
  U_Hazard_Detection_Unit/U10/Y (AOI32X1M)                0.21       1.27 r
  U_Hazard_Detection_Unit/U8/Y (OAI32X1M)                 0.14       1.41 f
  U_Hazard_Detection_Unit/U6/Y (AOI211X2M)                0.23       1.63 r
  U_Hazard_Detection_Unit/U13/Y (OAI33X2M)                0.15       1.78 f
  U_Hazard_Detection_Unit/U12/Y (NAND2X2M)                0.09       1.87 r
  U_Hazard_Detection_Unit/U3/Y (INVX2M)                   0.08       1.95 f
  U_Hazard_Detection_Unit/control_mux_sel (hazard_detection_unit)
                                                          0.00       1.95 f
  U_ID_EX_Reg/flush (ID_EX_register)                      0.00       1.95 f
  U_ID_EX_Reg/U3/Y (NOR2X4M)                              0.66       2.61 r
  U_ID_EX_Reg/U14/Y (NOR2X2M)                             0.14       2.76 f
  U_ID_EX_Reg/U11/Y (BUFX2M)                              0.18       2.94 f
  U_ID_EX_Reg/U9/Y (BUFX2M)                               0.18       3.13 f
  U_ID_EX_Reg/U86/Y (AO22X1M)                             0.35       3.47 f
  U_ID_EX_Reg/IR_out_reg[5]/D (DFFRQX2M)                  0.00       3.47 f
  data arrival time                                                  3.47

  clock clk (rise edge)                                  20.00      20.00
  clock network delay (ideal)                             0.00      20.00
  clock uncertainty                                      -0.25      19.75
  U_ID_EX_Reg/IR_out_reg[5]/CK (DFFRQX2M)                 0.00      19.75 r
  library setup time                                     -0.14      19.61
  data required time                                                19.61
  --------------------------------------------------------------------------
  data required time                                                19.61
  data arrival time                                                 -3.47
  --------------------------------------------------------------------------
  slack (MET)                                                       16.13


  Startpoint: U_IF_ID_Reg/instruction_out_reg[2]
              (rising edge-triggered flip-flop clocked by clk)
  Endpoint: U_ID_EX_Reg/IR_out_reg[4]
            (rising edge-triggered flip-flop clocked by clk)
  Path Group: clk
  Path Type: max

  Point                                                   Incr       Path
  --------------------------------------------------------------------------
  clock clk (rise edge)                                   0.00       0.00
  clock network delay (ideal)                             0.00       0.00
  U_IF_ID_Reg/instruction_out_reg[2]/CK (DFFRQX2M)        0.00 #     0.00 r
  U_IF_ID_Reg/instruction_out_reg[2]/Q (DFFRQX2M)         0.93       0.93 r
  U_IF_ID_Reg/instruction_out[2] (IF_ID_register)         0.00       0.93 r
  U_Hazard_Detection_Unit/IF_ID_instruction[2] (hazard_detection_unit)
                                                          0.00       0.93 r
  U_Hazard_Detection_Unit/U18/Y (INVX2M)                  0.12       1.05 f
  U_Hazard_Detection_Unit/U10/Y (AOI32X1M)                0.21       1.27 r
  U_Hazard_Detection_Unit/U8/Y (OAI32X1M)                 0.14       1.41 f
  U_Hazard_Detection_Unit/U6/Y (AOI211X2M)                0.23       1.63 r
  U_Hazard_Detection_Unit/U13/Y (OAI33X2M)                0.15       1.78 f
  U_Hazard_Detection_Unit/U12/Y (NAND2X2M)                0.09       1.87 r
  U_Hazard_Detection_Unit/U3/Y (INVX2M)                   0.08       1.95 f
  U_Hazard_Detection_Unit/control_mux_sel (hazard_detection_unit)
                                                          0.00       1.95 f
  U_ID_EX_Reg/flush (ID_EX_register)                      0.00       1.95 f
  U_ID_EX_Reg/U3/Y (NOR2X4M)                              0.66       2.61 r
  U_ID_EX_Reg/U14/Y (NOR2X2M)                             0.14       2.76 f
  U_ID_EX_Reg/U11/Y (BUFX2M)                              0.18       2.94 f
  U_ID_EX_Reg/U9/Y (BUFX2M)                               0.18       3.13 f
  U_ID_EX_Reg/U85/Y (AO22X1M)                             0.35       3.47 f
  U_ID_EX_Reg/IR_out_reg[4]/D (DFFRQX2M)                  0.00       3.47 f
  data arrival time                                                  3.47

  clock clk (rise edge)                                  20.00      20.00
  clock network delay (ideal)                             0.00      20.00
  clock uncertainty                                      -0.25      19.75
  U_ID_EX_Reg/IR_out_reg[4]/CK (DFFRQX2M)                 0.00      19.75 r
  library setup time                                     -0.14      19.61
  data required time                                                19.61
  --------------------------------------------------------------------------
  data required time                                                19.61
  data arrival time                                                 -3.47
  --------------------------------------------------------------------------
  slack (MET)                                                       16.13


  Startpoint: U_IF_ID_Reg/instruction_out_reg[2]
              (rising edge-triggered flip-flop clocked by clk)
  Endpoint: U_ID_EX_Reg/sp_out_reg[7]
            (rising edge-triggered flip-flop clocked by clk)
  Path Group: clk
  Path Type: max

  Point                                                   Incr       Path
  --------------------------------------------------------------------------
  clock clk (rise edge)                                   0.00       0.00
  clock network delay (ideal)                             0.00       0.00
  U_IF_ID_Reg/instruction_out_reg[2]/CK (DFFRQX2M)        0.00 #     0.00 r
  U_IF_ID_Reg/instruction_out_reg[2]/Q (DFFRQX2M)         0.93       0.93 r
  U_IF_ID_Reg/instruction_out[2] (IF_ID_register)         0.00       0.93 r
  U_Hazard_Detection_Unit/IF_ID_instruction[2] (hazard_detection_unit)
                                                          0.00       0.93 r
  U_Hazard_Detection_Unit/U18/Y (INVX2M)                  0.12       1.05 f
  U_Hazard_Detection_Unit/U10/Y (AOI32X1M)                0.21       1.27 r
  U_Hazard_Detection_Unit/U8/Y (OAI32X1M)                 0.14       1.41 f
  U_Hazard_Detection_Unit/U6/Y (AOI211X2M)                0.23       1.63 r
  U_Hazard_Detection_Unit/U13/Y (OAI33X2M)                0.15       1.78 f
  U_Hazard_Detection_Unit/U12/Y (NAND2X2M)                0.09       1.87 r
  U_Hazard_Detection_Unit/U3/Y (INVX2M)                   0.08       1.95 f
  U_Hazard_Detection_Unit/control_mux_sel (hazard_detection_unit)
                                                          0.00       1.95 f
  U_ID_EX_Reg/flush (ID_EX_register)                      0.00       1.95 f
  U_ID_EX_Reg/U3/Y (NOR2X4M)                              0.66       2.61 r
  U_ID_EX_Reg/U14/Y (NOR2X2M)                             0.14       2.76 f
  U_ID_EX_Reg/U11/Y (BUFX2M)                              0.18       2.94 f
  U_ID_EX_Reg/U7/Y (BUFX2M)                               0.18       3.13 f
  U_ID_EX_Reg/U15/Y (AO22X1M)                             0.35       3.47 f
  U_ID_EX_Reg/sp_out_reg[7]/D (DFFRQX2M)                  0.00       3.47 f
  data arrival time                                                  3.47

  clock clk (rise edge)                                  20.00      20.00
  clock network delay (ideal)                             0.00      20.00
  clock uncertainty                                      -0.25      19.75
  U_ID_EX_Reg/sp_out_reg[7]/CK (DFFRQX2M)                 0.00      19.75 r
  library setup time                                     -0.14      19.61
  data required time                                                19.61
  --------------------------------------------------------------------------
  data required time                                                19.61
  data arrival time                                                 -3.47
  --------------------------------------------------------------------------
  slack (MET)                                                       16.13


  Startpoint: U_IF_ID_Reg/instruction_out_reg[2]
              (rising edge-triggered flip-flop clocked by clk)
  Endpoint: U_ID_EX_Reg/sp_out_reg[6]
            (rising edge-triggered flip-flop clocked by clk)
  Path Group: clk
  Path Type: max

  Point                                                   Incr       Path
  --------------------------------------------------------------------------
  clock clk (rise edge)                                   0.00       0.00
  clock network delay (ideal)                             0.00       0.00
  U_IF_ID_Reg/instruction_out_reg[2]/CK (DFFRQX2M)        0.00 #     0.00 r
  U_IF_ID_Reg/instruction_out_reg[2]/Q (DFFRQX2M)         0.93       0.93 r
  U_IF_ID_Reg/instruction_out[2] (IF_ID_register)         0.00       0.93 r
  U_Hazard_Detection_Unit/IF_ID_instruction[2] (hazard_detection_unit)
                                                          0.00       0.93 r
  U_Hazard_Detection_Unit/U18/Y (INVX2M)                  0.12       1.05 f
  U_Hazard_Detection_Unit/U10/Y (AOI32X1M)                0.21       1.27 r
  U_Hazard_Detection_Unit/U8/Y (OAI32X1M)                 0.14       1.41 f
  U_Hazard_Detection_Unit/U6/Y (AOI211X2M)                0.23       1.63 r
  U_Hazard_Detection_Unit/U13/Y (OAI33X2M)                0.15       1.78 f
  U_Hazard_Detection_Unit/U12/Y (NAND2X2M)                0.09       1.87 r
  U_Hazard_Detection_Unit/U3/Y (INVX2M)                   0.08       1.95 f
  U_Hazard_Detection_Unit/control_mux_sel (hazard_detection_unit)
                                                          0.00       1.95 f
  U_ID_EX_Reg/flush (ID_EX_register)                      0.00       1.95 f
  U_ID_EX_Reg/U3/Y (NOR2X4M)                              0.66       2.61 r
  U_ID_EX_Reg/U14/Y (NOR2X2M)                             0.14       2.76 f
  U_ID_EX_Reg/U11/Y (BUFX2M)                              0.18       2.94 f
  U_ID_EX_Reg/U7/Y (BUFX2M)                               0.18       3.13 f
  U_ID_EX_Reg/U22/Y (AO22X1M)                             0.35       3.47 f
  U_ID_EX_Reg/sp_out_reg[6]/D (DFFRQX2M)                  0.00       3.47 f
  data arrival time                                                  3.47

  clock clk (rise edge)                                  20.00      20.00
  clock network delay (ideal)                             0.00      20.00
  clock uncertainty                                      -0.25      19.75
  U_ID_EX_Reg/sp_out_reg[6]/CK (DFFRQX2M)                 0.00      19.75 r
  library setup time                                     -0.14      19.61
  data required time                                                19.61
  --------------------------------------------------------------------------
  data required time                                                19.61
  data arrival time                                                 -3.47
  --------------------------------------------------------------------------
  slack (MET)                                                       16.13


  Startpoint: U_IF_ID_Reg/instruction_out_reg[2]
              (rising edge-triggered flip-flop clocked by clk)
  Endpoint: U_ID_EX_Reg/sp_out_reg[5]
            (rising edge-triggered flip-flop clocked by clk)
  Path Group: clk
  Path Type: max

  Point                                                   Incr       Path
  --------------------------------------------------------------------------
  clock clk (rise edge)                                   0.00       0.00
  clock network delay (ideal)                             0.00       0.00
  U_IF_ID_Reg/instruction_out_reg[2]/CK (DFFRQX2M)        0.00 #     0.00 r
  U_IF_ID_Reg/instruction_out_reg[2]/Q (DFFRQX2M)         0.93       0.93 r
  U_IF_ID_Reg/instruction_out[2] (IF_ID_register)         0.00       0.93 r
  U_Hazard_Detection_Unit/IF_ID_instruction[2] (hazard_detection_unit)
                                                          0.00       0.93 r
  U_Hazard_Detection_Unit/U18/Y (INVX2M)                  0.12       1.05 f
  U_Hazard_Detection_Unit/U10/Y (AOI32X1M)                0.21       1.27 r
  U_Hazard_Detection_Unit/U8/Y (OAI32X1M)                 0.14       1.41 f
  U_Hazard_Detection_Unit/U6/Y (AOI211X2M)                0.23       1.63 r
  U_Hazard_Detection_Unit/U13/Y (OAI33X2M)                0.15       1.78 f
  U_Hazard_Detection_Unit/U12/Y (NAND2X2M)                0.09       1.87 r
  U_Hazard_Detection_Unit/U3/Y (INVX2M)                   0.08       1.95 f
  U_Hazard_Detection_Unit/control_mux_sel (hazard_detection_unit)
                                                          0.00       1.95 f
  U_ID_EX_Reg/flush (ID_EX_register)                      0.00       1.95 f
  U_ID_EX_Reg/U3/Y (NOR2X4M)                              0.66       2.61 r
  U_ID_EX_Reg/U14/Y (NOR2X2M)                             0.14       2.76 f
  U_ID_EX_Reg/U11/Y (BUFX2M)                              0.18       2.94 f
  U_ID_EX_Reg/U7/Y (BUFX2M)                               0.18       3.13 f
  U_ID_EX_Reg/U21/Y (AO22X1M)                             0.35       3.47 f
  U_ID_EX_Reg/sp_out_reg[5]/D (DFFRQX2M)                  0.00       3.47 f
  data arrival time                                                  3.47

  clock clk (rise edge)                                  20.00      20.00
  clock network delay (ideal)                             0.00      20.00
  clock uncertainty                                      -0.25      19.75
  U_ID_EX_Reg/sp_out_reg[5]/CK (DFFRQX2M)                 0.00      19.75 r
  library setup time                                     -0.14      19.61
  data required time                                                19.61
  --------------------------------------------------------------------------
  data required time                                                19.61
  data arrival time                                                 -3.47
  --------------------------------------------------------------------------
  slack (MET)                                                       16.13


  Startpoint: U_IF_ID_Reg/instruction_out_reg[2]
              (rising edge-triggered flip-flop clocked by clk)
  Endpoint: U_ID_EX_Reg/sp_out_reg[4]
            (rising edge-triggered flip-flop clocked by clk)
  Path Group: clk
  Path Type: max

  Point                                                   Incr       Path
  --------------------------------------------------------------------------
  clock clk (rise edge)                                   0.00       0.00
  clock network delay (ideal)                             0.00       0.00
  U_IF_ID_Reg/instruction_out_reg[2]/CK (DFFRQX2M)        0.00 #     0.00 r
  U_IF_ID_Reg/instruction_out_reg[2]/Q (DFFRQX2M)         0.93       0.93 r
  U_IF_ID_Reg/instruction_out[2] (IF_ID_register)         0.00       0.93 r
  U_Hazard_Detection_Unit/IF_ID_instruction[2] (hazard_detection_unit)
                                                          0.00       0.93 r
  U_Hazard_Detection_Unit/U18/Y (INVX2M)                  0.12       1.05 f
  U_Hazard_Detection_Unit/U10/Y (AOI32X1M)                0.21       1.27 r
  U_Hazard_Detection_Unit/U8/Y (OAI32X1M)                 0.14       1.41 f
  U_Hazard_Detection_Unit/U6/Y (AOI211X2M)                0.23       1.63 r
  U_Hazard_Detection_Unit/U13/Y (OAI33X2M)                0.15       1.78 f
  U_Hazard_Detection_Unit/U12/Y (NAND2X2M)                0.09       1.87 r
  U_Hazard_Detection_Unit/U3/Y (INVX2M)                   0.08       1.95 f
  U_Hazard_Detection_Unit/control_mux_sel (hazard_detection_unit)
                                                          0.00       1.95 f
  U_ID_EX_Reg/flush (ID_EX_register)                      0.00       1.95 f
  U_ID_EX_Reg/U3/Y (NOR2X4M)                              0.66       2.61 r
  U_ID_EX_Reg/U14/Y (NOR2X2M)                             0.14       2.76 f
  U_ID_EX_Reg/U11/Y (BUFX2M)                              0.18       2.94 f
  U_ID_EX_Reg/U7/Y (BUFX2M)                               0.18       3.13 f
  U_ID_EX_Reg/U20/Y (AO22X1M)                             0.35       3.47 f
  U_ID_EX_Reg/sp_out_reg[4]/D (DFFRQX2M)                  0.00       3.47 f
  data arrival time                                                  3.47

  clock clk (rise edge)                                  20.00      20.00
  clock network delay (ideal)                             0.00      20.00
  clock uncertainty                                      -0.25      19.75
  U_ID_EX_Reg/sp_out_reg[4]/CK (DFFRQX2M)                 0.00      19.75 r
  library setup time                                     -0.14      19.61
  data required time                                                19.61
  --------------------------------------------------------------------------
  data required time                                                19.61
  data arrival time                                                 -3.47
  --------------------------------------------------------------------------
  slack (MET)                                                       16.13


  Startpoint: U_IF_ID_Reg/instruction_out_reg[2]
              (rising edge-triggered flip-flop clocked by clk)
  Endpoint: U_ID_EX_Reg/sp_out_reg[3]
            (rising edge-triggered flip-flop clocked by clk)
  Path Group: clk
  Path Type: max

  Point                                                   Incr       Path
  --------------------------------------------------------------------------
  clock clk (rise edge)                                   0.00       0.00
  clock network delay (ideal)                             0.00       0.00
  U_IF_ID_Reg/instruction_out_reg[2]/CK (DFFRQX2M)        0.00 #     0.00 r
  U_IF_ID_Reg/instruction_out_reg[2]/Q (DFFRQX2M)         0.93       0.93 r
  U_IF_ID_Reg/instruction_out[2] (IF_ID_register)         0.00       0.93 r
  U_Hazard_Detection_Unit/IF_ID_instruction[2] (hazard_detection_unit)
                                                          0.00       0.93 r
  U_Hazard_Detection_Unit/U18/Y (INVX2M)                  0.12       1.05 f
  U_Hazard_Detection_Unit/U10/Y (AOI32X1M)                0.21       1.27 r
  U_Hazard_Detection_Unit/U8/Y (OAI32X1M)                 0.14       1.41 f
  U_Hazard_Detection_Unit/U6/Y (AOI211X2M)                0.23       1.63 r
  U_Hazard_Detection_Unit/U13/Y (OAI33X2M)                0.15       1.78 f
  U_Hazard_Detection_Unit/U12/Y (NAND2X2M)                0.09       1.87 r
  U_Hazard_Detection_Unit/U3/Y (INVX2M)                   0.08       1.95 f
  U_Hazard_Detection_Unit/control_mux_sel (hazard_detection_unit)
                                                          0.00       1.95 f
  U_ID_EX_Reg/flush (ID_EX_register)                      0.00       1.95 f
  U_ID_EX_Reg/U3/Y (NOR2X4M)                              0.66       2.61 r
  U_ID_EX_Reg/U14/Y (NOR2X2M)                             0.14       2.76 f
  U_ID_EX_Reg/U11/Y (BUFX2M)                              0.18       2.94 f
  U_ID_EX_Reg/U7/Y (BUFX2M)                               0.18       3.13 f
  U_ID_EX_Reg/U19/Y (AO22X1M)                             0.35       3.47 f
  U_ID_EX_Reg/sp_out_reg[3]/D (DFFRQX2M)                  0.00       3.47 f
  data arrival time                                                  3.47

  clock clk (rise edge)                                  20.00      20.00
  clock network delay (ideal)                             0.00      20.00
  clock uncertainty                                      -0.25      19.75
  U_ID_EX_Reg/sp_out_reg[3]/CK (DFFRQX2M)                 0.00      19.75 r
  library setup time                                     -0.14      19.61
  data required time                                                19.61
  --------------------------------------------------------------------------
  data required time                                                19.61
  data arrival time                                                 -3.47
  --------------------------------------------------------------------------
  slack (MET)                                                       16.13


  Startpoint: U_IF_ID_Reg/instruction_out_reg[2]
              (rising edge-triggered flip-flop clocked by clk)
  Endpoint: U_ID_EX_Reg/sp_out_reg[2]
            (rising edge-triggered flip-flop clocked by clk)
  Path Group: clk
  Path Type: max

  Point                                                   Incr       Path
  --------------------------------------------------------------------------
  clock clk (rise edge)                                   0.00       0.00
  clock network delay (ideal)                             0.00       0.00
  U_IF_ID_Reg/instruction_out_reg[2]/CK (DFFRQX2M)        0.00 #     0.00 r
  U_IF_ID_Reg/instruction_out_reg[2]/Q (DFFRQX2M)         0.93       0.93 r
  U_IF_ID_Reg/instruction_out[2] (IF_ID_register)         0.00       0.93 r
  U_Hazard_Detection_Unit/IF_ID_instruction[2] (hazard_detection_unit)
                                                          0.00       0.93 r
  U_Hazard_Detection_Unit/U18/Y (INVX2M)                  0.12       1.05 f
  U_Hazard_Detection_Unit/U10/Y (AOI32X1M)                0.21       1.27 r
  U_Hazard_Detection_Unit/U8/Y (OAI32X1M)                 0.14       1.41 f
  U_Hazard_Detection_Unit/U6/Y (AOI211X2M)                0.23       1.63 r
  U_Hazard_Detection_Unit/U13/Y (OAI33X2M)                0.15       1.78 f
  U_Hazard_Detection_Unit/U12/Y (NAND2X2M)                0.09       1.87 r
  U_Hazard_Detection_Unit/U3/Y (INVX2M)                   0.08       1.95 f
  U_Hazard_Detection_Unit/control_mux_sel (hazard_detection_unit)
                                                          0.00       1.95 f
  U_ID_EX_Reg/flush (ID_EX_register)                      0.00       1.95 f
  U_ID_EX_Reg/U3/Y (NOR2X4M)                              0.66       2.61 r
  U_ID_EX_Reg/U14/Y (NOR2X2M)                             0.14       2.76 f
  U_ID_EX_Reg/U11/Y (BUFX2M)                              0.18       2.94 f
  U_ID_EX_Reg/U7/Y (BUFX2M)                               0.18       3.13 f
  U_ID_EX_Reg/U18/Y (AO22X1M)                             0.35       3.47 f
  U_ID_EX_Reg/sp_out_reg[2]/D (DFFRQX2M)                  0.00       3.47 f
  data arrival time                                                  3.47

  clock clk (rise edge)                                  20.00      20.00
  clock network delay (ideal)                             0.00      20.00
  clock uncertainty                                      -0.25      19.75
  U_ID_EX_Reg/sp_out_reg[2]/CK (DFFRQX2M)                 0.00      19.75 r
  library setup time                                     -0.14      19.61
  data required time                                                19.61
  --------------------------------------------------------------------------
  data required time                                                19.61
  data arrival time                                                 -3.47
  --------------------------------------------------------------------------
  slack (MET)                                                       16.13


  Startpoint: U_IF_ID_Reg/instruction_out_reg[2]
              (rising edge-triggered flip-flop clocked by clk)
  Endpoint: U_ID_EX_Reg/sp_out_reg[1]
            (rising edge-triggered flip-flop clocked by clk)
  Path Group: clk
  Path Type: max

  Point                                                   Incr       Path
  --------------------------------------------------------------------------
  clock clk (rise edge)                                   0.00       0.00
  clock network delay (ideal)                             0.00       0.00
  U_IF_ID_Reg/instruction_out_reg[2]/CK (DFFRQX2M)        0.00 #     0.00 r
  U_IF_ID_Reg/instruction_out_reg[2]/Q (DFFRQX2M)         0.93       0.93 r
  U_IF_ID_Reg/instruction_out[2] (IF_ID_register)         0.00       0.93 r
  U_Hazard_Detection_Unit/IF_ID_instruction[2] (hazard_detection_unit)
                                                          0.00       0.93 r
  U_Hazard_Detection_Unit/U18/Y (INVX2M)                  0.12       1.05 f
  U_Hazard_Detection_Unit/U10/Y (AOI32X1M)                0.21       1.27 r
  U_Hazard_Detection_Unit/U8/Y (OAI32X1M)                 0.14       1.41 f
  U_Hazard_Detection_Unit/U6/Y (AOI211X2M)                0.23       1.63 r
  U_Hazard_Detection_Unit/U13/Y (OAI33X2M)                0.15       1.78 f
  U_Hazard_Detection_Unit/U12/Y (NAND2X2M)                0.09       1.87 r
  U_Hazard_Detection_Unit/U3/Y (INVX2M)                   0.08       1.95 f
  U_Hazard_Detection_Unit/control_mux_sel (hazard_detection_unit)
                                                          0.00       1.95 f
  U_ID_EX_Reg/flush (ID_EX_register)                      0.00       1.95 f
  U_ID_EX_Reg/U3/Y (NOR2X4M)                              0.66       2.61 r
  U_ID_EX_Reg/U14/Y (NOR2X2M)                             0.14       2.76 f
  U_ID_EX_Reg/U11/Y (BUFX2M)                              0.18       2.94 f
  U_ID_EX_Reg/U7/Y (BUFX2M)                               0.18       3.13 f
  U_ID_EX_Reg/U17/Y (AO22X1M)                             0.35       3.47 f
  U_ID_EX_Reg/sp_out_reg[1]/D (DFFRQX2M)                  0.00       3.47 f
  data arrival time                                                  3.47

  clock clk (rise edge)                                  20.00      20.00
  clock network delay (ideal)                             0.00      20.00
  clock uncertainty                                      -0.25      19.75
  U_ID_EX_Reg/sp_out_reg[1]/CK (DFFRQX2M)                 0.00      19.75 r
  library setup time                                     -0.14      19.61
  data required time                                                19.61
  --------------------------------------------------------------------------
  data required time                                                19.61
  data arrival time                                                 -3.47
  --------------------------------------------------------------------------
  slack (MET)                                                       16.13


  Startpoint: U_IF_ID_Reg/instruction_out_reg[2]
              (rising edge-triggered flip-flop clocked by clk)
  Endpoint: U_ID_EX_Reg/sp_out_reg[0]
            (rising edge-triggered flip-flop clocked by clk)
  Path Group: clk
  Path Type: max

  Point                                                   Incr       Path
  --------------------------------------------------------------------------
  clock clk (rise edge)                                   0.00       0.00
  clock network delay (ideal)                             0.00       0.00
  U_IF_ID_Reg/instruction_out_reg[2]/CK (DFFRQX2M)        0.00 #     0.00 r
  U_IF_ID_Reg/instruction_out_reg[2]/Q (DFFRQX2M)         0.93       0.93 r
  U_IF_ID_Reg/instruction_out[2] (IF_ID_register)         0.00       0.93 r
  U_Hazard_Detection_Unit/IF_ID_instruction[2] (hazard_detection_unit)
                                                          0.00       0.93 r
  U_Hazard_Detection_Unit/U18/Y (INVX2M)                  0.12       1.05 f
  U_Hazard_Detection_Unit/U10/Y (AOI32X1M)                0.21       1.27 r
  U_Hazard_Detection_Unit/U8/Y (OAI32X1M)                 0.14       1.41 f
  U_Hazard_Detection_Unit/U6/Y (AOI211X2M)                0.23       1.63 r
  U_Hazard_Detection_Unit/U13/Y (OAI33X2M)                0.15       1.78 f
  U_Hazard_Detection_Unit/U12/Y (NAND2X2M)                0.09       1.87 r
  U_Hazard_Detection_Unit/U3/Y (INVX2M)                   0.08       1.95 f
  U_Hazard_Detection_Unit/control_mux_sel (hazard_detection_unit)
                                                          0.00       1.95 f
  U_ID_EX_Reg/flush (ID_EX_register)                      0.00       1.95 f
  U_ID_EX_Reg/U3/Y (NOR2X4M)                              0.66       2.61 r
  U_ID_EX_Reg/U14/Y (NOR2X2M)                             0.14       2.76 f
  U_ID_EX_Reg/U11/Y (BUFX2M)                              0.18       2.94 f
  U_ID_EX_Reg/U7/Y (BUFX2M)                               0.18       3.13 f
  U_ID_EX_Reg/U16/Y (AO22X1M)                             0.35       3.47 f
  U_ID_EX_Reg/sp_out_reg[0]/D (DFFRQX2M)                  0.00       3.47 f
  data arrival time                                                  3.47

  clock clk (rise edge)                                  20.00      20.00
  clock network delay (ideal)                             0.00      20.00
  clock uncertainty                                      -0.25      19.75
  U_ID_EX_Reg/sp_out_reg[0]/CK (DFFRQX2M)                 0.00      19.75 r
  library setup time                                     -0.14      19.61
  data required time                                                19.61
  --------------------------------------------------------------------------
  data required time                                                19.61
  data arrival time                                                 -3.47
  --------------------------------------------------------------------------
  slack (MET)                                                       16.13


  Startpoint: U_IF_ID_Reg/instruction_out_reg[2]
              (rising edge-triggered flip-flop clocked by clk)
  Endpoint: U_ID_EX_Reg/pc_out_reg[7]
            (rising edge-triggered flip-flop clocked by clk)
  Path Group: clk
  Path Type: max

  Point                                                   Incr       Path
  --------------------------------------------------------------------------
  clock clk (rise edge)                                   0.00       0.00
  clock network delay (ideal)                             0.00       0.00
  U_IF_ID_Reg/instruction_out_reg[2]/CK (DFFRQX2M)        0.00 #     0.00 r
  U_IF_ID_Reg/instruction_out_reg[2]/Q (DFFRQX2M)         0.93       0.93 r
  U_IF_ID_Reg/instruction_out[2] (IF_ID_register)         0.00       0.93 r
  U_Hazard_Detection_Unit/IF_ID_instruction[2] (hazard_detection_unit)
                                                          0.00       0.93 r
  U_Hazard_Detection_Unit/U18/Y (INVX2M)                  0.12       1.05 f
  U_Hazard_Detection_Unit/U10/Y (AOI32X1M)                0.21       1.27 r
  U_Hazard_Detection_Unit/U8/Y (OAI32X1M)                 0.14       1.41 f
  U_Hazard_Detection_Unit/U6/Y (AOI211X2M)                0.23       1.63 r
  U_Hazard_Detection_Unit/U13/Y (OAI33X2M)                0.15       1.78 f
  U_Hazard_Detection_Unit/U12/Y (NAND2X2M)                0.09       1.87 r
  U_Hazard_Detection_Unit/U3/Y (INVX2M)                   0.08       1.95 f
  U_Hazard_Detection_Unit/control_mux_sel (hazard_detection_unit)
                                                          0.00       1.95 f
  U_ID_EX_Reg/flush (ID_EX_register)                      0.00       1.95 f
  U_ID_EX_Reg/U3/Y (NOR2X4M)                              0.66       2.61 r
  U_ID_EX_Reg/U14/Y (NOR2X2M)                             0.14       2.76 f
  U_ID_EX_Reg/U11/Y (BUFX2M)                              0.18       2.94 f
  U_ID_EX_Reg/U7/Y (BUFX2M)                               0.18       3.13 f
  U_ID_EX_Reg/U73/Y (AO22X1M)                             0.35       3.47 f
  U_ID_EX_Reg/pc_out_reg[7]/D (DFFRQX2M)                  0.00       3.47 f
  data arrival time                                                  3.47

  clock clk (rise edge)                                  20.00      20.00
  clock network delay (ideal)                             0.00      20.00
  clock uncertainty                                      -0.25      19.75
  U_ID_EX_Reg/pc_out_reg[7]/CK (DFFRQX2M)                 0.00      19.75 r
  library setup time                                     -0.14      19.61
  data required time                                                19.61
  --------------------------------------------------------------------------
  data required time                                                19.61
  data arrival time                                                 -3.47
  --------------------------------------------------------------------------
  slack (MET)                                                       16.13


  Startpoint: U_IF_ID_Reg/instruction_out_reg[2]
              (rising edge-triggered flip-flop clocked by clk)
  Endpoint: U_ID_EX_Reg/pc_out_reg[6]
            (rising edge-triggered flip-flop clocked by clk)
  Path Group: clk
  Path Type: max

  Point                                                   Incr       Path
  --------------------------------------------------------------------------
  clock clk (rise edge)                                   0.00       0.00
  clock network delay (ideal)                             0.00       0.00
  U_IF_ID_Reg/instruction_out_reg[2]/CK (DFFRQX2M)        0.00 #     0.00 r
  U_IF_ID_Reg/instruction_out_reg[2]/Q (DFFRQX2M)         0.93       0.93 r
  U_IF_ID_Reg/instruction_out[2] (IF_ID_register)         0.00       0.93 r
  U_Hazard_Detection_Unit/IF_ID_instruction[2] (hazard_detection_unit)
                                                          0.00       0.93 r
  U_Hazard_Detection_Unit/U18/Y (INVX2M)                  0.12       1.05 f
  U_Hazard_Detection_Unit/U10/Y (AOI32X1M)                0.21       1.27 r
  U_Hazard_Detection_Unit/U8/Y (OAI32X1M)                 0.14       1.41 f
  U_Hazard_Detection_Unit/U6/Y (AOI211X2M)                0.23       1.63 r
  U_Hazard_Detection_Unit/U13/Y (OAI33X2M)                0.15       1.78 f
  U_Hazard_Detection_Unit/U12/Y (NAND2X2M)                0.09       1.87 r
  U_Hazard_Detection_Unit/U3/Y (INVX2M)                   0.08       1.95 f
  U_Hazard_Detection_Unit/control_mux_sel (hazard_detection_unit)
                                                          0.00       1.95 f
  U_ID_EX_Reg/flush (ID_EX_register)                      0.00       1.95 f
  U_ID_EX_Reg/U3/Y (NOR2X4M)                              0.66       2.61 r
  U_ID_EX_Reg/U14/Y (NOR2X2M)                             0.14       2.76 f
  U_ID_EX_Reg/U11/Y (BUFX2M)                              0.18       2.94 f
  U_ID_EX_Reg/U7/Y (BUFX2M)                               0.18       3.13 f
  U_ID_EX_Reg/U72/Y (AO22X1M)                             0.35       3.47 f
  U_ID_EX_Reg/pc_out_reg[6]/D (DFFRQX2M)                  0.00       3.47 f
  data arrival time                                                  3.47

  clock clk (rise edge)                                  20.00      20.00
  clock network delay (ideal)                             0.00      20.00
  clock uncertainty                                      -0.25      19.75
  U_ID_EX_Reg/pc_out_reg[6]/CK (DFFRQX2M)                 0.00      19.75 r
  library setup time                                     -0.14      19.61
  data required time                                                19.61
  --------------------------------------------------------------------------
  data required time                                                19.61
  data arrival time                                                 -3.47
  --------------------------------------------------------------------------
  slack (MET)                                                       16.13


  Startpoint: U_IF_ID_Reg/instruction_out_reg[2]
              (rising edge-triggered flip-flop clocked by clk)
  Endpoint: U_ID_EX_Reg/pc_out_reg[5]
            (rising edge-triggered flip-flop clocked by clk)
  Path Group: clk
  Path Type: max

  Point                                                   Incr       Path
  --------------------------------------------------------------------------
  clock clk (rise edge)                                   0.00       0.00
  clock network delay (ideal)                             0.00       0.00
  U_IF_ID_Reg/instruction_out_reg[2]/CK (DFFRQX2M)        0.00 #     0.00 r
  U_IF_ID_Reg/instruction_out_reg[2]/Q (DFFRQX2M)         0.93       0.93 r
  U_IF_ID_Reg/instruction_out[2] (IF_ID_register)         0.00       0.93 r
  U_Hazard_Detection_Unit/IF_ID_instruction[2] (hazard_detection_unit)
                                                          0.00       0.93 r
  U_Hazard_Detection_Unit/U18/Y (INVX2M)                  0.12       1.05 f
  U_Hazard_Detection_Unit/U10/Y (AOI32X1M)                0.21       1.27 r
  U_Hazard_Detection_Unit/U8/Y (OAI32X1M)                 0.14       1.41 f
  U_Hazard_Detection_Unit/U6/Y (AOI211X2M)                0.23       1.63 r
  U_Hazard_Detection_Unit/U13/Y (OAI33X2M)                0.15       1.78 f
  U_Hazard_Detection_Unit/U12/Y (NAND2X2M)                0.09       1.87 r
  U_Hazard_Detection_Unit/U3/Y (INVX2M)                   0.08       1.95 f
  U_Hazard_Detection_Unit/control_mux_sel (hazard_detection_unit)
                                                          0.00       1.95 f
  U_ID_EX_Reg/flush (ID_EX_register)                      0.00       1.95 f
  U_ID_EX_Reg/U3/Y (NOR2X4M)                              0.66       2.61 r
  U_ID_EX_Reg/U14/Y (NOR2X2M)                             0.14       2.76 f
  U_ID_EX_Reg/U10/Y (BUFX2M)                              0.18       2.94 f
  U_ID_EX_Reg/U6/Y (BUFX2M)                               0.18       3.13 f
  U_ID_EX_Reg/U71/Y (AO22X1M)                             0.35       3.47 f
  U_ID_EX_Reg/pc_out_reg[5]/D (DFFRQX2M)                  0.00       3.47 f
  data arrival time                                                  3.47

  clock clk (rise edge)                                  20.00      20.00
  clock network delay (ideal)                             0.00      20.00
  clock uncertainty                                      -0.25      19.75
  U_ID_EX_Reg/pc_out_reg[5]/CK (DFFRQX2M)                 0.00      19.75 r
  library setup time                                     -0.14      19.61
  data required time                                                19.61
  --------------------------------------------------------------------------
  data required time                                                19.61
  data arrival time                                                 -3.47
  --------------------------------------------------------------------------
  slack (MET)                                                       16.13


  Startpoint: U_IF_ID_Reg/instruction_out_reg[2]
              (rising edge-triggered flip-flop clocked by clk)
  Endpoint: U_ID_EX_Reg/pc_out_reg[4]
            (rising edge-triggered flip-flop clocked by clk)
  Path Group: clk
  Path Type: max

  Point                                                   Incr       Path
  --------------------------------------------------------------------------
  clock clk (rise edge)                                   0.00       0.00
  clock network delay (ideal)                             0.00       0.00
  U_IF_ID_Reg/instruction_out_reg[2]/CK (DFFRQX2M)        0.00 #     0.00 r
  U_IF_ID_Reg/instruction_out_reg[2]/Q (DFFRQX2M)         0.93       0.93 r
  U_IF_ID_Reg/instruction_out[2] (IF_ID_register)         0.00       0.93 r
  U_Hazard_Detection_Unit/IF_ID_instruction[2] (hazard_detection_unit)
                                                          0.00       0.93 r
  U_Hazard_Detection_Unit/U18/Y (INVX2M)                  0.12       1.05 f
  U_Hazard_Detection_Unit/U10/Y (AOI32X1M)                0.21       1.27 r
  U_Hazard_Detection_Unit/U8/Y (OAI32X1M)                 0.14       1.41 f
  U_Hazard_Detection_Unit/U6/Y (AOI211X2M)                0.23       1.63 r
  U_Hazard_Detection_Unit/U13/Y (OAI33X2M)                0.15       1.78 f
  U_Hazard_Detection_Unit/U12/Y (NAND2X2M)                0.09       1.87 r
  U_Hazard_Detection_Unit/U3/Y (INVX2M)                   0.08       1.95 f
  U_Hazard_Detection_Unit/control_mux_sel (hazard_detection_unit)
                                                          0.00       1.95 f
  U_ID_EX_Reg/flush (ID_EX_register)                      0.00       1.95 f
  U_ID_EX_Reg/U3/Y (NOR2X4M)                              0.66       2.61 r
  U_ID_EX_Reg/U14/Y (NOR2X2M)                             0.14       2.76 f
  U_ID_EX_Reg/U10/Y (BUFX2M)                              0.18       2.94 f
  U_ID_EX_Reg/U6/Y (BUFX2M)                               0.18       3.13 f
  U_ID_EX_Reg/U70/Y (AO22X1M)                             0.35       3.47 f
  U_ID_EX_Reg/pc_out_reg[4]/D (DFFRQX2M)                  0.00       3.47 f
  data arrival time                                                  3.47

  clock clk (rise edge)                                  20.00      20.00
  clock network delay (ideal)                             0.00      20.00
  clock uncertainty                                      -0.25      19.75
  U_ID_EX_Reg/pc_out_reg[4]/CK (DFFRQX2M)                 0.00      19.75 r
  library setup time                                     -0.14      19.61
  data required time                                                19.61
  --------------------------------------------------------------------------
  data required time                                                19.61
  data arrival time                                                 -3.47
  --------------------------------------------------------------------------
  slack (MET)                                                       16.13


  Startpoint: U_IF_ID_Reg/instruction_out_reg[2]
              (rising edge-triggered flip-flop clocked by clk)
  Endpoint: U_ID_EX_Reg/pc_out_reg[3]
            (rising edge-triggered flip-flop clocked by clk)
  Path Group: clk
  Path Type: max

  Point                                                   Incr       Path
  --------------------------------------------------------------------------
  clock clk (rise edge)                                   0.00       0.00
  clock network delay (ideal)                             0.00       0.00
  U_IF_ID_Reg/instruction_out_reg[2]/CK (DFFRQX2M)        0.00 #     0.00 r
  U_IF_ID_Reg/instruction_out_reg[2]/Q (DFFRQX2M)         0.93       0.93 r
  U_IF_ID_Reg/instruction_out[2] (IF_ID_register)         0.00       0.93 r
  U_Hazard_Detection_Unit/IF_ID_instruction[2] (hazard_detection_unit)
                                                          0.00       0.93 r
  U_Hazard_Detection_Unit/U18/Y (INVX2M)                  0.12       1.05 f
  U_Hazard_Detection_Unit/U10/Y (AOI32X1M)                0.21       1.27 r
  U_Hazard_Detection_Unit/U8/Y (OAI32X1M)                 0.14       1.41 f
  U_Hazard_Detection_Unit/U6/Y (AOI211X2M)                0.23       1.63 r
  U_Hazard_Detection_Unit/U13/Y (OAI33X2M)                0.15       1.78 f
  U_Hazard_Detection_Unit/U12/Y (NAND2X2M)                0.09       1.87 r
  U_Hazard_Detection_Unit/U3/Y (INVX2M)                   0.08       1.95 f
  U_Hazard_Detection_Unit/control_mux_sel (hazard_detection_unit)
                                                          0.00       1.95 f
  U_ID_EX_Reg/flush (ID_EX_register)                      0.00       1.95 f
  U_ID_EX_Reg/U3/Y (NOR2X4M)                              0.66       2.61 r
  U_ID_EX_Reg/U14/Y (NOR2X2M)                             0.14       2.76 f
  U_ID_EX_Reg/U10/Y (BUFX2M)                              0.18       2.94 f
  U_ID_EX_Reg/U6/Y (BUFX2M)                               0.18       3.13 f
  U_ID_EX_Reg/U69/Y (AO22X1M)                             0.35       3.47 f
  U_ID_EX_Reg/pc_out_reg[3]/D (DFFRQX2M)                  0.00       3.47 f
  data arrival time                                                  3.47

  clock clk (rise edge)                                  20.00      20.00
  clock network delay (ideal)                             0.00      20.00
  clock uncertainty                                      -0.25      19.75
  U_ID_EX_Reg/pc_out_reg[3]/CK (DFFRQX2M)                 0.00      19.75 r
  library setup time                                     -0.14      19.61
  data required time                                                19.61
  --------------------------------------------------------------------------
  data required time                                                19.61
  data arrival time                                                 -3.47
  --------------------------------------------------------------------------
  slack (MET)                                                       16.13


  Startpoint: U_IF_ID_Reg/instruction_out_reg[2]
              (rising edge-triggered flip-flop clocked by clk)
  Endpoint: U_ID_EX_Reg/pc_out_reg[2]
            (rising edge-triggered flip-flop clocked by clk)
  Path Group: clk
  Path Type: max

  Point                                                   Incr       Path
  --------------------------------------------------------------------------
  clock clk (rise edge)                                   0.00       0.00
  clock network delay (ideal)                             0.00       0.00
  U_IF_ID_Reg/instruction_out_reg[2]/CK (DFFRQX2M)        0.00 #     0.00 r
  U_IF_ID_Reg/instruction_out_reg[2]/Q (DFFRQX2M)         0.93       0.93 r
  U_IF_ID_Reg/instruction_out[2] (IF_ID_register)         0.00       0.93 r
  U_Hazard_Detection_Unit/IF_ID_instruction[2] (hazard_detection_unit)
                                                          0.00       0.93 r
  U_Hazard_Detection_Unit/U18/Y (INVX2M)                  0.12       1.05 f
  U_Hazard_Detection_Unit/U10/Y (AOI32X1M)                0.21       1.27 r
  U_Hazard_Detection_Unit/U8/Y (OAI32X1M)                 0.14       1.41 f
  U_Hazard_Detection_Unit/U6/Y (AOI211X2M)                0.23       1.63 r
  U_Hazard_Detection_Unit/U13/Y (OAI33X2M)                0.15       1.78 f
  U_Hazard_Detection_Unit/U12/Y (NAND2X2M)                0.09       1.87 r
  U_Hazard_Detection_Unit/U3/Y (INVX2M)                   0.08       1.95 f
  U_Hazard_Detection_Unit/control_mux_sel (hazard_detection_unit)
                                                          0.00       1.95 f
  U_ID_EX_Reg/flush (ID_EX_register)                      0.00       1.95 f
  U_ID_EX_Reg/U3/Y (NOR2X4M)                              0.66       2.61 r
  U_ID_EX_Reg/U14/Y (NOR2X2M)                             0.14       2.76 f
  U_ID_EX_Reg/U10/Y (BUFX2M)                              0.18       2.94 f
  U_ID_EX_Reg/U6/Y (BUFX2M)                               0.18       3.13 f
  U_ID_EX_Reg/U68/Y (AO22X1M)                             0.35       3.47 f
  U_ID_EX_Reg/pc_out_reg[2]/D (DFFRQX2M)                  0.00       3.47 f
  data arrival time                                                  3.47

  clock clk (rise edge)                                  20.00      20.00
  clock network delay (ideal)                             0.00      20.00
  clock uncertainty                                      -0.25      19.75
  U_ID_EX_Reg/pc_out_reg[2]/CK (DFFRQX2M)                 0.00      19.75 r
  library setup time                                     -0.14      19.61
  data required time                                                19.61
  --------------------------------------------------------------------------
  data required time                                                19.61
  data arrival time                                                 -3.47
  --------------------------------------------------------------------------
  slack (MET)                                                       16.13


  Startpoint: U_IF_ID_Reg/instruction_out_reg[2]
              (rising edge-triggered flip-flop clocked by clk)
  Endpoint: U_ID_EX_Reg/pc_out_reg[1]
            (rising edge-triggered flip-flop clocked by clk)
  Path Group: clk
  Path Type: max

  Point                                                   Incr       Path
  --------------------------------------------------------------------------
  clock clk (rise edge)                                   0.00       0.00
  clock network delay (ideal)                             0.00       0.00
  U_IF_ID_Reg/instruction_out_reg[2]/CK (DFFRQX2M)        0.00 #     0.00 r
  U_IF_ID_Reg/instruction_out_reg[2]/Q (DFFRQX2M)         0.93       0.93 r
  U_IF_ID_Reg/instruction_out[2] (IF_ID_register)         0.00       0.93 r
  U_Hazard_Detection_Unit/IF_ID_instruction[2] (hazard_detection_unit)
                                                          0.00       0.93 r
  U_Hazard_Detection_Unit/U18/Y (INVX2M)                  0.12       1.05 f
  U_Hazard_Detection_Unit/U10/Y (AOI32X1M)                0.21       1.27 r
  U_Hazard_Detection_Unit/U8/Y (OAI32X1M)                 0.14       1.41 f
  U_Hazard_Detection_Unit/U6/Y (AOI211X2M)                0.23       1.63 r
  U_Hazard_Detection_Unit/U13/Y (OAI33X2M)                0.15       1.78 f
  U_Hazard_Detection_Unit/U12/Y (NAND2X2M)                0.09       1.87 r
  U_Hazard_Detection_Unit/U3/Y (INVX2M)                   0.08       1.95 f
  U_Hazard_Detection_Unit/control_mux_sel (hazard_detection_unit)
                                                          0.00       1.95 f
  U_ID_EX_Reg/flush (ID_EX_register)                      0.00       1.95 f
  U_ID_EX_Reg/U3/Y (NOR2X4M)                              0.66       2.61 r
  U_ID_EX_Reg/U14/Y (NOR2X2M)                             0.14       2.76 f
  U_ID_EX_Reg/U10/Y (BUFX2M)                              0.18       2.94 f
  U_ID_EX_Reg/U6/Y (BUFX2M)                               0.18       3.13 f
  U_ID_EX_Reg/U67/Y (AO22X1M)                             0.35       3.47 f
  U_ID_EX_Reg/pc_out_reg[1]/D (DFFRQX2M)                  0.00       3.47 f
  data arrival time                                                  3.47

  clock clk (rise edge)                                  20.00      20.00
  clock network delay (ideal)                             0.00      20.00
  clock uncertainty                                      -0.25      19.75
  U_ID_EX_Reg/pc_out_reg[1]/CK (DFFRQX2M)                 0.00      19.75 r
  library setup time                                     -0.14      19.61
  data required time                                                19.61
  --------------------------------------------------------------------------
  data required time                                                19.61
  data arrival time                                                 -3.47
  --------------------------------------------------------------------------
  slack (MET)                                                       16.13


  Startpoint: U_IF_ID_Reg/instruction_out_reg[2]
              (rising edge-triggered flip-flop clocked by clk)
  Endpoint: U_ID_EX_Reg/pc_out_reg[0]
            (rising edge-triggered flip-flop clocked by clk)
  Path Group: clk
  Path Type: max

  Point                                                   Incr       Path
  --------------------------------------------------------------------------
  clock clk (rise edge)                                   0.00       0.00
  clock network delay (ideal)                             0.00       0.00
  U_IF_ID_Reg/instruction_out_reg[2]/CK (DFFRQX2M)        0.00 #     0.00 r
  U_IF_ID_Reg/instruction_out_reg[2]/Q (DFFRQX2M)         0.93       0.93 r
  U_IF_ID_Reg/instruction_out[2] (IF_ID_register)         0.00       0.93 r
  U_Hazard_Detection_Unit/IF_ID_instruction[2] (hazard_detection_unit)
                                                          0.00       0.93 r
  U_Hazard_Detection_Unit/U18/Y (INVX2M)                  0.12       1.05 f
  U_Hazard_Detection_Unit/U10/Y (AOI32X1M)                0.21       1.27 r
  U_Hazard_Detection_Unit/U8/Y (OAI32X1M)                 0.14       1.41 f
  U_Hazard_Detection_Unit/U6/Y (AOI211X2M)                0.23       1.63 r
  U_Hazard_Detection_Unit/U13/Y (OAI33X2M)                0.15       1.78 f
  U_Hazard_Detection_Unit/U12/Y (NAND2X2M)                0.09       1.87 r
  U_Hazard_Detection_Unit/U3/Y (INVX2M)                   0.08       1.95 f
  U_Hazard_Detection_Unit/control_mux_sel (hazard_detection_unit)
                                                          0.00       1.95 f
  U_ID_EX_Reg/flush (ID_EX_register)                      0.00       1.95 f
  U_ID_EX_Reg/U3/Y (NOR2X4M)                              0.66       2.61 r
  U_ID_EX_Reg/U14/Y (NOR2X2M)                             0.14       2.76 f
  U_ID_EX_Reg/U10/Y (BUFX2M)                              0.18       2.94 f
  U_ID_EX_Reg/U6/Y (BUFX2M)                               0.18       3.13 f
  U_ID_EX_Reg/U66/Y (AO22X1M)                             0.35       3.47 f
  U_ID_EX_Reg/pc_out_reg[0]/D (DFFRQX2M)                  0.00       3.47 f
  data arrival time                                                  3.47

  clock clk (rise edge)                                  20.00      20.00
  clock network delay (ideal)                             0.00      20.00
  clock uncertainty                                      -0.25      19.75
  U_ID_EX_Reg/pc_out_reg[0]/CK (DFFRQX2M)                 0.00      19.75 r
  library setup time                                     -0.14      19.61
  data required time                                                19.61
  --------------------------------------------------------------------------
  data required time                                                19.61
  data arrival time                                                 -3.47
  --------------------------------------------------------------------------
  slack (MET)                                                       16.13


  Startpoint: U_IF_ID_Reg/instruction_out_reg[2]
              (rising edge-triggered flip-flop clocked by clk)
  Endpoint: U_ID_EX_Reg/pc_out_plus_1_reg[7]
            (rising edge-triggered flip-flop clocked by clk)
  Path Group: clk
  Path Type: max

  Point                                                   Incr       Path
  --------------------------------------------------------------------------
  clock clk (rise edge)                                   0.00       0.00
  clock network delay (ideal)                             0.00       0.00
  U_IF_ID_Reg/instruction_out_reg[2]/CK (DFFRQX2M)        0.00 #     0.00 r
  U_IF_ID_Reg/instruction_out_reg[2]/Q (DFFRQX2M)         0.93       0.93 r
  U_IF_ID_Reg/instruction_out[2] (IF_ID_register)         0.00       0.93 r
  U_Hazard_Detection_Unit/IF_ID_instruction[2] (hazard_detection_unit)
                                                          0.00       0.93 r
  U_Hazard_Detection_Unit/U18/Y (INVX2M)                  0.12       1.05 f
  U_Hazard_Detection_Unit/U10/Y (AOI32X1M)                0.21       1.27 r
  U_Hazard_Detection_Unit/U8/Y (OAI32X1M)                 0.14       1.41 f
  U_Hazard_Detection_Unit/U6/Y (AOI211X2M)                0.23       1.63 r
  U_Hazard_Detection_Unit/U13/Y (OAI33X2M)                0.15       1.78 f
  U_Hazard_Detection_Unit/U12/Y (NAND2X2M)                0.09       1.87 r
  U_Hazard_Detection_Unit/U3/Y (INVX2M)                   0.08       1.95 f
  U_Hazard_Detection_Unit/control_mux_sel (hazard_detection_unit)
                                                          0.00       1.95 f
  U_ID_EX_Reg/flush (ID_EX_register)                      0.00       1.95 f
  U_ID_EX_Reg/U3/Y (NOR2X4M)                              0.66       2.61 r
  U_ID_EX_Reg/U14/Y (NOR2X2M)                             0.14       2.76 f
  U_ID_EX_Reg/U10/Y (BUFX2M)                              0.18       2.94 f
  U_ID_EX_Reg/U6/Y (BUFX2M)                               0.18       3.13 f
  U_ID_EX_Reg/U65/Y (AO22X1M)                             0.35       3.47 f
  U_ID_EX_Reg/pc_out_plus_1_reg[7]/D (DFFRQX2M)           0.00       3.47 f
  data arrival time                                                  3.47

  clock clk (rise edge)                                  20.00      20.00
  clock network delay (ideal)                             0.00      20.00
  clock uncertainty                                      -0.25      19.75
  U_ID_EX_Reg/pc_out_plus_1_reg[7]/CK (DFFRQX2M)          0.00      19.75 r
  library setup time                                     -0.14      19.61
  data required time                                                19.61
  --------------------------------------------------------------------------
  data required time                                                19.61
  data arrival time                                                 -3.47
  --------------------------------------------------------------------------
  slack (MET)                                                       16.13


  Startpoint: U_IF_ID_Reg/instruction_out_reg[2]
              (rising edge-triggered flip-flop clocked by clk)
  Endpoint: U_ID_EX_Reg/pc_out_plus_1_reg[6]
            (rising edge-triggered flip-flop clocked by clk)
  Path Group: clk
  Path Type: max

  Point                                                   Incr       Path
  --------------------------------------------------------------------------
  clock clk (rise edge)                                   0.00       0.00
  clock network delay (ideal)                             0.00       0.00
  U_IF_ID_Reg/instruction_out_reg[2]/CK (DFFRQX2M)        0.00 #     0.00 r
  U_IF_ID_Reg/instruction_out_reg[2]/Q (DFFRQX2M)         0.93       0.93 r
  U_IF_ID_Reg/instruction_out[2] (IF_ID_register)         0.00       0.93 r
  U_Hazard_Detection_Unit/IF_ID_instruction[2] (hazard_detection_unit)
                                                          0.00       0.93 r
  U_Hazard_Detection_Unit/U18/Y (INVX2M)                  0.12       1.05 f
  U_Hazard_Detection_Unit/U10/Y (AOI32X1M)                0.21       1.27 r
  U_Hazard_Detection_Unit/U8/Y (OAI32X1M)                 0.14       1.41 f
  U_Hazard_Detection_Unit/U6/Y (AOI211X2M)                0.23       1.63 r
  U_Hazard_Detection_Unit/U13/Y (OAI33X2M)                0.15       1.78 f
  U_Hazard_Detection_Unit/U12/Y (NAND2X2M)                0.09       1.87 r
  U_Hazard_Detection_Unit/U3/Y (INVX2M)                   0.08       1.95 f
  U_Hazard_Detection_Unit/control_mux_sel (hazard_detection_unit)
                                                          0.00       1.95 f
  U_ID_EX_Reg/flush (ID_EX_register)                      0.00       1.95 f
  U_ID_EX_Reg/U3/Y (NOR2X4M)                              0.66       2.61 r
  U_ID_EX_Reg/U14/Y (NOR2X2M)                             0.14       2.76 f
  U_ID_EX_Reg/U10/Y (BUFX2M)                              0.18       2.94 f
  U_ID_EX_Reg/U6/Y (BUFX2M)                               0.18       3.13 f
  U_ID_EX_Reg/U64/Y (AO22X1M)                             0.35       3.47 f
  U_ID_EX_Reg/pc_out_plus_1_reg[6]/D (DFFRQX2M)           0.00       3.47 f
  data arrival time                                                  3.47

  clock clk (rise edge)                                  20.00      20.00
  clock network delay (ideal)                             0.00      20.00
  clock uncertainty                                      -0.25      19.75
  U_ID_EX_Reg/pc_out_plus_1_reg[6]/CK (DFFRQX2M)          0.00      19.75 r
  library setup time                                     -0.14      19.61
  data required time                                                19.61
  --------------------------------------------------------------------------
  data required time                                                19.61
  data arrival time                                                 -3.47
  --------------------------------------------------------------------------
  slack (MET)                                                       16.13


  Startpoint: U_IF_ID_Reg/instruction_out_reg[2]
              (rising edge-triggered flip-flop clocked by clk)
  Endpoint: U_ID_EX_Reg/pc_out_plus_1_reg[5]
            (rising edge-triggered flip-flop clocked by clk)
  Path Group: clk
  Path Type: max

  Point                                                   Incr       Path
  --------------------------------------------------------------------------
  clock clk (rise edge)                                   0.00       0.00
  clock network delay (ideal)                             0.00       0.00
  U_IF_ID_Reg/instruction_out_reg[2]/CK (DFFRQX2M)        0.00 #     0.00 r
  U_IF_ID_Reg/instruction_out_reg[2]/Q (DFFRQX2M)         0.93       0.93 r
  U_IF_ID_Reg/instruction_out[2] (IF_ID_register)         0.00       0.93 r
  U_Hazard_Detection_Unit/IF_ID_instruction[2] (hazard_detection_unit)
                                                          0.00       0.93 r
  U_Hazard_Detection_Unit/U18/Y (INVX2M)                  0.12       1.05 f
  U_Hazard_Detection_Unit/U10/Y (AOI32X1M)                0.21       1.27 r
  U_Hazard_Detection_Unit/U8/Y (OAI32X1M)                 0.14       1.41 f
  U_Hazard_Detection_Unit/U6/Y (AOI211X2M)                0.23       1.63 r
  U_Hazard_Detection_Unit/U13/Y (OAI33X2M)                0.15       1.78 f
  U_Hazard_Detection_Unit/U12/Y (NAND2X2M)                0.09       1.87 r
  U_Hazard_Detection_Unit/U3/Y (INVX2M)                   0.08       1.95 f
  U_Hazard_Detection_Unit/control_mux_sel (hazard_detection_unit)
                                                          0.00       1.95 f
  U_ID_EX_Reg/flush (ID_EX_register)                      0.00       1.95 f
  U_ID_EX_Reg/U3/Y (NOR2X4M)                              0.66       2.61 r
  U_ID_EX_Reg/U14/Y (NOR2X2M)                             0.14       2.76 f
  U_ID_EX_Reg/U10/Y (BUFX2M)                              0.18       2.94 f
  U_ID_EX_Reg/U6/Y (BUFX2M)                               0.18       3.13 f
  U_ID_EX_Reg/U63/Y (AO22X1M)                             0.35       3.47 f
  U_ID_EX_Reg/pc_out_plus_1_reg[5]/D (DFFRQX2M)           0.00       3.47 f
  data arrival time                                                  3.47

  clock clk (rise edge)                                  20.00      20.00
  clock network delay (ideal)                             0.00      20.00
  clock uncertainty                                      -0.25      19.75
  U_ID_EX_Reg/pc_out_plus_1_reg[5]/CK (DFFRQX2M)          0.00      19.75 r
  library setup time                                     -0.14      19.61
  data required time                                                19.61
  --------------------------------------------------------------------------
  data required time                                                19.61
  data arrival time                                                 -3.47
  --------------------------------------------------------------------------
  slack (MET)                                                       16.13


  Startpoint: U_IF_ID_Reg/instruction_out_reg[2]
              (rising edge-triggered flip-flop clocked by clk)
  Endpoint: U_ID_EX_Reg/pc_out_plus_1_reg[4]
            (rising edge-triggered flip-flop clocked by clk)
  Path Group: clk
  Path Type: max

  Point                                                   Incr       Path
  --------------------------------------------------------------------------
  clock clk (rise edge)                                   0.00       0.00
  clock network delay (ideal)                             0.00       0.00
  U_IF_ID_Reg/instruction_out_reg[2]/CK (DFFRQX2M)        0.00 #     0.00 r
  U_IF_ID_Reg/instruction_out_reg[2]/Q (DFFRQX2M)         0.93       0.93 r
  U_IF_ID_Reg/instruction_out[2] (IF_ID_register)         0.00       0.93 r
  U_Hazard_Detection_Unit/IF_ID_instruction[2] (hazard_detection_unit)
                                                          0.00       0.93 r
  U_Hazard_Detection_Unit/U18/Y (INVX2M)                  0.12       1.05 f
  U_Hazard_Detection_Unit/U10/Y (AOI32X1M)                0.21       1.27 r
  U_Hazard_Detection_Unit/U8/Y (OAI32X1M)                 0.14       1.41 f
  U_Hazard_Detection_Unit/U6/Y (AOI211X2M)                0.23       1.63 r
  U_Hazard_Detection_Unit/U13/Y (OAI33X2M)                0.15       1.78 f
  U_Hazard_Detection_Unit/U12/Y (NAND2X2M)                0.09       1.87 r
  U_Hazard_Detection_Unit/U3/Y (INVX2M)                   0.08       1.95 f
  U_Hazard_Detection_Unit/control_mux_sel (hazard_detection_unit)
                                                          0.00       1.95 f
  U_ID_EX_Reg/flush (ID_EX_register)                      0.00       1.95 f
  U_ID_EX_Reg/U3/Y (NOR2X4M)                              0.66       2.61 r
  U_ID_EX_Reg/U14/Y (NOR2X2M)                             0.14       2.76 f
  U_ID_EX_Reg/U10/Y (BUFX2M)                              0.18       2.94 f
  U_ID_EX_Reg/U6/Y (BUFX2M)                               0.18       3.13 f
  U_ID_EX_Reg/U62/Y (AO22X1M)                             0.35       3.47 f
  U_ID_EX_Reg/pc_out_plus_1_reg[4]/D (DFFRQX2M)           0.00       3.47 f
  data arrival time                                                  3.47

  clock clk (rise edge)                                  20.00      20.00
  clock network delay (ideal)                             0.00      20.00
  clock uncertainty                                      -0.25      19.75
  U_ID_EX_Reg/pc_out_plus_1_reg[4]/CK (DFFRQX2M)          0.00      19.75 r
  library setup time                                     -0.14      19.61
  data required time                                                19.61
  --------------------------------------------------------------------------
  data required time                                                19.61
  data arrival time                                                 -3.47
  --------------------------------------------------------------------------
  slack (MET)                                                       16.13


  Startpoint: U_IF_ID_Reg/instruction_out_reg[2]
              (rising edge-triggered flip-flop clocked by clk)
  Endpoint: U_ID_EX_Reg/pc_out_plus_1_reg[3]
            (rising edge-triggered flip-flop clocked by clk)
  Path Group: clk
  Path Type: max

  Point                                                   Incr       Path
  --------------------------------------------------------------------------
  clock clk (rise edge)                                   0.00       0.00
  clock network delay (ideal)                             0.00       0.00
  U_IF_ID_Reg/instruction_out_reg[2]/CK (DFFRQX2M)        0.00 #     0.00 r
  U_IF_ID_Reg/instruction_out_reg[2]/Q (DFFRQX2M)         0.93       0.93 r
  U_IF_ID_Reg/instruction_out[2] (IF_ID_register)         0.00       0.93 r
  U_Hazard_Detection_Unit/IF_ID_instruction[2] (hazard_detection_unit)
                                                          0.00       0.93 r
  U_Hazard_Detection_Unit/U18/Y (INVX2M)                  0.12       1.05 f
  U_Hazard_Detection_Unit/U10/Y (AOI32X1M)                0.21       1.27 r
  U_Hazard_Detection_Unit/U8/Y (OAI32X1M)                 0.14       1.41 f
  U_Hazard_Detection_Unit/U6/Y (AOI211X2M)                0.23       1.63 r
  U_Hazard_Detection_Unit/U13/Y (OAI33X2M)                0.15       1.78 f
  U_Hazard_Detection_Unit/U12/Y (NAND2X2M)                0.09       1.87 r
  U_Hazard_Detection_Unit/U3/Y (INVX2M)                   0.08       1.95 f
  U_Hazard_Detection_Unit/control_mux_sel (hazard_detection_unit)
                                                          0.00       1.95 f
  U_ID_EX_Reg/flush (ID_EX_register)                      0.00       1.95 f
  U_ID_EX_Reg/U3/Y (NOR2X4M)                              0.66       2.61 r
  U_ID_EX_Reg/U14/Y (NOR2X2M)                             0.14       2.76 f
  U_ID_EX_Reg/U10/Y (BUFX2M)                              0.18       2.94 f
  U_ID_EX_Reg/U6/Y (BUFX2M)                               0.18       3.13 f
  U_ID_EX_Reg/U61/Y (AO22X1M)                             0.35       3.47 f
  U_ID_EX_Reg/pc_out_plus_1_reg[3]/D (DFFRQX2M)           0.00       3.47 f
  data arrival time                                                  3.47

  clock clk (rise edge)                                  20.00      20.00
  clock network delay (ideal)                             0.00      20.00
  clock uncertainty                                      -0.25      19.75
  U_ID_EX_Reg/pc_out_plus_1_reg[3]/CK (DFFRQX2M)          0.00      19.75 r
  library setup time                                     -0.14      19.61
  data required time                                                19.61
  --------------------------------------------------------------------------
  data required time                                                19.61
  data arrival time                                                 -3.47
  --------------------------------------------------------------------------
  slack (MET)                                                       16.13


  Startpoint: U_IF_ID_Reg/instruction_out_reg[2]
              (rising edge-triggered flip-flop clocked by clk)
  Endpoint: U_ID_EX_Reg/pc_out_plus_1_reg[2]
            (rising edge-triggered flip-flop clocked by clk)
  Path Group: clk
  Path Type: max

  Point                                                   Incr       Path
  --------------------------------------------------------------------------
  clock clk (rise edge)                                   0.00       0.00
  clock network delay (ideal)                             0.00       0.00
  U_IF_ID_Reg/instruction_out_reg[2]/CK (DFFRQX2M)        0.00 #     0.00 r
  U_IF_ID_Reg/instruction_out_reg[2]/Q (DFFRQX2M)         0.93       0.93 r
  U_IF_ID_Reg/instruction_out[2] (IF_ID_register)         0.00       0.93 r
  U_Hazard_Detection_Unit/IF_ID_instruction[2] (hazard_detection_unit)
                                                          0.00       0.93 r
  U_Hazard_Detection_Unit/U18/Y (INVX2M)                  0.12       1.05 f
  U_Hazard_Detection_Unit/U10/Y (AOI32X1M)                0.21       1.27 r
  U_Hazard_Detection_Unit/U8/Y (OAI32X1M)                 0.14       1.41 f
  U_Hazard_Detection_Unit/U6/Y (AOI211X2M)                0.23       1.63 r
  U_Hazard_Detection_Unit/U13/Y (OAI33X2M)                0.15       1.78 f
  U_Hazard_Detection_Unit/U12/Y (NAND2X2M)                0.09       1.87 r
  U_Hazard_Detection_Unit/U3/Y (INVX2M)                   0.08       1.95 f
  U_Hazard_Detection_Unit/control_mux_sel (hazard_detection_unit)
                                                          0.00       1.95 f
  U_ID_EX_Reg/flush (ID_EX_register)                      0.00       1.95 f
  U_ID_EX_Reg/U3/Y (NOR2X4M)                              0.66       2.61 r
  U_ID_EX_Reg/U14/Y (NOR2X2M)                             0.14       2.76 f
  U_ID_EX_Reg/U10/Y (BUFX2M)                              0.18       2.94 f
  U_ID_EX_Reg/U6/Y (BUFX2M)                               0.18       3.13 f
  U_ID_EX_Reg/U60/Y (AO22X1M)                             0.35       3.47 f
  U_ID_EX_Reg/pc_out_plus_1_reg[2]/D (DFFRQX2M)           0.00       3.47 f
  data arrival time                                                  3.47

  clock clk (rise edge)                                  20.00      20.00
  clock network delay (ideal)                             0.00      20.00
  clock uncertainty                                      -0.25      19.75
  U_ID_EX_Reg/pc_out_plus_1_reg[2]/CK (DFFRQX2M)          0.00      19.75 r
  library setup time                                     -0.14      19.61
  data required time                                                19.61
  --------------------------------------------------------------------------
  data required time                                                19.61
  data arrival time                                                 -3.47
  --------------------------------------------------------------------------
  slack (MET)                                                       16.13


  Startpoint: U_IF_ID_Reg/instruction_out_reg[2]
              (rising edge-triggered flip-flop clocked by clk)
  Endpoint: U_ID_EX_Reg/pc_out_plus_1_reg[1]
            (rising edge-triggered flip-flop clocked by clk)
  Path Group: clk
  Path Type: max

  Point                                                   Incr       Path
  --------------------------------------------------------------------------
  clock clk (rise edge)                                   0.00       0.00
  clock network delay (ideal)                             0.00       0.00
  U_IF_ID_Reg/instruction_out_reg[2]/CK (DFFRQX2M)        0.00 #     0.00 r
  U_IF_ID_Reg/instruction_out_reg[2]/Q (DFFRQX2M)         0.93       0.93 r
  U_IF_ID_Reg/instruction_out[2] (IF_ID_register)         0.00       0.93 r
  U_Hazard_Detection_Unit/IF_ID_instruction[2] (hazard_detection_unit)
                                                          0.00       0.93 r
  U_Hazard_Detection_Unit/U18/Y (INVX2M)                  0.12       1.05 f
  U_Hazard_Detection_Unit/U10/Y (AOI32X1M)                0.21       1.27 r
  U_Hazard_Detection_Unit/U8/Y (OAI32X1M)                 0.14       1.41 f
  U_Hazard_Detection_Unit/U6/Y (AOI211X2M)                0.23       1.63 r
  U_Hazard_Detection_Unit/U13/Y (OAI33X2M)                0.15       1.78 f
  U_Hazard_Detection_Unit/U12/Y (NAND2X2M)                0.09       1.87 r
  U_Hazard_Detection_Unit/U3/Y (INVX2M)                   0.08       1.95 f
  U_Hazard_Detection_Unit/control_mux_sel (hazard_detection_unit)
                                                          0.00       1.95 f
  U_ID_EX_Reg/flush (ID_EX_register)                      0.00       1.95 f
  U_ID_EX_Reg/U3/Y (NOR2X4M)                              0.66       2.61 r
  U_ID_EX_Reg/U14/Y (NOR2X2M)                             0.14       2.76 f
  U_ID_EX_Reg/U10/Y (BUFX2M)                              0.18       2.94 f
  U_ID_EX_Reg/U5/Y (BUFX2M)                               0.18       3.13 f
  U_ID_EX_Reg/U59/Y (AO22X1M)                             0.35       3.47 f
  U_ID_EX_Reg/pc_out_plus_1_reg[1]/D (DFFRQX2M)           0.00       3.47 f
  data arrival time                                                  3.47

  clock clk (rise edge)                                  20.00      20.00
  clock network delay (ideal)                             0.00      20.00
  clock uncertainty                                      -0.25      19.75
  U_ID_EX_Reg/pc_out_plus_1_reg[1]/CK (DFFRQX2M)          0.00      19.75 r
  library setup time                                     -0.14      19.61
  data required time                                                19.61
  --------------------------------------------------------------------------
  data required time                                                19.61
  data arrival time                                                 -3.47
  --------------------------------------------------------------------------
  slack (MET)                                                       16.13


  Startpoint: U_IF_ID_Reg/instruction_out_reg[2]
              (rising edge-triggered flip-flop clocked by clk)
  Endpoint: U_ID_EX_Reg/pc_out_plus_1_reg[0]
            (rising edge-triggered flip-flop clocked by clk)
  Path Group: clk
  Path Type: max

  Point                                                   Incr       Path
  --------------------------------------------------------------------------
  clock clk (rise edge)                                   0.00       0.00
  clock network delay (ideal)                             0.00       0.00
  U_IF_ID_Reg/instruction_out_reg[2]/CK (DFFRQX2M)        0.00 #     0.00 r
  U_IF_ID_Reg/instruction_out_reg[2]/Q (DFFRQX2M)         0.93       0.93 r
  U_IF_ID_Reg/instruction_out[2] (IF_ID_register)         0.00       0.93 r
  U_Hazard_Detection_Unit/IF_ID_instruction[2] (hazard_detection_unit)
                                                          0.00       0.93 r
  U_Hazard_Detection_Unit/U18/Y (INVX2M)                  0.12       1.05 f
  U_Hazard_Detection_Unit/U10/Y (AOI32X1M)                0.21       1.27 r
  U_Hazard_Detection_Unit/U8/Y (OAI32X1M)                 0.14       1.41 f
  U_Hazard_Detection_Unit/U6/Y (AOI211X2M)                0.23       1.63 r
  U_Hazard_Detection_Unit/U13/Y (OAI33X2M)                0.15       1.78 f
  U_Hazard_Detection_Unit/U12/Y (NAND2X2M)                0.09       1.87 r
  U_Hazard_Detection_Unit/U3/Y (INVX2M)                   0.08       1.95 f
  U_Hazard_Detection_Unit/control_mux_sel (hazard_detection_unit)
                                                          0.00       1.95 f
  U_ID_EX_Reg/flush (ID_EX_register)                      0.00       1.95 f
  U_ID_EX_Reg/U3/Y (NOR2X4M)                              0.66       2.61 r
  U_ID_EX_Reg/U14/Y (NOR2X2M)                             0.14       2.76 f
  U_ID_EX_Reg/U10/Y (BUFX2M)                              0.18       2.94 f
  U_ID_EX_Reg/U5/Y (BUFX2M)                               0.18       3.13 f
  U_ID_EX_Reg/U58/Y (AO22X1M)                             0.35       3.47 f
  U_ID_EX_Reg/pc_out_plus_1_reg[0]/D (DFFRQX2M)           0.00       3.47 f
  data arrival time                                                  3.47

  clock clk (rise edge)                                  20.00      20.00
  clock network delay (ideal)                             0.00      20.00
  clock uncertainty                                      -0.25      19.75
  U_ID_EX_Reg/pc_out_plus_1_reg[0]/CK (DFFRQX2M)          0.00      19.75 r
  library setup time                                     -0.14      19.61
  data required time                                                19.61
  --------------------------------------------------------------------------
  data required time                                                19.61
  data arrival time                                                 -3.47
  --------------------------------------------------------------------------
  slack (MET)                                                       16.13


  Startpoint: U_IF_ID_Reg/instruction_out_reg[2]
              (rising edge-triggered flip-flop clocked by clk)
  Endpoint: U_ID_EX_Reg/mem_write_en_out_reg
            (rising edge-triggered flip-flop clocked by clk)
  Path Group: clk
  Path Type: max

  Point                                                   Incr       Path
  --------------------------------------------------------------------------
  clock clk (rise edge)                                   0.00       0.00
  clock network delay (ideal)                             0.00       0.00
  U_IF_ID_Reg/instruction_out_reg[2]/CK (DFFRQX2M)        0.00 #     0.00 r
  U_IF_ID_Reg/instruction_out_reg[2]/Q (DFFRQX2M)         0.93       0.93 r
  U_IF_ID_Reg/instruction_out[2] (IF_ID_register)         0.00       0.93 r
  U_Hazard_Detection_Unit/IF_ID_instruction[2] (hazard_detection_unit)
                                                          0.00       0.93 r
  U_Hazard_Detection_Unit/U18/Y (INVX2M)                  0.12       1.05 f
  U_Hazard_Detection_Unit/U10/Y (AOI32X1M)                0.21       1.27 r
  U_Hazard_Detection_Unit/U8/Y (OAI32X1M)                 0.14       1.41 f
  U_Hazard_Detection_Unit/U6/Y (AOI211X2M)                0.23       1.63 r
  U_Hazard_Detection_Unit/U13/Y (OAI33X2M)                0.15       1.78 f
  U_Hazard_Detection_Unit/U12/Y (NAND2X2M)                0.09       1.87 r
  U_Hazard_Detection_Unit/U3/Y (INVX2M)                   0.08       1.95 f
  U_Hazard_Detection_Unit/control_mux_sel (hazard_detection_unit)
                                                          0.00       1.95 f
  U_ID_EX_Reg/flush (ID_EX_register)                      0.00       1.95 f
  U_ID_EX_Reg/U3/Y (NOR2X4M)                              0.66       2.61 r
  U_ID_EX_Reg/U14/Y (NOR2X2M)                             0.14       2.76 f
  U_ID_EX_Reg/U10/Y (BUFX2M)                              0.18       2.94 f
  U_ID_EX_Reg/U5/Y (BUFX2M)                               0.18       3.13 f
  U_ID_EX_Reg/U47/Y (AO22X1M)                             0.35       3.47 f
  U_ID_EX_Reg/mem_write_en_out_reg/D (DFFRQX2M)           0.00       3.47 f
  data arrival time                                                  3.47

  clock clk (rise edge)                                  20.00      20.00
  clock network delay (ideal)                             0.00      20.00
  clock uncertainty                                      -0.25      19.75
  U_ID_EX_Reg/mem_write_en_out_reg/CK (DFFRQX2M)          0.00      19.75 r
  library setup time                                     -0.14      19.61
  data required time                                                19.61
  --------------------------------------------------------------------------
  data required time                                                19.61
  data arrival time                                                 -3.47
  --------------------------------------------------------------------------
  slack (MET)                                                       16.13


  Startpoint: U_IF_ID_Reg/instruction_out_reg[2]
              (rising edge-triggered flip-flop clocked by clk)
  Endpoint: U_ID_EX_Reg/mem_R_addr_sel_out_reg[1]
            (rising edge-triggered flip-flop clocked by clk)
  Path Group: clk
  Path Type: max

  Point                                                   Incr       Path
  --------------------------------------------------------------------------
  clock clk (rise edge)                                   0.00       0.00
  clock network delay (ideal)                             0.00       0.00
  U_IF_ID_Reg/instruction_out_reg[2]/CK (DFFRQX2M)        0.00 #     0.00 r
  U_IF_ID_Reg/instruction_out_reg[2]/Q (DFFRQX2M)         0.93       0.93 r
  U_IF_ID_Reg/instruction_out[2] (IF_ID_register)         0.00       0.93 r
  U_Hazard_Detection_Unit/IF_ID_instruction[2] (hazard_detection_unit)
                                                          0.00       0.93 r
  U_Hazard_Detection_Unit/U18/Y (INVX2M)                  0.12       1.05 f
  U_Hazard_Detection_Unit/U10/Y (AOI32X1M)                0.21       1.27 r
  U_Hazard_Detection_Unit/U8/Y (OAI32X1M)                 0.14       1.41 f
  U_Hazard_Detection_Unit/U6/Y (AOI211X2M)                0.23       1.63 r
  U_Hazard_Detection_Unit/U13/Y (OAI33X2M)                0.15       1.78 f
  U_Hazard_Detection_Unit/U12/Y (NAND2X2M)                0.09       1.87 r
  U_Hazard_Detection_Unit/U3/Y (INVX2M)                   0.08       1.95 f
  U_Hazard_Detection_Unit/control_mux_sel (hazard_detection_unit)
                                                          0.00       1.95 f
  U_ID_EX_Reg/flush (ID_EX_register)                      0.00       1.95 f
  U_ID_EX_Reg/U3/Y (NOR2X4M)                              0.66       2.61 r
  U_ID_EX_Reg/U14/Y (NOR2X2M)                             0.14       2.76 f
  U_ID_EX_Reg/U10/Y (BUFX2M)                              0.18       2.94 f
  U_ID_EX_Reg/U4/Y (BUFX2M)                               0.18       3.13 f
  U_ID_EX_Reg/U46/Y (AO22X1M)                             0.35       3.47 f
  U_ID_EX_Reg/mem_R_addr_sel_out_reg[1]/D (DFFRQX2M)      0.00       3.47 f
  data arrival time                                                  3.47

  clock clk (rise edge)                                  20.00      20.00
  clock network delay (ideal)                             0.00      20.00
  clock uncertainty                                      -0.25      19.75
  U_ID_EX_Reg/mem_R_addr_sel_out_reg[1]/CK (DFFRQX2M)     0.00      19.75 r
  library setup time                                     -0.14      19.61
  data required time                                                19.61
  --------------------------------------------------------------------------
  data required time                                                19.61
  data arrival time                                                 -3.47
  --------------------------------------------------------------------------
  slack (MET)                                                       16.13


  Startpoint: U_IF_ID_Reg/instruction_out_reg[2]
              (rising edge-triggered flip-flop clocked by clk)
  Endpoint: U_ID_EX_Reg/mem_R_addr_sel_out_reg[0]
            (rising edge-triggered flip-flop clocked by clk)
  Path Group: clk
  Path Type: max

  Point                                                   Incr       Path
  --------------------------------------------------------------------------
  clock clk (rise edge)                                   0.00       0.00
  clock network delay (ideal)                             0.00       0.00
  U_IF_ID_Reg/instruction_out_reg[2]/CK (DFFRQX2M)        0.00 #     0.00 r
  U_IF_ID_Reg/instruction_out_reg[2]/Q (DFFRQX2M)         0.93       0.93 r
  U_IF_ID_Reg/instruction_out[2] (IF_ID_register)         0.00       0.93 r
  U_Hazard_Detection_Unit/IF_ID_instruction[2] (hazard_detection_unit)
                                                          0.00       0.93 r
  U_Hazard_Detection_Unit/U18/Y (INVX2M)                  0.12       1.05 f
  U_Hazard_Detection_Unit/U10/Y (AOI32X1M)                0.21       1.27 r
  U_Hazard_Detection_Unit/U8/Y (OAI32X1M)                 0.14       1.41 f
  U_Hazard_Detection_Unit/U6/Y (AOI211X2M)                0.23       1.63 r
  U_Hazard_Detection_Unit/U13/Y (OAI33X2M)                0.15       1.78 f
  U_Hazard_Detection_Unit/U12/Y (NAND2X2M)                0.09       1.87 r
  U_Hazard_Detection_Unit/U3/Y (INVX2M)                   0.08       1.95 f
  U_Hazard_Detection_Unit/control_mux_sel (hazard_detection_unit)
                                                          0.00       1.95 f
  U_ID_EX_Reg/flush (ID_EX_register)                      0.00       1.95 f
  U_ID_EX_Reg/U3/Y (NOR2X4M)                              0.66       2.61 r
  U_ID_EX_Reg/U14/Y (NOR2X2M)                             0.14       2.76 f
  U_ID_EX_Reg/U10/Y (BUFX2M)                              0.18       2.94 f
  U_ID_EX_Reg/U4/Y (BUFX2M)                               0.18       3.13 f
  U_ID_EX_Reg/U45/Y (AO22X1M)                             0.35       3.47 f
  U_ID_EX_Reg/mem_R_addr_sel_out_reg[0]/D (DFFRQX2M)      0.00       3.47 f
  data arrival time                                                  3.47

  clock clk (rise edge)                                  20.00      20.00
  clock network delay (ideal)                             0.00      20.00
  clock uncertainty                                      -0.25      19.75
  U_ID_EX_Reg/mem_R_addr_sel_out_reg[0]/CK (DFFRQX2M)     0.00      19.75 r
  library setup time                                     -0.14      19.61
  data required time                                                19.61
  --------------------------------------------------------------------------
  data required time                                                19.61
  data arrival time                                                 -3.47
  --------------------------------------------------------------------------
  slack (MET)                                                       16.13


  Startpoint: U_IF_ID_Reg/instruction_out_reg[2]
              (rising edge-triggered flip-flop clocked by clk)
  Endpoint: U_ID_EX_Reg/mem_W_addr_sel_out_reg[1]
            (rising edge-triggered flip-flop clocked by clk)
  Path Group: clk
  Path Type: max

  Point                                                   Incr       Path
  --------------------------------------------------------------------------
  clock clk (rise edge)                                   0.00       0.00
  clock network delay (ideal)                             0.00       0.00
  U_IF_ID_Reg/instruction_out_reg[2]/CK (DFFRQX2M)        0.00 #     0.00 r
  U_IF_ID_Reg/instruction_out_reg[2]/Q (DFFRQX2M)         0.93       0.93 r
  U_IF_ID_Reg/instruction_out[2] (IF_ID_register)         0.00       0.93 r
  U_Hazard_Detection_Unit/IF_ID_instruction[2] (hazard_detection_unit)
                                                          0.00       0.93 r
  U_Hazard_Detection_Unit/U18/Y (INVX2M)                  0.12       1.05 f
  U_Hazard_Detection_Unit/U10/Y (AOI32X1M)                0.21       1.27 r
  U_Hazard_Detection_Unit/U8/Y (OAI32X1M)                 0.14       1.41 f
  U_Hazard_Detection_Unit/U6/Y (AOI211X2M)                0.23       1.63 r
  U_Hazard_Detection_Unit/U13/Y (OAI33X2M)                0.15       1.78 f
  U_Hazard_Detection_Unit/U12/Y (NAND2X2M)                0.09       1.87 r
  U_Hazard_Detection_Unit/U3/Y (INVX2M)                   0.08       1.95 f
  U_Hazard_Detection_Unit/control_mux_sel (hazard_detection_unit)
                                                          0.00       1.95 f
  U_ID_EX_Reg/flush (ID_EX_register)                      0.00       1.95 f
  U_ID_EX_Reg/U3/Y (NOR2X4M)                              0.66       2.61 r
  U_ID_EX_Reg/U14/Y (NOR2X2M)                             0.14       2.76 f
  U_ID_EX_Reg/U10/Y (BUFX2M)                              0.18       2.94 f
  U_ID_EX_Reg/U4/Y (BUFX2M)                               0.18       3.13 f
  U_ID_EX_Reg/U44/Y (AO22X1M)                             0.35       3.47 f
  U_ID_EX_Reg/mem_W_addr_sel_out_reg[1]/D (DFFRQX2M)      0.00       3.47 f
  data arrival time                                                  3.47

  clock clk (rise edge)                                  20.00      20.00
  clock network delay (ideal)                             0.00      20.00
  clock uncertainty                                      -0.25      19.75
  U_ID_EX_Reg/mem_W_addr_sel_out_reg[1]/CK (DFFRQX2M)     0.00      19.75 r
  library setup time                                     -0.14      19.61
  data required time                                                19.61
  --------------------------------------------------------------------------
  data required time                                                19.61
  data arrival time                                                 -3.47
  --------------------------------------------------------------------------
  slack (MET)                                                       16.13


  Startpoint: U_IF_ID_Reg/instruction_out_reg[2]
              (rising edge-triggered flip-flop clocked by clk)
  Endpoint: U_ID_EX_Reg/mem_W_addr_sel_out_reg[0]
            (rising edge-triggered flip-flop clocked by clk)
  Path Group: clk
  Path Type: max

  Point                                                   Incr       Path
  --------------------------------------------------------------------------
  clock clk (rise edge)                                   0.00       0.00
  clock network delay (ideal)                             0.00       0.00
  U_IF_ID_Reg/instruction_out_reg[2]/CK (DFFRQX2M)        0.00 #     0.00 r
  U_IF_ID_Reg/instruction_out_reg[2]/Q (DFFRQX2M)         0.93       0.93 r
  U_IF_ID_Reg/instruction_out[2] (IF_ID_register)         0.00       0.93 r
  U_Hazard_Detection_Unit/IF_ID_instruction[2] (hazard_detection_unit)
                                                          0.00       0.93 r
  U_Hazard_Detection_Unit/U18/Y (INVX2M)                  0.12       1.05 f
  U_Hazard_Detection_Unit/U10/Y (AOI32X1M)                0.21       1.27 r
  U_Hazard_Detection_Unit/U8/Y (OAI32X1M)                 0.14       1.41 f
  U_Hazard_Detection_Unit/U6/Y (AOI211X2M)                0.23       1.63 r
  U_Hazard_Detection_Unit/U13/Y (OAI33X2M)                0.15       1.78 f
  U_Hazard_Detection_Unit/U12/Y (NAND2X2M)                0.09       1.87 r
  U_Hazard_Detection_Unit/U3/Y (INVX2M)                   0.08       1.95 f
  U_Hazard_Detection_Unit/control_mux_sel (hazard_detection_unit)
                                                          0.00       1.95 f
  U_ID_EX_Reg/flush (ID_EX_register)                      0.00       1.95 f
  U_ID_EX_Reg/U3/Y (NOR2X4M)                              0.66       2.61 r
  U_ID_EX_Reg/U14/Y (NOR2X2M)                             0.14       2.76 f
  U_ID_EX_Reg/U10/Y (BUFX2M)                              0.18       2.94 f
  U_ID_EX_Reg/U4/Y (BUFX2M)                               0.18       3.13 f
  U_ID_EX_Reg/U55/Y (AO22X1M)                             0.35       3.47 f
  U_ID_EX_Reg/mem_W_addr_sel_out_reg[0]/D (DFFRQX2M)      0.00       3.47 f
  data arrival time                                                  3.47

  clock clk (rise edge)                                  20.00      20.00
  clock network delay (ideal)                             0.00      20.00
  clock uncertainty                                      -0.25      19.75
  U_ID_EX_Reg/mem_W_addr_sel_out_reg[0]/CK (DFFRQX2M)     0.00      19.75 r
  library setup time                                     -0.14      19.61
  data required time                                                19.61
  --------------------------------------------------------------------------
  data required time                                                19.61
  data arrival time                                                 -3.47
  --------------------------------------------------------------------------
  slack (MET)                                                       16.13


  Startpoint: U_IF_ID_Reg/instruction_out_reg[2]
              (rising edge-triggered flip-flop clocked by clk)
  Endpoint: U_ID_EX_Reg/mem_W_data_sel_out_reg[1]
            (rising edge-triggered flip-flop clocked by clk)
  Path Group: clk
  Path Type: max

  Point                                                   Incr       Path
  --------------------------------------------------------------------------
  clock clk (rise edge)                                   0.00       0.00
  clock network delay (ideal)                             0.00       0.00
  U_IF_ID_Reg/instruction_out_reg[2]/CK (DFFRQX2M)        0.00 #     0.00 r
  U_IF_ID_Reg/instruction_out_reg[2]/Q (DFFRQX2M)         0.93       0.93 r
  U_IF_ID_Reg/instruction_out[2] (IF_ID_register)         0.00       0.93 r
  U_Hazard_Detection_Unit/IF_ID_instruction[2] (hazard_detection_unit)
                                                          0.00       0.93 r
  U_Hazard_Detection_Unit/U18/Y (INVX2M)                  0.12       1.05 f
  U_Hazard_Detection_Unit/U10/Y (AOI32X1M)                0.21       1.27 r
  U_Hazard_Detection_Unit/U8/Y (OAI32X1M)                 0.14       1.41 f
  U_Hazard_Detection_Unit/U6/Y (AOI211X2M)                0.23       1.63 r
  U_Hazard_Detection_Unit/U13/Y (OAI33X2M)                0.15       1.78 f
  U_Hazard_Detection_Unit/U12/Y (NAND2X2M)                0.09       1.87 r
  U_Hazard_Detection_Unit/U3/Y (INVX2M)                   0.08       1.95 f
  U_Hazard_Detection_Unit/control_mux_sel (hazard_detection_unit)
                                                          0.00       1.95 f
  U_ID_EX_Reg/flush (ID_EX_register)                      0.00       1.95 f
  U_ID_EX_Reg/U3/Y (NOR2X4M)                              0.66       2.61 r
  U_ID_EX_Reg/U14/Y (NOR2X2M)                             0.14       2.76 f
  U_ID_EX_Reg/U10/Y (BUFX2M)                              0.18       2.94 f
  U_ID_EX_Reg/U4/Y (BUFX2M)                               0.18       3.13 f
  U_ID_EX_Reg/U43/Y (AO22X1M)                             0.35       3.47 f
  U_ID_EX_Reg/mem_W_data_sel_out_reg[1]/D (DFFRQX2M)      0.00       3.47 f
  data arrival time                                                  3.47

  clock clk (rise edge)                                  20.00      20.00
  clock network delay (ideal)                             0.00      20.00
  clock uncertainty                                      -0.25      19.75
  U_ID_EX_Reg/mem_W_data_sel_out_reg[1]/CK (DFFRQX2M)     0.00      19.75 r
  library setup time                                     -0.14      19.61
  data required time                                                19.61
  --------------------------------------------------------------------------
  data required time                                                19.61
  data arrival time                                                 -3.47
  --------------------------------------------------------------------------
  slack (MET)                                                       16.13


  Startpoint: U_IF_ID_Reg/instruction_out_reg[2]
              (rising edge-triggered flip-flop clocked by clk)
  Endpoint: U_ID_EX_Reg/mem_W_data_sel_out_reg[0]
            (rising edge-triggered flip-flop clocked by clk)
  Path Group: clk
  Path Type: max

  Point                                                   Incr       Path
  --------------------------------------------------------------------------
  clock clk (rise edge)                                   0.00       0.00
  clock network delay (ideal)                             0.00       0.00
  U_IF_ID_Reg/instruction_out_reg[2]/CK (DFFRQX2M)        0.00 #     0.00 r
  U_IF_ID_Reg/instruction_out_reg[2]/Q (DFFRQX2M)         0.93       0.93 r
  U_IF_ID_Reg/instruction_out[2] (IF_ID_register)         0.00       0.93 r
  U_Hazard_Detection_Unit/IF_ID_instruction[2] (hazard_detection_unit)
                                                          0.00       0.93 r
  U_Hazard_Detection_Unit/U18/Y (INVX2M)                  0.12       1.05 f
  U_Hazard_Detection_Unit/U10/Y (AOI32X1M)                0.21       1.27 r
  U_Hazard_Detection_Unit/U8/Y (OAI32X1M)                 0.14       1.41 f
  U_Hazard_Detection_Unit/U6/Y (AOI211X2M)                0.23       1.63 r
  U_Hazard_Detection_Unit/U13/Y (OAI33X2M)                0.15       1.78 f
  U_Hazard_Detection_Unit/U12/Y (NAND2X2M)                0.09       1.87 r
  U_Hazard_Detection_Unit/U3/Y (INVX2M)                   0.08       1.95 f
  U_Hazard_Detection_Unit/control_mux_sel (hazard_detection_unit)
                                                          0.00       1.95 f
  U_ID_EX_Reg/flush (ID_EX_register)                      0.00       1.95 f
  U_ID_EX_Reg/U3/Y (NOR2X4M)                              0.66       2.61 r
  U_ID_EX_Reg/U14/Y (NOR2X2M)                             0.14       2.76 f
  U_ID_EX_Reg/U10/Y (BUFX2M)                              0.18       2.94 f
  U_ID_EX_Reg/U4/Y (BUFX2M)                               0.18       3.13 f
  U_ID_EX_Reg/U54/Y (AO22X1M)                             0.35       3.47 f
  U_ID_EX_Reg/mem_W_data_sel_out_reg[0]/D (DFFRQX2M)      0.00       3.47 f
  data arrival time                                                  3.47

  clock clk (rise edge)                                  20.00      20.00
  clock network delay (ideal)                             0.00      20.00
  clock uncertainty                                      -0.25      19.75
  U_ID_EX_Reg/mem_W_data_sel_out_reg[0]/CK (DFFRQX2M)     0.00      19.75 r
  library setup time                                     -0.14      19.61
  data required time                                                19.61
  --------------------------------------------------------------------------
  data required time                                                19.61
  data arrival time                                                 -3.47
  --------------------------------------------------------------------------
  slack (MET)                                                       16.13


  Startpoint: U_IF_ID_Reg/instruction_out_reg[2]
              (rising edge-triggered flip-flop clocked by clk)
  Endpoint: U_ID_EX_Reg/Sel_WriteData_out_reg[1]
            (rising edge-triggered flip-flop clocked by clk)
  Path Group: clk
  Path Type: max

  Point                                                   Incr       Path
  --------------------------------------------------------------------------
  clock clk (rise edge)                                   0.00       0.00
  clock network delay (ideal)                             0.00       0.00
  U_IF_ID_Reg/instruction_out_reg[2]/CK (DFFRQX2M)        0.00 #     0.00 r
  U_IF_ID_Reg/instruction_out_reg[2]/Q (DFFRQX2M)         0.93       0.93 r
  U_IF_ID_Reg/instruction_out[2] (IF_ID_register)         0.00       0.93 r
  U_Hazard_Detection_Unit/IF_ID_instruction[2] (hazard_detection_unit)
                                                          0.00       0.93 r
  U_Hazard_Detection_Unit/U18/Y (INVX2M)                  0.12       1.05 f
  U_Hazard_Detection_Unit/U10/Y (AOI32X1M)                0.21       1.27 r
  U_Hazard_Detection_Unit/U8/Y (OAI32X1M)                 0.14       1.41 f
  U_Hazard_Detection_Unit/U6/Y (AOI211X2M)                0.23       1.63 r
  U_Hazard_Detection_Unit/U13/Y (OAI33X2M)                0.15       1.78 f
  U_Hazard_Detection_Unit/U12/Y (NAND2X2M)                0.09       1.87 r
  U_Hazard_Detection_Unit/U3/Y (INVX2M)                   0.08       1.95 f
  U_Hazard_Detection_Unit/control_mux_sel (hazard_detection_unit)
                                                          0.00       1.95 f
  U_ID_EX_Reg/flush (ID_EX_register)                      0.00       1.95 f
  U_ID_EX_Reg/U3/Y (NOR2X4M)                              0.66       2.61 r
  U_ID_EX_Reg/U14/Y (NOR2X2M)                             0.14       2.76 f
  U_ID_EX_Reg/U10/Y (BUFX2M)                              0.18       2.94 f
  U_ID_EX_Reg/U4/Y (BUFX2M)                               0.18       3.13 f
  U_ID_EX_Reg/U42/Y (AO22X1M)                             0.35       3.47 f
  U_ID_EX_Reg/Sel_WriteData_out_reg[1]/D (DFFRQX2M)       0.00       3.47 f
  data arrival time                                                  3.47

  clock clk (rise edge)                                  20.00      20.00
  clock network delay (ideal)                             0.00      20.00
  clock uncertainty                                      -0.25      19.75
  U_ID_EX_Reg/Sel_WriteData_out_reg[1]/CK (DFFRQX2M)      0.00      19.75 r
  library setup time                                     -0.14      19.61
  data required time                                                19.61
  --------------------------------------------------------------------------
  data required time                                                19.61
  data arrival time                                                 -3.47
  --------------------------------------------------------------------------
  slack (MET)                                                       16.13


  Startpoint: U_IF_ID_Reg/instruction_out_reg[2]
              (rising edge-triggered flip-flop clocked by clk)
  Endpoint: U_ID_EX_Reg/Sel_WriteData_out_reg[0]
            (rising edge-triggered flip-flop clocked by clk)
  Path Group: clk
  Path Type: max

  Point                                                   Incr       Path
  --------------------------------------------------------------------------
  clock clk (rise edge)                                   0.00       0.00
  clock network delay (ideal)                             0.00       0.00
  U_IF_ID_Reg/instruction_out_reg[2]/CK (DFFRQX2M)        0.00 #     0.00 r
  U_IF_ID_Reg/instruction_out_reg[2]/Q (DFFRQX2M)         0.93       0.93 r
  U_IF_ID_Reg/instruction_out[2] (IF_ID_register)         0.00       0.93 r
  U_Hazard_Detection_Unit/IF_ID_instruction[2] (hazard_detection_unit)
                                                          0.00       0.93 r
  U_Hazard_Detection_Unit/U18/Y (INVX2M)                  0.12       1.05 f
  U_Hazard_Detection_Unit/U10/Y (AOI32X1M)                0.21       1.27 r
  U_Hazard_Detection_Unit/U8/Y (OAI32X1M)                 0.14       1.41 f
  U_Hazard_Detection_Unit/U6/Y (AOI211X2M)                0.23       1.63 r
  U_Hazard_Detection_Unit/U13/Y (OAI33X2M)                0.15       1.78 f
  U_Hazard_Detection_Unit/U12/Y (NAND2X2M)                0.09       1.87 r
  U_Hazard_Detection_Unit/U3/Y (INVX2M)                   0.08       1.95 f
  U_Hazard_Detection_Unit/control_mux_sel (hazard_detection_unit)
                                                          0.00       1.95 f
  U_ID_EX_Reg/flush (ID_EX_register)                      0.00       1.95 f
  U_ID_EX_Reg/U3/Y (NOR2X4M)                              0.66       2.61 r
  U_ID_EX_Reg/U14/Y (NOR2X2M)                             0.14       2.76 f
  U_ID_EX_Reg/U10/Y (BUFX2M)                              0.18       2.94 f
  U_ID_EX_Reg/U4/Y (BUFX2M)                               0.18       3.13 f
  U_ID_EX_Reg/U38/Y (AO22X1M)                             0.35       3.47 f
  U_ID_EX_Reg/Sel_WriteData_out_reg[0]/D (DFFRQX2M)       0.00       3.47 f
  data arrival time                                                  3.47

  clock clk (rise edge)                                  20.00      20.00
  clock network delay (ideal)                             0.00      20.00
  clock uncertainty                                      -0.25      19.75
  U_ID_EX_Reg/Sel_WriteData_out_reg[0]/CK (DFFRQX2M)      0.00      19.75 r
  library setup time                                     -0.14      19.61
  data required time                                                19.61
  --------------------------------------------------------------------------
  data required time                                                19.61
  data arrival time                                                 -3.47
  --------------------------------------------------------------------------
  slack (MET)                                                       16.13


  Startpoint: U_IF_ID_Reg/instruction_out_reg[2]
              (rising edge-triggered flip-flop clocked by clk)
  Endpoint: U_ID_EX_Reg/Sel_WriteAddr_out_reg[1]
            (rising edge-triggered flip-flop clocked by clk)
  Path Group: clk
  Path Type: max

  Point                                                   Incr       Path
  --------------------------------------------------------------------------
  clock clk (rise edge)                                   0.00       0.00
  clock network delay (ideal)                             0.00       0.00
  U_IF_ID_Reg/instruction_out_reg[2]/CK (DFFRQX2M)        0.00 #     0.00 r
  U_IF_ID_Reg/instruction_out_reg[2]/Q (DFFRQX2M)         0.93       0.93 r
  U_IF_ID_Reg/instruction_out[2] (IF_ID_register)         0.00       0.93 r
  U_Hazard_Detection_Unit/IF_ID_instruction[2] (hazard_detection_unit)
                                                          0.00       0.93 r
  U_Hazard_Detection_Unit/U18/Y (INVX2M)                  0.12       1.05 f
  U_Hazard_Detection_Unit/U10/Y (AOI32X1M)                0.21       1.27 r
  U_Hazard_Detection_Unit/U8/Y (OAI32X1M)                 0.14       1.41 f
  U_Hazard_Detection_Unit/U6/Y (AOI211X2M)                0.23       1.63 r
  U_Hazard_Detection_Unit/U13/Y (OAI33X2M)                0.15       1.78 f
  U_Hazard_Detection_Unit/U12/Y (NAND2X2M)                0.09       1.87 r
  U_Hazard_Detection_Unit/U3/Y (INVX2M)                   0.08       1.95 f
  U_Hazard_Detection_Unit/control_mux_sel (hazard_detection_unit)
                                                          0.00       1.95 f
  U_ID_EX_Reg/flush (ID_EX_register)                      0.00       1.95 f
  U_ID_EX_Reg/U3/Y (NOR2X4M)                              0.66       2.61 r
  U_ID_EX_Reg/U14/Y (NOR2X2M)                             0.14       2.76 f
  U_ID_EX_Reg/U10/Y (BUFX2M)                              0.18       2.94 f
  U_ID_EX_Reg/U4/Y (BUFX2M)                               0.18       3.13 f
  U_ID_EX_Reg/U41/Y (AO22X1M)                             0.35       3.47 f
  U_ID_EX_Reg/Sel_WriteAddr_out_reg[1]/D (DFFRQX2M)       0.00       3.47 f
  data arrival time                                                  3.47

  clock clk (rise edge)                                  20.00      20.00
  clock network delay (ideal)                             0.00      20.00
  clock uncertainty                                      -0.25      19.75
  U_ID_EX_Reg/Sel_WriteAddr_out_reg[1]/CK (DFFRQX2M)      0.00      19.75 r
  library setup time                                     -0.14      19.61
  data required time                                                19.61
  --------------------------------------------------------------------------
  data required time                                                19.61
  data arrival time                                                 -3.47
  --------------------------------------------------------------------------
  slack (MET)                                                       16.13


  Startpoint: U_IF_ID_Reg/instruction_out_reg[2]
              (rising edge-triggered flip-flop clocked by clk)
  Endpoint: U_ID_EX_Reg/Sel_WriteAddr_out_reg[0]
            (rising edge-triggered flip-flop clocked by clk)
  Path Group: clk
  Path Type: max

  Point                                                   Incr       Path
  --------------------------------------------------------------------------
  clock clk (rise edge)                                   0.00       0.00
  clock network delay (ideal)                             0.00       0.00
  U_IF_ID_Reg/instruction_out_reg[2]/CK (DFFRQX2M)        0.00 #     0.00 r
  U_IF_ID_Reg/instruction_out_reg[2]/Q (DFFRQX2M)         0.93       0.93 r
  U_IF_ID_Reg/instruction_out[2] (IF_ID_register)         0.00       0.93 r
  U_Hazard_Detection_Unit/IF_ID_instruction[2] (hazard_detection_unit)
                                                          0.00       0.93 r
  U_Hazard_Detection_Unit/U18/Y (INVX2M)                  0.12       1.05 f
  U_Hazard_Detection_Unit/U10/Y (AOI32X1M)                0.21       1.27 r
  U_Hazard_Detection_Unit/U8/Y (OAI32X1M)                 0.14       1.41 f
  U_Hazard_Detection_Unit/U6/Y (AOI211X2M)                0.23       1.63 r
  U_Hazard_Detection_Unit/U13/Y (OAI33X2M)                0.15       1.78 f
  U_Hazard_Detection_Unit/U12/Y (NAND2X2M)                0.09       1.87 r
  U_Hazard_Detection_Unit/U3/Y (INVX2M)                   0.08       1.95 f
  U_Hazard_Detection_Unit/control_mux_sel (hazard_detection_unit)
                                                          0.00       1.95 f
  U_ID_EX_Reg/flush (ID_EX_register)                      0.00       1.95 f
  U_ID_EX_Reg/U3/Y (NOR2X4M)                              0.66       2.61 r
  U_ID_EX_Reg/U14/Y (NOR2X2M)                             0.14       2.76 f
  U_ID_EX_Reg/U10/Y (BUFX2M)                              0.18       2.94 f
  U_ID_EX_Reg/U4/Y (BUFX2M)                               0.18       3.13 f
  U_ID_EX_Reg/U40/Y (AO22X1M)                             0.35       3.47 f
  U_ID_EX_Reg/Sel_WriteAddr_out_reg[0]/D (DFFRQX2M)       0.00       3.47 f
  data arrival time                                                  3.47

  clock clk (rise edge)                                  20.00      20.00
  clock network delay (ideal)                             0.00      20.00
  clock uncertainty                                      -0.25      19.75
  U_ID_EX_Reg/Sel_WriteAddr_out_reg[0]/CK (DFFRQX2M)      0.00      19.75 r
  library setup time                                     -0.14      19.61
  data required time                                                19.61
  --------------------------------------------------------------------------
  data required time                                                19.61
  data arrival time                                                 -3.47
  --------------------------------------------------------------------------
  slack (MET)                                                       16.13


  Startpoint: U_IF_ID_Reg/instruction_out_reg[2]
              (rising edge-triggered flip-flop clocked by clk)
  Endpoint: U_ID_EX_Reg/SP_Dec_out_reg
            (rising edge-triggered flip-flop clocked by clk)
  Path Group: clk
  Path Type: max

  Point                                                   Incr       Path
  --------------------------------------------------------------------------
  clock clk (rise edge)                                   0.00       0.00
  clock network delay (ideal)                             0.00       0.00
  U_IF_ID_Reg/instruction_out_reg[2]/CK (DFFRQX2M)        0.00 #     0.00 r
  U_IF_ID_Reg/instruction_out_reg[2]/Q (DFFRQX2M)         0.93       0.93 r
  U_IF_ID_Reg/instruction_out[2] (IF_ID_register)         0.00       0.93 r
  U_Hazard_Detection_Unit/IF_ID_instruction[2] (hazard_detection_unit)
                                                          0.00       0.93 r
  U_Hazard_Detection_Unit/U18/Y (INVX2M)                  0.12       1.05 f
  U_Hazard_Detection_Unit/U10/Y (AOI32X1M)                0.21       1.27 r
  U_Hazard_Detection_Unit/U8/Y (OAI32X1M)                 0.14       1.41 f
  U_Hazard_Detection_Unit/U6/Y (AOI211X2M)                0.23       1.63 r
  U_Hazard_Detection_Unit/U13/Y (OAI33X2M)                0.15       1.78 f
  U_Hazard_Detection_Unit/U12/Y (NAND2X2M)                0.09       1.87 r
  U_Hazard_Detection_Unit/U3/Y (INVX2M)                   0.08       1.95 f
  U_Hazard_Detection_Unit/control_mux_sel (hazard_detection_unit)
                                                          0.00       1.95 f
  U_ID_EX_Reg/flush (ID_EX_register)                      0.00       1.95 f
  U_ID_EX_Reg/U3/Y (NOR2X4M)                              0.66       2.61 r
  U_ID_EX_Reg/U14/Y (NOR2X2M)                             0.14       2.76 f
  U_ID_EX_Reg/U10/Y (BUFX2M)                              0.18       2.94 f
  U_ID_EX_Reg/U4/Y (BUFX2M)                               0.18       3.13 f
  U_ID_EX_Reg/U36/Y (AO22X1M)                             0.35       3.47 f
  U_ID_EX_Reg/SP_Dec_out_reg/D (DFFRQX2M)                 0.00       3.47 f
  data arrival time                                                  3.47

  clock clk (rise edge)                                  20.00      20.00
  clock network delay (ideal)                             0.00      20.00
  clock uncertainty                                      -0.25      19.75
  U_ID_EX_Reg/SP_Dec_out_reg/CK (DFFRQX2M)                0.00      19.75 r
  library setup time                                     -0.14      19.61
  data required time                                                19.61
  --------------------------------------------------------------------------
  data required time                                                19.61
  data arrival time                                                 -3.47
  --------------------------------------------------------------------------
  slack (MET)                                                       16.13


  Startpoint: U_IF_ID_Reg/instruction_out_reg[2]
              (rising edge-triggered flip-flop clocked by clk)
  Endpoint: U_ID_EX_Reg/wr_en_out_reg
            (rising edge-triggered flip-flop clocked by clk)
  Path Group: clk
  Path Type: max

  Point                                                   Incr       Path
  --------------------------------------------------------------------------
  clock clk (rise edge)                                   0.00       0.00
  clock network delay (ideal)                             0.00       0.00
  U_IF_ID_Reg/instruction_out_reg[2]/CK (DFFRQX2M)        0.00 #     0.00 r
  U_IF_ID_Reg/instruction_out_reg[2]/Q (DFFRQX2M)         0.93       0.93 r
  U_IF_ID_Reg/instruction_out[2] (IF_ID_register)         0.00       0.93 r
  U_Hazard_Detection_Unit/IF_ID_instruction[2] (hazard_detection_unit)
                                                          0.00       0.93 r
  U_Hazard_Detection_Unit/U18/Y (INVX2M)                  0.12       1.05 f
  U_Hazard_Detection_Unit/U10/Y (AOI32X1M)                0.21       1.27 r
  U_Hazard_Detection_Unit/U8/Y (OAI32X1M)                 0.14       1.41 f
  U_Hazard_Detection_Unit/U6/Y (AOI211X2M)                0.23       1.63 r
  U_Hazard_Detection_Unit/U13/Y (OAI33X2M)                0.15       1.78 f
  U_Hazard_Detection_Unit/U12/Y (NAND2X2M)                0.09       1.87 r
  U_Hazard_Detection_Unit/U3/Y (INVX2M)                   0.08       1.95 f
  U_Hazard_Detection_Unit/control_mux_sel (hazard_detection_unit)
                                                          0.00       1.95 f
  U_ID_EX_Reg/flush (ID_EX_register)                      0.00       1.95 f
  U_ID_EX_Reg/U3/Y (NOR2X4M)                              0.66       2.61 r
  U_ID_EX_Reg/U14/Y (NOR2X2M)                             0.14       2.76 f
  U_ID_EX_Reg/U10/Y (BUFX2M)                              0.18       2.94 f
  U_ID_EX_Reg/U4/Y (BUFX2M)                               0.18       3.13 f
  U_ID_EX_Reg/U39/Y (AO22X1M)                             0.35       3.47 f
  U_ID_EX_Reg/wr_en_out_reg/D (DFFRQX2M)                  0.00       3.47 f
  data arrival time                                                  3.47

  clock clk (rise edge)                                  20.00      20.00
  clock network delay (ideal)                             0.00      20.00
  clock uncertainty                                      -0.25      19.75
  U_ID_EX_Reg/wr_en_out_reg/CK (DFFRQX2M)                 0.00      19.75 r
  library setup time                                     -0.14      19.61
  data required time                                                19.61
  --------------------------------------------------------------------------
  data required time                                                19.61
  data arrival time                                                 -3.47
  --------------------------------------------------------------------------
  slack (MET)                                                       16.13


  Startpoint: U_IF_ID_Reg/instruction_out_reg[2]
              (rising edge-triggered flip-flop clocked by clk)
  Endpoint: U_ID_EX_Reg/SetC_out_reg
            (rising edge-triggered flip-flop clocked by clk)
  Path Group: clk
  Path Type: max

  Point                                                   Incr       Path
  --------------------------------------------------------------------------
  clock clk (rise edge)                                   0.00       0.00
  clock network delay (ideal)                             0.00       0.00
  U_IF_ID_Reg/instruction_out_reg[2]/CK (DFFRQX2M)        0.00 #     0.00 r
  U_IF_ID_Reg/instruction_out_reg[2]/Q (DFFRQX2M)         0.93       0.93 r
  U_IF_ID_Reg/instruction_out[2] (IF_ID_register)         0.00       0.93 r
  U_Hazard_Detection_Unit/IF_ID_instruction[2] (hazard_detection_unit)
                                                          0.00       0.93 r
  U_Hazard_Detection_Unit/U18/Y (INVX2M)                  0.12       1.05 f
  U_Hazard_Detection_Unit/U10/Y (AOI32X1M)                0.21       1.27 r
  U_Hazard_Detection_Unit/U8/Y (OAI32X1M)                 0.14       1.41 f
  U_Hazard_Detection_Unit/U6/Y (AOI211X2M)                0.23       1.63 r
  U_Hazard_Detection_Unit/U13/Y (OAI33X2M)                0.15       1.78 f
  U_Hazard_Detection_Unit/U12/Y (NAND2X2M)                0.09       1.87 r
  U_Hazard_Detection_Unit/U3/Y (INVX2M)                   0.08       1.95 f
  U_Hazard_Detection_Unit/control_mux_sel (hazard_detection_unit)
                                                          0.00       1.95 f
  U_ID_EX_Reg/flush (ID_EX_register)                      0.00       1.95 f
  U_ID_EX_Reg/U3/Y (NOR2X4M)                              0.66       2.61 r
  U_ID_EX_Reg/U14/Y (NOR2X2M)                             0.14       2.76 f
  U_ID_EX_Reg/U10/Y (BUFX2M)                              0.18       2.94 f
  U_ID_EX_Reg/U5/Y (BUFX2M)                               0.18       3.13 f
  U_ID_EX_Reg/U32/Y (AO22X1M)                             0.35       3.47 f
  U_ID_EX_Reg/SetC_out_reg/D (DFFRQX2M)                   0.00       3.47 f
  data arrival time                                                  3.47

  clock clk (rise edge)                                  20.00      20.00
  clock network delay (ideal)                             0.00      20.00
  clock uncertainty                                      -0.25      19.75
  U_ID_EX_Reg/SetC_out_reg/CK (DFFRQX2M)                  0.00      19.75 r
  library setup time                                     -0.14      19.61
  data required time                                                19.61
  --------------------------------------------------------------------------
  data required time                                                19.61
  data arrival time                                                 -3.47
  --------------------------------------------------------------------------
  slack (MET)                                                       16.13


  Startpoint: U_IF_ID_Reg/instruction_out_reg[2]
              (rising edge-triggered flip-flop clocked by clk)
  Endpoint: U_ID_EX_Reg/ClrC_out_reg
            (rising edge-triggered flip-flop clocked by clk)
  Path Group: clk
  Path Type: max

  Point                                                   Incr       Path
  --------------------------------------------------------------------------
  clock clk (rise edge)                                   0.00       0.00
  clock network delay (ideal)                             0.00       0.00
  U_IF_ID_Reg/instruction_out_reg[2]/CK (DFFRQX2M)        0.00 #     0.00 r
  U_IF_ID_Reg/instruction_out_reg[2]/Q (DFFRQX2M)         0.93       0.93 r
  U_IF_ID_Reg/instruction_out[2] (IF_ID_register)         0.00       0.93 r
  U_Hazard_Detection_Unit/IF_ID_instruction[2] (hazard_detection_unit)
                                                          0.00       0.93 r
  U_Hazard_Detection_Unit/U18/Y (INVX2M)                  0.12       1.05 f
  U_Hazard_Detection_Unit/U10/Y (AOI32X1M)                0.21       1.27 r
  U_Hazard_Detection_Unit/U8/Y (OAI32X1M)                 0.14       1.41 f
  U_Hazard_Detection_Unit/U6/Y (AOI211X2M)                0.23       1.63 r
  U_Hazard_Detection_Unit/U13/Y (OAI33X2M)                0.15       1.78 f
  U_Hazard_Detection_Unit/U12/Y (NAND2X2M)                0.09       1.87 r
  U_Hazard_Detection_Unit/U3/Y (INVX2M)                   0.08       1.95 f
  U_Hazard_Detection_Unit/control_mux_sel (hazard_detection_unit)
                                                          0.00       1.95 f
  U_ID_EX_Reg/flush (ID_EX_register)                      0.00       1.95 f
  U_ID_EX_Reg/U3/Y (NOR2X4M)                              0.66       2.61 r
  U_ID_EX_Reg/U14/Y (NOR2X2M)                             0.14       2.76 f
  U_ID_EX_Reg/U10/Y (BUFX2M)                              0.18       2.94 f
  U_ID_EX_Reg/U5/Y (BUFX2M)                               0.18       3.13 f
  U_ID_EX_Reg/U31/Y (AO22X1M)                             0.35       3.47 f
  U_ID_EX_Reg/ClrC_out_reg/D (DFFRQX2M)                   0.00       3.47 f
  data arrival time                                                  3.47

  clock clk (rise edge)                                  20.00      20.00
  clock network delay (ideal)                             0.00      20.00
  clock uncertainty                                      -0.25      19.75
  U_ID_EX_Reg/ClrC_out_reg/CK (DFFRQX2M)                  0.00      19.75 r
  library setup time                                     -0.14      19.61
  data required time                                                19.61
  --------------------------------------------------------------------------
  data required time                                                19.61
  data arrival time                                                 -3.47
  --------------------------------------------------------------------------
  slack (MET)                                                       16.13


  Startpoint: U_IF_ID_Reg/instruction_out_reg[2]
              (rising edge-triggered flip-flop clocked by clk)
  Endpoint: U_ID_EX_Reg/FlagWriteEnable_out_reg
            (rising edge-triggered flip-flop clocked by clk)
  Path Group: clk
  Path Type: max

  Point                                                   Incr       Path
  --------------------------------------------------------------------------
  clock clk (rise edge)                                   0.00       0.00
  clock network delay (ideal)                             0.00       0.00
  U_IF_ID_Reg/instruction_out_reg[2]/CK (DFFRQX2M)        0.00 #     0.00 r
  U_IF_ID_Reg/instruction_out_reg[2]/Q (DFFRQX2M)         0.93       0.93 r
  U_IF_ID_Reg/instruction_out[2] (IF_ID_register)         0.00       0.93 r
  U_Hazard_Detection_Unit/IF_ID_instruction[2] (hazard_detection_unit)
                                                          0.00       0.93 r
  U_Hazard_Detection_Unit/U18/Y (INVX2M)                  0.12       1.05 f
  U_Hazard_Detection_Unit/U10/Y (AOI32X1M)                0.21       1.27 r
  U_Hazard_Detection_Unit/U8/Y (OAI32X1M)                 0.14       1.41 f
  U_Hazard_Detection_Unit/U6/Y (AOI211X2M)                0.23       1.63 r
  U_Hazard_Detection_Unit/U13/Y (OAI33X2M)                0.15       1.78 f
  U_Hazard_Detection_Unit/U12/Y (NAND2X2M)                0.09       1.87 r
  U_Hazard_Detection_Unit/U3/Y (INVX2M)                   0.08       1.95 f
  U_Hazard_Detection_Unit/control_mux_sel (hazard_detection_unit)
                                                          0.00       1.95 f
  U_ID_EX_Reg/flush (ID_EX_register)                      0.00       1.95 f
  U_ID_EX_Reg/U3/Y (NOR2X4M)                              0.66       2.61 r
  U_ID_EX_Reg/U14/Y (NOR2X2M)                             0.14       2.76 f
  U_ID_EX_Reg/U10/Y (BUFX2M)                              0.18       2.94 f
  U_ID_EX_Reg/U5/Y (BUFX2M)                               0.18       3.13 f
  U_ID_EX_Reg/U49/Y (AO22X1M)                             0.35       3.47 f
  U_ID_EX_Reg/FlagWriteEnable_out_reg/D (DFFRQX2M)        0.00       3.47 f
  data arrival time                                                  3.47

  clock clk (rise edge)                                  20.00      20.00
  clock network delay (ideal)                             0.00      20.00
  clock uncertainty                                      -0.25      19.75
  U_ID_EX_Reg/FlagWriteEnable_out_reg/CK (DFFRQX2M)       0.00      19.75 r
  library setup time                                     -0.14      19.61
  data required time                                                19.61
  --------------------------------------------------------------------------
  data required time                                                19.61
  data arrival time                                                 -3.47
  --------------------------------------------------------------------------
  slack (MET)                                                       16.13


  Startpoint: U_IF_ID_Reg/instruction_out_reg[2]
              (rising edge-triggered flip-flop clocked by clk)
  Endpoint: U_ID_EX_Reg/interrupt_restore_flags_out_reg
            (rising edge-triggered flip-flop clocked by clk)
  Path Group: clk
  Path Type: max

  Point                                                   Incr       Path
  --------------------------------------------------------------------------
  clock clk (rise edge)                                   0.00       0.00
  clock network delay (ideal)                             0.00       0.00
  U_IF_ID_Reg/instruction_out_reg[2]/CK (DFFRQX2M)        0.00 #     0.00 r
  U_IF_ID_Reg/instruction_out_reg[2]/Q (DFFRQX2M)         0.93       0.93 r
  U_IF_ID_Reg/instruction_out[2] (IF_ID_register)         0.00       0.93 r
  U_Hazard_Detection_Unit/IF_ID_instruction[2] (hazard_detection_unit)
                                                          0.00       0.93 r
  U_Hazard_Detection_Unit/U18/Y (INVX2M)                  0.12       1.05 f
  U_Hazard_Detection_Unit/U10/Y (AOI32X1M)                0.21       1.27 r
  U_Hazard_Detection_Unit/U8/Y (OAI32X1M)                 0.14       1.41 f
  U_Hazard_Detection_Unit/U6/Y (AOI211X2M)                0.23       1.63 r
  U_Hazard_Detection_Unit/U13/Y (OAI33X2M)                0.15       1.78 f
  U_Hazard_Detection_Unit/U12/Y (NAND2X2M)                0.09       1.87 r
  U_Hazard_Detection_Unit/U3/Y (INVX2M)                   0.08       1.95 f
  U_Hazard_Detection_Unit/control_mux_sel (hazard_detection_unit)
                                                          0.00       1.95 f
  U_ID_EX_Reg/flush (ID_EX_register)                      0.00       1.95 f
  U_ID_EX_Reg/U3/Y (NOR2X4M)                              0.66       2.61 r
  U_ID_EX_Reg/U14/Y (NOR2X2M)                             0.14       2.76 f
  U_ID_EX_Reg/U10/Y (BUFX2M)                              0.18       2.94 f
  U_ID_EX_Reg/U5/Y (BUFX2M)                               0.18       3.13 f
  U_ID_EX_Reg/U48/Y (AO22X1M)                             0.35       3.47 f
  U_ID_EX_Reg/interrupt_restore_flags_out_reg/D (DFFRQX2M)
                                                          0.00       3.47 f
  data arrival time                                                  3.47

  clock clk (rise edge)                                  20.00      20.00
  clock network delay (ideal)                             0.00      20.00
  clock uncertainty                                      -0.25      19.75
  U_ID_EX_Reg/interrupt_restore_flags_out_reg/CK (DFFRQX2M)
                                                          0.00      19.75 r
  library setup time                                     -0.14      19.61
  data required time                                                19.61
  --------------------------------------------------------------------------
  data required time                                                19.61
  data arrival time                                                 -3.47
  --------------------------------------------------------------------------
  slack (MET)                                                       16.13


  Startpoint: U_IF_ID_Reg/instruction_out_reg[2]
              (rising edge-triggered flip-flop clocked by clk)
  Endpoint: U_ID_EX_Reg/interrupt_save_flags_out_reg
            (rising edge-triggered flip-flop clocked by clk)
  Path Group: clk
  Path Type: max

  Point                                                   Incr       Path
  --------------------------------------------------------------------------
  clock clk (rise edge)                                   0.00       0.00
  clock network delay (ideal)                             0.00       0.00
  U_IF_ID_Reg/instruction_out_reg[2]/CK (DFFRQX2M)        0.00 #     0.00 r
  U_IF_ID_Reg/instruction_out_reg[2]/Q (DFFRQX2M)         0.93       0.93 r
  U_IF_ID_Reg/instruction_out[2] (IF_ID_register)         0.00       0.93 r
  U_Hazard_Detection_Unit/IF_ID_instruction[2] (hazard_detection_unit)
                                                          0.00       0.93 r
  U_Hazard_Detection_Unit/U18/Y (INVX2M)                  0.12       1.05 f
  U_Hazard_Detection_Unit/U10/Y (AOI32X1M)                0.21       1.27 r
  U_Hazard_Detection_Unit/U8/Y (OAI32X1M)                 0.14       1.41 f
  U_Hazard_Detection_Unit/U6/Y (AOI211X2M)                0.23       1.63 r
  U_Hazard_Detection_Unit/U13/Y (OAI33X2M)                0.15       1.78 f
  U_Hazard_Detection_Unit/U12/Y (NAND2X2M)                0.09       1.87 r
  U_Hazard_Detection_Unit/U3/Y (INVX2M)                   0.08       1.95 f
  U_Hazard_Detection_Unit/control_mux_sel (hazard_detection_unit)
                                                          0.00       1.95 f
  U_ID_EX_Reg/flush (ID_EX_register)                      0.00       1.95 f
  U_ID_EX_Reg/U3/Y (NOR2X4M)                              0.66       2.61 r
  U_ID_EX_Reg/U14/Y (NOR2X2M)                             0.14       2.76 f
  U_ID_EX_Reg/U10/Y (BUFX2M)                              0.18       2.94 f
  U_ID_EX_Reg/U5/Y (BUFX2M)                               0.18       3.13 f
  U_ID_EX_Reg/U56/Y (AO22X1M)                             0.35       3.47 f
  U_ID_EX_Reg/interrupt_save_flags_out_reg/D (DFFRQX2M)
                                                          0.00       3.47 f
  data arrival time                                                  3.47

  clock clk (rise edge)                                  20.00      20.00
  clock network delay (ideal)                             0.00      20.00
  clock uncertainty                                      -0.25      19.75
  U_ID_EX_Reg/interrupt_save_flags_out_reg/CK (DFFRQX2M)
                                                          0.00      19.75 r
  library setup time                                     -0.14      19.61
  data required time                                                19.61
  --------------------------------------------------------------------------
  data required time                                                19.61
  data arrival time                                                 -3.47
  --------------------------------------------------------------------------
  slack (MET)                                                       16.13


  Startpoint: U_IF_ID_Reg/instruction_out_reg[2]
              (rising edge-triggered flip-flop clocked by clk)
  Endpoint: U_ID_EX_Reg/alu_control_out_reg[1]
            (rising edge-triggered flip-flop clocked by clk)
  Path Group: clk
  Path Type: max

  Point                                                   Incr       Path
  --------------------------------------------------------------------------
  clock clk (rise edge)                                   0.00       0.00
  clock network delay (ideal)                             0.00       0.00
  U_IF_ID_Reg/instruction_out_reg[2]/CK (DFFRQX2M)        0.00 #     0.00 r
  U_IF_ID_Reg/instruction_out_reg[2]/Q (DFFRQX2M)         0.93       0.93 r
  U_IF_ID_Reg/instruction_out[2] (IF_ID_register)         0.00       0.93 r
  U_Hazard_Detection_Unit/IF_ID_instruction[2] (hazard_detection_unit)
                                                          0.00       0.93 r
  U_Hazard_Detection_Unit/U18/Y (INVX2M)                  0.12       1.05 f
  U_Hazard_Detection_Unit/U10/Y (AOI32X1M)                0.21       1.27 r
  U_Hazard_Detection_Unit/U8/Y (OAI32X1M)                 0.14       1.41 f
  U_Hazard_Detection_Unit/U6/Y (AOI211X2M)                0.23       1.63 r
  U_Hazard_Detection_Unit/U13/Y (OAI33X2M)                0.15       1.78 f
  U_Hazard_Detection_Unit/U12/Y (NAND2X2M)                0.09       1.87 r
  U_Hazard_Detection_Unit/U3/Y (INVX2M)                   0.08       1.95 f
  U_Hazard_Detection_Unit/control_mux_sel (hazard_detection_unit)
                                                          0.00       1.95 f
  U_ID_EX_Reg/flush (ID_EX_register)                      0.00       1.95 f
  U_ID_EX_Reg/U3/Y (NOR2X4M)                              0.66       2.61 r
  U_ID_EX_Reg/U14/Y (NOR2X2M)                             0.14       2.76 f
  U_ID_EX_Reg/U10/Y (BUFX2M)                              0.18       2.94 f
  U_ID_EX_Reg/U5/Y (BUFX2M)                               0.18       3.13 f
  U_ID_EX_Reg/U51/Y (AO22X1M)                             0.35       3.47 f
  U_ID_EX_Reg/alu_control_out_reg[1]/D (DFFRQX2M)         0.00       3.47 f
  data arrival time                                                  3.47

  clock clk (rise edge)                                  20.00      20.00
  clock network delay (ideal)                             0.00      20.00
  clock uncertainty                                      -0.25      19.75
  U_ID_EX_Reg/alu_control_out_reg[1]/CK (DFFRQX2M)        0.00      19.75 r
  library setup time                                     -0.14      19.61
  data required time                                                19.61
  --------------------------------------------------------------------------
  data required time                                                19.61
  data arrival time                                                 -3.47
  --------------------------------------------------------------------------
  slack (MET)                                                       16.13


  Startpoint: U_IF_ID_Reg/instruction_out_reg[2]
              (rising edge-triggered flip-flop clocked by clk)
  Endpoint: U_ID_EX_Reg/alu_control_out_reg[0]
            (rising edge-triggered flip-flop clocked by clk)
  Path Group: clk
  Path Type: max

  Point                                                   Incr       Path
  --------------------------------------------------------------------------
  clock clk (rise edge)                                   0.00       0.00
  clock network delay (ideal)                             0.00       0.00
  U_IF_ID_Reg/instruction_out_reg[2]/CK (DFFRQX2M)        0.00 #     0.00 r
  U_IF_ID_Reg/instruction_out_reg[2]/Q (DFFRQX2M)         0.93       0.93 r
  U_IF_ID_Reg/instruction_out[2] (IF_ID_register)         0.00       0.93 r
  U_Hazard_Detection_Unit/IF_ID_instruction[2] (hazard_detection_unit)
                                                          0.00       0.93 r
  U_Hazard_Detection_Unit/U18/Y (INVX2M)                  0.12       1.05 f
  U_Hazard_Detection_Unit/U10/Y (AOI32X1M)                0.21       1.27 r
  U_Hazard_Detection_Unit/U8/Y (OAI32X1M)                 0.14       1.41 f
  U_Hazard_Detection_Unit/U6/Y (AOI211X2M)                0.23       1.63 r
  U_Hazard_Detection_Unit/U13/Y (OAI33X2M)                0.15       1.78 f
  U_Hazard_Detection_Unit/U12/Y (NAND2X2M)                0.09       1.87 r
  U_Hazard_Detection_Unit/U3/Y (INVX2M)                   0.08       1.95 f
  U_Hazard_Detection_Unit/control_mux_sel (hazard_detection_unit)
                                                          0.00       1.95 f
  U_ID_EX_Reg/flush (ID_EX_register)                      0.00       1.95 f
  U_ID_EX_Reg/U3/Y (NOR2X4M)                              0.66       2.61 r
  U_ID_EX_Reg/U14/Y (NOR2X2M)                             0.14       2.76 f
  U_ID_EX_Reg/U10/Y (BUFX2M)                              0.18       2.94 f
  U_ID_EX_Reg/U5/Y (BUFX2M)                               0.18       3.13 f
  U_ID_EX_Reg/U50/Y (AO22X1M)                             0.35       3.47 f
  U_ID_EX_Reg/alu_control_out_reg[0]/D (DFFRQX2M)         0.00       3.47 f
  data arrival time                                                  3.47

  clock clk (rise edge)                                  20.00      20.00
  clock network delay (ideal)                             0.00      20.00
  clock uncertainty                                      -0.25      19.75
  U_ID_EX_Reg/alu_control_out_reg[0]/CK (DFFRQX2M)        0.00      19.75 r
  library setup time                                     -0.14      19.61
  data required time                                                19.61
  --------------------------------------------------------------------------
  data required time                                                19.61
  data arrival time                                                 -3.47
  --------------------------------------------------------------------------
  slack (MET)                                                       16.13


  Startpoint: U_IF_ID_Reg/instruction_out_reg[2]
              (rising edge-triggered flip-flop clocked by clk)
  Endpoint: U_ID_EX_Reg/alu_control_out_reg[2]
            (rising edge-triggered flip-flop clocked by clk)
  Path Group: clk
  Path Type: max

  Point                                                   Incr       Path
  --------------------------------------------------------------------------
  clock clk (rise edge)                                   0.00       0.00
  clock network delay (ideal)                             0.00       0.00
  U_IF_ID_Reg/instruction_out_reg[2]/CK (DFFRQX2M)        0.00 #     0.00 r
  U_IF_ID_Reg/instruction_out_reg[2]/Q (DFFRQX2M)         0.93       0.93 r
  U_IF_ID_Reg/instruction_out[2] (IF_ID_register)         0.00       0.93 r
  U_Hazard_Detection_Unit/IF_ID_instruction[2] (hazard_detection_unit)
                                                          0.00       0.93 r
  U_Hazard_Detection_Unit/U18/Y (INVX2M)                  0.12       1.05 f
  U_Hazard_Detection_Unit/U10/Y (AOI32X1M)                0.21       1.27 r
  U_Hazard_Detection_Unit/U8/Y (OAI32X1M)                 0.14       1.41 f
  U_Hazard_Detection_Unit/U6/Y (AOI211X2M)                0.23       1.63 r
  U_Hazard_Detection_Unit/U13/Y (OAI33X2M)                0.15       1.78 f
  U_Hazard_Detection_Unit/U12/Y (NAND2X2M)                0.09       1.87 r
  U_Hazard_Detection_Unit/U3/Y (INVX2M)                   0.08       1.95 f
  U_Hazard_Detection_Unit/control_mux_sel (hazard_detection_unit)
                                                          0.00       1.95 f
  U_ID_EX_Reg/flush (ID_EX_register)                      0.00       1.95 f
  U_ID_EX_Reg/U3/Y (NOR2X4M)                              0.66       2.61 r
  U_ID_EX_Reg/U14/Y (NOR2X2M)                             0.14       2.76 f
  U_ID_EX_Reg/U10/Y (BUFX2M)                              0.18       2.94 f
  U_ID_EX_Reg/U5/Y (BUFX2M)                               0.18       3.13 f
  U_ID_EX_Reg/U52/Y (AO22X1M)                             0.35       3.47 f
  U_ID_EX_Reg/alu_control_out_reg[2]/D (DFFRQX2M)         0.00       3.47 f
  data arrival time                                                  3.47

  clock clk (rise edge)                                  20.00      20.00
  clock network delay (ideal)                             0.00      20.00
  clock uncertainty                                      -0.25      19.75
  U_ID_EX_Reg/alu_control_out_reg[2]/CK (DFFRQX2M)        0.00      19.75 r
  library setup time                                     -0.14      19.61
  data required time                                                19.61
  --------------------------------------------------------------------------
  data required time                                                19.61
  data arrival time                                                 -3.47
  --------------------------------------------------------------------------
  slack (MET)                                                       16.13


  Startpoint: U_IF_ID_Reg/instruction_out_reg[2]
              (rising edge-triggered flip-flop clocked by clk)
  Endpoint: U_ID_EX_Reg/alu_control_out_reg[3]
            (rising edge-triggered flip-flop clocked by clk)
  Path Group: clk
  Path Type: max

  Point                                                   Incr       Path
  --------------------------------------------------------------------------
  clock clk (rise edge)                                   0.00       0.00
  clock network delay (ideal)                             0.00       0.00
  U_IF_ID_Reg/instruction_out_reg[2]/CK (DFFRQX2M)        0.00 #     0.00 r
  U_IF_ID_Reg/instruction_out_reg[2]/Q (DFFRQX2M)         0.93       0.93 r
  U_IF_ID_Reg/instruction_out[2] (IF_ID_register)         0.00       0.93 r
  U_Hazard_Detection_Unit/IF_ID_instruction[2] (hazard_detection_unit)
                                                          0.00       0.93 r
  U_Hazard_Detection_Unit/U18/Y (INVX2M)                  0.12       1.05 f
  U_Hazard_Detection_Unit/U10/Y (AOI32X1M)                0.21       1.27 r
  U_Hazard_Detection_Unit/U8/Y (OAI32X1M)                 0.14       1.41 f
  U_Hazard_Detection_Unit/U6/Y (AOI211X2M)                0.23       1.63 r
  U_Hazard_Detection_Unit/U13/Y (OAI33X2M)                0.15       1.78 f
  U_Hazard_Detection_Unit/U12/Y (NAND2X2M)                0.09       1.87 r
  U_Hazard_Detection_Unit/U3/Y (INVX2M)                   0.08       1.95 f
  U_Hazard_Detection_Unit/control_mux_sel (hazard_detection_unit)
                                                          0.00       1.95 f
  U_ID_EX_Reg/flush (ID_EX_register)                      0.00       1.95 f
  U_ID_EX_Reg/U3/Y (NOR2X4M)                              0.66       2.61 r
  U_ID_EX_Reg/U14/Y (NOR2X2M)                             0.14       2.76 f
  U_ID_EX_Reg/U10/Y (BUFX2M)                              0.18       2.94 f
  U_ID_EX_Reg/U5/Y (BUFX2M)                               0.18       3.13 f
  U_ID_EX_Reg/U33/Y (AO22X1M)                             0.35       3.47 f
  U_ID_EX_Reg/alu_control_out_reg[3]/D (DFFRQX2M)         0.00       3.47 f
  data arrival time                                                  3.47

  clock clk (rise edge)                                  20.00      20.00
  clock network delay (ideal)                             0.00      20.00
  clock uncertainty                                      -0.25      19.75
  U_ID_EX_Reg/alu_control_out_reg[3]/CK (DFFRQX2M)        0.00      19.75 r
  library setup time                                     -0.14      19.61
  data required time                                                19.61
  --------------------------------------------------------------------------
  data required time                                                19.61
  data arrival time                                                 -3.47
  --------------------------------------------------------------------------
  slack (MET)                                                       16.13


  Startpoint: U_IF_ID_Reg/instruction_out_reg[2]
              (rising edge-triggered flip-flop clocked by clk)
  Endpoint: U_ID_EX_Reg/reg_ra_data_out_reg[7]
            (rising edge-triggered flip-flop clocked by clk)
  Path Group: clk
  Path Type: max

  Point                                                   Incr       Path
  --------------------------------------------------------------------------
  clock clk (rise edge)                                   0.00       0.00
  clock network delay (ideal)                             0.00       0.00
  U_IF_ID_Reg/instruction_out_reg[2]/CK (DFFRQX2M)        0.00 #     0.00 r
  U_IF_ID_Reg/instruction_out_reg[2]/Q (DFFRQX2M)         0.93       0.93 r
  U_IF_ID_Reg/instruction_out[2] (IF_ID_register)         0.00       0.93 r
  U_Hazard_Detection_Unit/IF_ID_instruction[2] (hazard_detection_unit)
                                                          0.00       0.93 r
  U_Hazard_Detection_Unit/U18/Y (INVX2M)                  0.12       1.05 f
  U_Hazard_Detection_Unit/U10/Y (AOI32X1M)                0.21       1.27 r
  U_Hazard_Detection_Unit/U8/Y (OAI32X1M)                 0.14       1.41 f
  U_Hazard_Detection_Unit/U6/Y (AOI211X2M)                0.23       1.63 r
  U_Hazard_Detection_Unit/U13/Y (OAI33X2M)                0.15       1.78 f
  U_Hazard_Detection_Unit/U12/Y (NAND2X2M)                0.09       1.87 r
  U_Hazard_Detection_Unit/U3/Y (INVX2M)                   0.08       1.95 f
  U_Hazard_Detection_Unit/control_mux_sel (hazard_detection_unit)
                                                          0.00       1.95 f
  U_ID_EX_Reg/flush (ID_EX_register)                      0.00       1.95 f
  U_ID_EX_Reg/U3/Y (NOR2X4M)                              0.66       2.61 r
  U_ID_EX_Reg/U14/Y (NOR2X2M)                             0.14       2.76 f
  U_ID_EX_Reg/U11/Y (BUFX2M)                              0.18       2.94 f
  U_ID_EX_Reg/U9/Y (BUFX2M)                               0.18       3.13 f
  U_ID_EX_Reg/U81/Y (AO22X1M)                             0.35       3.47 f
  U_ID_EX_Reg/reg_ra_data_out_reg[7]/D (DFFRQX2M)         0.00       3.47 f
  data arrival time                                                  3.47

  clock clk (rise edge)                                  20.00      20.00
  clock network delay (ideal)                             0.00      20.00
  clock uncertainty                                      -0.25      19.75
  U_ID_EX_Reg/reg_ra_data_out_reg[7]/CK (DFFRQX2M)        0.00      19.75 r
  library setup time                                     -0.14      19.61
  data required time                                                19.61
  --------------------------------------------------------------------------
  data required time                                                19.61
  data arrival time                                                 -3.47
  --------------------------------------------------------------------------
  slack (MET)                                                       16.13


  Startpoint: U_IF_ID_Reg/instruction_out_reg[2]
              (rising edge-triggered flip-flop clocked by clk)
  Endpoint: U_ID_EX_Reg/reg_ra_data_out_reg[6]
            (rising edge-triggered flip-flop clocked by clk)
  Path Group: clk
  Path Type: max

  Point                                                   Incr       Path
  --------------------------------------------------------------------------
  clock clk (rise edge)                                   0.00       0.00
  clock network delay (ideal)                             0.00       0.00
  U_IF_ID_Reg/instruction_out_reg[2]/CK (DFFRQX2M)        0.00 #     0.00 r
  U_IF_ID_Reg/instruction_out_reg[2]/Q (DFFRQX2M)         0.93       0.93 r
  U_IF_ID_Reg/instruction_out[2] (IF_ID_register)         0.00       0.93 r
  U_Hazard_Detection_Unit/IF_ID_instruction[2] (hazard_detection_unit)
                                                          0.00       0.93 r
  U_Hazard_Detection_Unit/U18/Y (INVX2M)                  0.12       1.05 f
  U_Hazard_Detection_Unit/U10/Y (AOI32X1M)                0.21       1.27 r
  U_Hazard_Detection_Unit/U8/Y (OAI32X1M)                 0.14       1.41 f
  U_Hazard_Detection_Unit/U6/Y (AOI211X2M)                0.23       1.63 r
  U_Hazard_Detection_Unit/U13/Y (OAI33X2M)                0.15       1.78 f
  U_Hazard_Detection_Unit/U12/Y (NAND2X2M)                0.09       1.87 r
  U_Hazard_Detection_Unit/U3/Y (INVX2M)                   0.08       1.95 f
  U_Hazard_Detection_Unit/control_mux_sel (hazard_detection_unit)
                                                          0.00       1.95 f
  U_ID_EX_Reg/flush (ID_EX_register)                      0.00       1.95 f
  U_ID_EX_Reg/U3/Y (NOR2X4M)                              0.66       2.61 r
  U_ID_EX_Reg/U14/Y (NOR2X2M)                             0.14       2.76 f
  U_ID_EX_Reg/U11/Y (BUFX2M)                              0.18       2.94 f
  U_ID_EX_Reg/U9/Y (BUFX2M)                               0.18       3.13 f
  U_ID_EX_Reg/U80/Y (AO22X1M)                             0.35       3.47 f
  U_ID_EX_Reg/reg_ra_data_out_reg[6]/D (DFFRQX2M)         0.00       3.47 f
  data arrival time                                                  3.47

  clock clk (rise edge)                                  20.00      20.00
  clock network delay (ideal)                             0.00      20.00
  clock uncertainty                                      -0.25      19.75
  U_ID_EX_Reg/reg_ra_data_out_reg[6]/CK (DFFRQX2M)        0.00      19.75 r
  library setup time                                     -0.14      19.61
  data required time                                                19.61
  --------------------------------------------------------------------------
  data required time                                                19.61
  data arrival time                                                 -3.47
  --------------------------------------------------------------------------
  slack (MET)                                                       16.13


  Startpoint: U_IF_ID_Reg/instruction_out_reg[2]
              (rising edge-triggered flip-flop clocked by clk)
  Endpoint: U_ID_EX_Reg/reg_ra_data_out_reg[5]
            (rising edge-triggered flip-flop clocked by clk)
  Path Group: clk
  Path Type: max

  Point                                                   Incr       Path
  --------------------------------------------------------------------------
  clock clk (rise edge)                                   0.00       0.00
  clock network delay (ideal)                             0.00       0.00
  U_IF_ID_Reg/instruction_out_reg[2]/CK (DFFRQX2M)        0.00 #     0.00 r
  U_IF_ID_Reg/instruction_out_reg[2]/Q (DFFRQX2M)         0.93       0.93 r
  U_IF_ID_Reg/instruction_out[2] (IF_ID_register)         0.00       0.93 r
  U_Hazard_Detection_Unit/IF_ID_instruction[2] (hazard_detection_unit)
                                                          0.00       0.93 r
  U_Hazard_Detection_Unit/U18/Y (INVX2M)                  0.12       1.05 f
  U_Hazard_Detection_Unit/U10/Y (AOI32X1M)                0.21       1.27 r
  U_Hazard_Detection_Unit/U8/Y (OAI32X1M)                 0.14       1.41 f
  U_Hazard_Detection_Unit/U6/Y (AOI211X2M)                0.23       1.63 r
  U_Hazard_Detection_Unit/U13/Y (OAI33X2M)                0.15       1.78 f
  U_Hazard_Detection_Unit/U12/Y (NAND2X2M)                0.09       1.87 r
  U_Hazard_Detection_Unit/U3/Y (INVX2M)                   0.08       1.95 f
  U_Hazard_Detection_Unit/control_mux_sel (hazard_detection_unit)
                                                          0.00       1.95 f
  U_ID_EX_Reg/flush (ID_EX_register)                      0.00       1.95 f
  U_ID_EX_Reg/U3/Y (NOR2X4M)                              0.66       2.61 r
  U_ID_EX_Reg/U14/Y (NOR2X2M)                             0.14       2.76 f
  U_ID_EX_Reg/U11/Y (BUFX2M)                              0.18       2.94 f
  U_ID_EX_Reg/U8/Y (BUFX2M)                               0.18       3.13 f
  U_ID_EX_Reg/U79/Y (AO22X1M)                             0.35       3.47 f
  U_ID_EX_Reg/reg_ra_data_out_reg[5]/D (DFFRQX2M)         0.00       3.47 f
  data arrival time                                                  3.47

  clock clk (rise edge)                                  20.00      20.00
  clock network delay (ideal)                             0.00      20.00
  clock uncertainty                                      -0.25      19.75
  U_ID_EX_Reg/reg_ra_data_out_reg[5]/CK (DFFRQX2M)        0.00      19.75 r
  library setup time                                     -0.14      19.61
  data required time                                                19.61
  --------------------------------------------------------------------------
  data required time                                                19.61
  data arrival time                                                 -3.47
  --------------------------------------------------------------------------
  slack (MET)                                                       16.13


  Startpoint: U_IF_ID_Reg/instruction_out_reg[2]
              (rising edge-triggered flip-flop clocked by clk)
  Endpoint: U_ID_EX_Reg/reg_ra_data_out_reg[4]
            (rising edge-triggered flip-flop clocked by clk)
  Path Group: clk
  Path Type: max

  Point                                                   Incr       Path
  --------------------------------------------------------------------------
  clock clk (rise edge)                                   0.00       0.00
  clock network delay (ideal)                             0.00       0.00
  U_IF_ID_Reg/instruction_out_reg[2]/CK (DFFRQX2M)        0.00 #     0.00 r
  U_IF_ID_Reg/instruction_out_reg[2]/Q (DFFRQX2M)         0.93       0.93 r
  U_IF_ID_Reg/instruction_out[2] (IF_ID_register)         0.00       0.93 r
  U_Hazard_Detection_Unit/IF_ID_instruction[2] (hazard_detection_unit)
                                                          0.00       0.93 r
  U_Hazard_Detection_Unit/U18/Y (INVX2M)                  0.12       1.05 f
  U_Hazard_Detection_Unit/U10/Y (AOI32X1M)                0.21       1.27 r
  U_Hazard_Detection_Unit/U8/Y (OAI32X1M)                 0.14       1.41 f
  U_Hazard_Detection_Unit/U6/Y (AOI211X2M)                0.23       1.63 r
  U_Hazard_Detection_Unit/U13/Y (OAI33X2M)                0.15       1.78 f
  U_Hazard_Detection_Unit/U12/Y (NAND2X2M)                0.09       1.87 r
  U_Hazard_Detection_Unit/U3/Y (INVX2M)                   0.08       1.95 f
  U_Hazard_Detection_Unit/control_mux_sel (hazard_detection_unit)
                                                          0.00       1.95 f
  U_ID_EX_Reg/flush (ID_EX_register)                      0.00       1.95 f
  U_ID_EX_Reg/U3/Y (NOR2X4M)                              0.66       2.61 r
  U_ID_EX_Reg/U14/Y (NOR2X2M)                             0.14       2.76 f
  U_ID_EX_Reg/U11/Y (BUFX2M)                              0.18       2.94 f
  U_ID_EX_Reg/U8/Y (BUFX2M)                               0.18       3.13 f
  U_ID_EX_Reg/U78/Y (AO22X1M)                             0.35       3.47 f
  U_ID_EX_Reg/reg_ra_data_out_reg[4]/D (DFFRQX2M)         0.00       3.47 f
  data arrival time                                                  3.47

  clock clk (rise edge)                                  20.00      20.00
  clock network delay (ideal)                             0.00      20.00
  clock uncertainty                                      -0.25      19.75
  U_ID_EX_Reg/reg_ra_data_out_reg[4]/CK (DFFRQX2M)        0.00      19.75 r
  library setup time                                     -0.14      19.61
  data required time                                                19.61
  --------------------------------------------------------------------------
  data required time                                                19.61
  data arrival time                                                 -3.47
  --------------------------------------------------------------------------
  slack (MET)                                                       16.13


  Startpoint: U_IF_ID_Reg/instruction_out_reg[2]
              (rising edge-triggered flip-flop clocked by clk)
  Endpoint: U_ID_EX_Reg/reg_rb_data_out_reg[7]
            (rising edge-triggered flip-flop clocked by clk)
  Path Group: clk
  Path Type: max

  Point                                                   Incr       Path
  --------------------------------------------------------------------------
  clock clk (rise edge)                                   0.00       0.00
  clock network delay (ideal)                             0.00       0.00
  U_IF_ID_Reg/instruction_out_reg[2]/CK (DFFRQX2M)        0.00 #     0.00 r
  U_IF_ID_Reg/instruction_out_reg[2]/Q (DFFRQX2M)         0.93       0.93 r
  U_IF_ID_Reg/instruction_out[2] (IF_ID_register)         0.00       0.93 r
  U_Hazard_Detection_Unit/IF_ID_instruction[2] (hazard_detection_unit)
                                                          0.00       0.93 r
  U_Hazard_Detection_Unit/U18/Y (INVX2M)                  0.12       1.05 f
  U_Hazard_Detection_Unit/U10/Y (AOI32X1M)                0.21       1.27 r
  U_Hazard_Detection_Unit/U8/Y (OAI32X1M)                 0.14       1.41 f
  U_Hazard_Detection_Unit/U6/Y (AOI211X2M)                0.23       1.63 r
  U_Hazard_Detection_Unit/U13/Y (OAI33X2M)                0.15       1.78 f
  U_Hazard_Detection_Unit/U12/Y (NAND2X2M)                0.09       1.87 r
  U_Hazard_Detection_Unit/U3/Y (INVX2M)                   0.08       1.95 f
  U_Hazard_Detection_Unit/control_mux_sel (hazard_detection_unit)
                                                          0.00       1.95 f
  U_ID_EX_Reg/flush (ID_EX_register)                      0.00       1.95 f
  U_ID_EX_Reg/U3/Y (NOR2X4M)                              0.66       2.61 r
  U_ID_EX_Reg/U14/Y (NOR2X2M)                             0.14       2.76 f
  U_ID_EX_Reg/U11/Y (BUFX2M)                              0.18       2.94 f
  U_ID_EX_Reg/U8/Y (BUFX2M)                               0.18       3.13 f
  U_ID_EX_Reg/U30/Y (AO22X1M)                             0.35       3.47 f
  U_ID_EX_Reg/reg_rb_data_out_reg[7]/D (DFFRQX2M)         0.00       3.47 f
  data arrival time                                                  3.47

  clock clk (rise edge)                                  20.00      20.00
  clock network delay (ideal)                             0.00      20.00
  clock uncertainty                                      -0.25      19.75
  U_ID_EX_Reg/reg_rb_data_out_reg[7]/CK (DFFRQX2M)        0.00      19.75 r
  library setup time                                     -0.14      19.61
  data required time                                                19.61
  --------------------------------------------------------------------------
  data required time                                                19.61
  data arrival time                                                 -3.47
  --------------------------------------------------------------------------
  slack (MET)                                                       16.13


  Startpoint: U_IF_ID_Reg/instruction_out_reg[2]
              (rising edge-triggered flip-flop clocked by clk)
  Endpoint: U_ID_EX_Reg/reg_rb_data_out_reg[6]
            (rising edge-triggered flip-flop clocked by clk)
  Path Group: clk
  Path Type: max

  Point                                                   Incr       Path
  --------------------------------------------------------------------------
  clock clk (rise edge)                                   0.00       0.00
  clock network delay (ideal)                             0.00       0.00
  U_IF_ID_Reg/instruction_out_reg[2]/CK (DFFRQX2M)        0.00 #     0.00 r
  U_IF_ID_Reg/instruction_out_reg[2]/Q (DFFRQX2M)         0.93       0.93 r
  U_IF_ID_Reg/instruction_out[2] (IF_ID_register)         0.00       0.93 r
  U_Hazard_Detection_Unit/IF_ID_instruction[2] (hazard_detection_unit)
                                                          0.00       0.93 r
  U_Hazard_Detection_Unit/U18/Y (INVX2M)                  0.12       1.05 f
  U_Hazard_Detection_Unit/U10/Y (AOI32X1M)                0.21       1.27 r
  U_Hazard_Detection_Unit/U8/Y (OAI32X1M)                 0.14       1.41 f
  U_Hazard_Detection_Unit/U6/Y (AOI211X2M)                0.23       1.63 r
  U_Hazard_Detection_Unit/U13/Y (OAI33X2M)                0.15       1.78 f
  U_Hazard_Detection_Unit/U12/Y (NAND2X2M)                0.09       1.87 r
  U_Hazard_Detection_Unit/U3/Y (INVX2M)                   0.08       1.95 f
  U_Hazard_Detection_Unit/control_mux_sel (hazard_detection_unit)
                                                          0.00       1.95 f
  U_ID_EX_Reg/flush (ID_EX_register)                      0.00       1.95 f
  U_ID_EX_Reg/U3/Y (NOR2X4M)                              0.66       2.61 r
  U_ID_EX_Reg/U14/Y (NOR2X2M)                             0.14       2.76 f
  U_ID_EX_Reg/U11/Y (BUFX2M)                              0.18       2.94 f
  U_ID_EX_Reg/U8/Y (BUFX2M)                               0.18       3.13 f
  U_ID_EX_Reg/U29/Y (AO22X1M)                             0.35       3.47 f
  U_ID_EX_Reg/reg_rb_data_out_reg[6]/D (DFFRQX2M)         0.00       3.47 f
  data arrival time                                                  3.47

  clock clk (rise edge)                                  20.00      20.00
  clock network delay (ideal)                             0.00      20.00
  clock uncertainty                                      -0.25      19.75
  U_ID_EX_Reg/reg_rb_data_out_reg[6]/CK (DFFRQX2M)        0.00      19.75 r
  library setup time                                     -0.14      19.61
  data required time                                                19.61
  --------------------------------------------------------------------------
  data required time                                                19.61
  data arrival time                                                 -3.47
  --------------------------------------------------------------------------
  slack (MET)                                                       16.13


  Startpoint: U_IF_ID_Reg/instruction_out_reg[2]
              (rising edge-triggered flip-flop clocked by clk)
  Endpoint: U_ID_EX_Reg/reg_rb_data_out_reg[5]
            (rising edge-triggered flip-flop clocked by clk)
  Path Group: clk
  Path Type: max

  Point                                                   Incr       Path
  --------------------------------------------------------------------------
  clock clk (rise edge)                                   0.00       0.00
  clock network delay (ideal)                             0.00       0.00
  U_IF_ID_Reg/instruction_out_reg[2]/CK (DFFRQX2M)        0.00 #     0.00 r
  U_IF_ID_Reg/instruction_out_reg[2]/Q (DFFRQX2M)         0.93       0.93 r
  U_IF_ID_Reg/instruction_out[2] (IF_ID_register)         0.00       0.93 r
  U_Hazard_Detection_Unit/IF_ID_instruction[2] (hazard_detection_unit)
                                                          0.00       0.93 r
  U_Hazard_Detection_Unit/U18/Y (INVX2M)                  0.12       1.05 f
  U_Hazard_Detection_Unit/U10/Y (AOI32X1M)                0.21       1.27 r
  U_Hazard_Detection_Unit/U8/Y (OAI32X1M)                 0.14       1.41 f
  U_Hazard_Detection_Unit/U6/Y (AOI211X2M)                0.23       1.63 r
  U_Hazard_Detection_Unit/U13/Y (OAI33X2M)                0.15       1.78 f
  U_Hazard_Detection_Unit/U12/Y (NAND2X2M)                0.09       1.87 r
  U_Hazard_Detection_Unit/U3/Y (INVX2M)                   0.08       1.95 f
  U_Hazard_Detection_Unit/control_mux_sel (hazard_detection_unit)
                                                          0.00       1.95 f
  U_ID_EX_Reg/flush (ID_EX_register)                      0.00       1.95 f
  U_ID_EX_Reg/U3/Y (NOR2X4M)                              0.66       2.61 r
  U_ID_EX_Reg/U14/Y (NOR2X2M)                             0.14       2.76 f
  U_ID_EX_Reg/U11/Y (BUFX2M)                              0.18       2.94 f
  U_ID_EX_Reg/U8/Y (BUFX2M)                               0.18       3.13 f
  U_ID_EX_Reg/U28/Y (AO22X1M)                             0.35       3.47 f
  U_ID_EX_Reg/reg_rb_data_out_reg[5]/D (DFFRQX2M)         0.00       3.47 f
  data arrival time                                                  3.47

  clock clk (rise edge)                                  20.00      20.00
  clock network delay (ideal)                             0.00      20.00
  clock uncertainty                                      -0.25      19.75
  U_ID_EX_Reg/reg_rb_data_out_reg[5]/CK (DFFRQX2M)        0.00      19.75 r
  library setup time                                     -0.14      19.61
  data required time                                                19.61
  --------------------------------------------------------------------------
  data required time                                                19.61
  data arrival time                                                 -3.47
  --------------------------------------------------------------------------
  slack (MET)                                                       16.13


  Startpoint: U_IF_ID_Reg/instruction_out_reg[2]
              (rising edge-triggered flip-flop clocked by clk)
  Endpoint: U_ID_EX_Reg/reg_ra_data_out_reg[3]
            (rising edge-triggered flip-flop clocked by clk)
  Path Group: clk
  Path Type: max

  Point                                                   Incr       Path
  --------------------------------------------------------------------------
  clock clk (rise edge)                                   0.00       0.00
  clock network delay (ideal)                             0.00       0.00
  U_IF_ID_Reg/instruction_out_reg[2]/CK (DFFRQX2M)        0.00 #     0.00 r
  U_IF_ID_Reg/instruction_out_reg[2]/Q (DFFRQX2M)         0.93       0.93 r
  U_IF_ID_Reg/instruction_out[2] (IF_ID_register)         0.00       0.93 r
  U_Hazard_Detection_Unit/IF_ID_instruction[2] (hazard_detection_unit)
                                                          0.00       0.93 r
  U_Hazard_Detection_Unit/U18/Y (INVX2M)                  0.12       1.05 f
  U_Hazard_Detection_Unit/U10/Y (AOI32X1M)                0.21       1.27 r
  U_Hazard_Detection_Unit/U8/Y (OAI32X1M)                 0.14       1.41 f
  U_Hazard_Detection_Unit/U6/Y (AOI211X2M)                0.23       1.63 r
  U_Hazard_Detection_Unit/U13/Y (OAI33X2M)                0.15       1.78 f
  U_Hazard_Detection_Unit/U12/Y (NAND2X2M)                0.09       1.87 r
  U_Hazard_Detection_Unit/U3/Y (INVX2M)                   0.08       1.95 f
  U_Hazard_Detection_Unit/control_mux_sel (hazard_detection_unit)
                                                          0.00       1.95 f
  U_ID_EX_Reg/flush (ID_EX_register)                      0.00       1.95 f
  U_ID_EX_Reg/U3/Y (NOR2X4M)                              0.66       2.61 r
  U_ID_EX_Reg/U14/Y (NOR2X2M)                             0.14       2.76 f
  U_ID_EX_Reg/U11/Y (BUFX2M)                              0.18       2.94 f
  U_ID_EX_Reg/U8/Y (BUFX2M)                               0.18       3.13 f
  U_ID_EX_Reg/U77/Y (AO22X1M)                             0.35       3.47 f
  U_ID_EX_Reg/reg_ra_data_out_reg[3]/D (DFFRQX2M)         0.00       3.47 f
  data arrival time                                                  3.47

  clock clk (rise edge)                                  20.00      20.00
  clock network delay (ideal)                             0.00      20.00
  clock uncertainty                                      -0.25      19.75
  U_ID_EX_Reg/reg_ra_data_out_reg[3]/CK (DFFRQX2M)        0.00      19.75 r
  library setup time                                     -0.14      19.61
  data required time                                                19.61
  --------------------------------------------------------------------------
  data required time                                                19.61
  data arrival time                                                 -3.47
  --------------------------------------------------------------------------
  slack (MET)                                                       16.13


  Startpoint: U_IF_ID_Reg/instruction_out_reg[2]
              (rising edge-triggered flip-flop clocked by clk)
  Endpoint: U_ID_EX_Reg/reg_ra_data_out_reg[2]
            (rising edge-triggered flip-flop clocked by clk)
  Path Group: clk
  Path Type: max

  Point                                                   Incr       Path
  --------------------------------------------------------------------------
  clock clk (rise edge)                                   0.00       0.00
  clock network delay (ideal)                             0.00       0.00
  U_IF_ID_Reg/instruction_out_reg[2]/CK (DFFRQX2M)        0.00 #     0.00 r
  U_IF_ID_Reg/instruction_out_reg[2]/Q (DFFRQX2M)         0.93       0.93 r
  U_IF_ID_Reg/instruction_out[2] (IF_ID_register)         0.00       0.93 r
  U_Hazard_Detection_Unit/IF_ID_instruction[2] (hazard_detection_unit)
                                                          0.00       0.93 r
  U_Hazard_Detection_Unit/U18/Y (INVX2M)                  0.12       1.05 f
  U_Hazard_Detection_Unit/U10/Y (AOI32X1M)                0.21       1.27 r
  U_Hazard_Detection_Unit/U8/Y (OAI32X1M)                 0.14       1.41 f
  U_Hazard_Detection_Unit/U6/Y (AOI211X2M)                0.23       1.63 r
  U_Hazard_Detection_Unit/U13/Y (OAI33X2M)                0.15       1.78 f
  U_Hazard_Detection_Unit/U12/Y (NAND2X2M)                0.09       1.87 r
  U_Hazard_Detection_Unit/U3/Y (INVX2M)                   0.08       1.95 f
  U_Hazard_Detection_Unit/control_mux_sel (hazard_detection_unit)
                                                          0.00       1.95 f
  U_ID_EX_Reg/flush (ID_EX_register)                      0.00       1.95 f
  U_ID_EX_Reg/U3/Y (NOR2X4M)                              0.66       2.61 r
  U_ID_EX_Reg/U14/Y (NOR2X2M)                             0.14       2.76 f
  U_ID_EX_Reg/U11/Y (BUFX2M)                              0.18       2.94 f
  U_ID_EX_Reg/U8/Y (BUFX2M)                               0.18       3.13 f
  U_ID_EX_Reg/U76/Y (AO22X1M)                             0.35       3.47 f
  U_ID_EX_Reg/reg_ra_data_out_reg[2]/D (DFFRQX2M)         0.00       3.47 f
  data arrival time                                                  3.47

  clock clk (rise edge)                                  20.00      20.00
  clock network delay (ideal)                             0.00      20.00
  clock uncertainty                                      -0.25      19.75
  U_ID_EX_Reg/reg_ra_data_out_reg[2]/CK (DFFRQX2M)        0.00      19.75 r
  library setup time                                     -0.14      19.61
  data required time                                                19.61
  --------------------------------------------------------------------------
  data required time                                                19.61
  data arrival time                                                 -3.47
  --------------------------------------------------------------------------
  slack (MET)                                                       16.13


  Startpoint: U_IF_ID_Reg/instruction_out_reg[2]
              (rising edge-triggered flip-flop clocked by clk)
  Endpoint: U_ID_EX_Reg/reg_ra_data_out_reg[1]
            (rising edge-triggered flip-flop clocked by clk)
  Path Group: clk
  Path Type: max

  Point                                                   Incr       Path
  --------------------------------------------------------------------------
  clock clk (rise edge)                                   0.00       0.00
  clock network delay (ideal)                             0.00       0.00
  U_IF_ID_Reg/instruction_out_reg[2]/CK (DFFRQX2M)        0.00 #     0.00 r
  U_IF_ID_Reg/instruction_out_reg[2]/Q (DFFRQX2M)         0.93       0.93 r
  U_IF_ID_Reg/instruction_out[2] (IF_ID_register)         0.00       0.93 r
  U_Hazard_Detection_Unit/IF_ID_instruction[2] (hazard_detection_unit)
                                                          0.00       0.93 r
  U_Hazard_Detection_Unit/U18/Y (INVX2M)                  0.12       1.05 f
  U_Hazard_Detection_Unit/U10/Y (AOI32X1M)                0.21       1.27 r
  U_Hazard_Detection_Unit/U8/Y (OAI32X1M)                 0.14       1.41 f
  U_Hazard_Detection_Unit/U6/Y (AOI211X2M)                0.23       1.63 r
  U_Hazard_Detection_Unit/U13/Y (OAI33X2M)                0.15       1.78 f
  U_Hazard_Detection_Unit/U12/Y (NAND2X2M)                0.09       1.87 r
  U_Hazard_Detection_Unit/U3/Y (INVX2M)                   0.08       1.95 f
  U_Hazard_Detection_Unit/control_mux_sel (hazard_detection_unit)
                                                          0.00       1.95 f
  U_ID_EX_Reg/flush (ID_EX_register)                      0.00       1.95 f
  U_ID_EX_Reg/U3/Y (NOR2X4M)                              0.66       2.61 r
  U_ID_EX_Reg/U14/Y (NOR2X2M)                             0.14       2.76 f
  U_ID_EX_Reg/U11/Y (BUFX2M)                              0.18       2.94 f
  U_ID_EX_Reg/U8/Y (BUFX2M)                               0.18       3.13 f
  U_ID_EX_Reg/U75/Y (AO22X1M)                             0.35       3.47 f
  U_ID_EX_Reg/reg_ra_data_out_reg[1]/D (DFFRQX2M)         0.00       3.47 f
  data arrival time                                                  3.47

  clock clk (rise edge)                                  20.00      20.00
  clock network delay (ideal)                             0.00      20.00
  clock uncertainty                                      -0.25      19.75
  U_ID_EX_Reg/reg_ra_data_out_reg[1]/CK (DFFRQX2M)        0.00      19.75 r
  library setup time                                     -0.14      19.61
  data required time                                                19.61
  --------------------------------------------------------------------------
  data required time                                                19.61
  data arrival time                                                 -3.47
  --------------------------------------------------------------------------
  slack (MET)                                                       16.13


  Startpoint: U_IF_ID_Reg/instruction_out_reg[2]
              (rising edge-triggered flip-flop clocked by clk)
  Endpoint: U_ID_EX_Reg/reg_ra_data_out_reg[0]
            (rising edge-triggered flip-flop clocked by clk)
  Path Group: clk
  Path Type: max

  Point                                                   Incr       Path
  --------------------------------------------------------------------------
  clock clk (rise edge)                                   0.00       0.00
  clock network delay (ideal)                             0.00       0.00
  U_IF_ID_Reg/instruction_out_reg[2]/CK (DFFRQX2M)        0.00 #     0.00 r
  U_IF_ID_Reg/instruction_out_reg[2]/Q (DFFRQX2M)         0.93       0.93 r
  U_IF_ID_Reg/instruction_out[2] (IF_ID_register)         0.00       0.93 r
  U_Hazard_Detection_Unit/IF_ID_instruction[2] (hazard_detection_unit)
                                                          0.00       0.93 r
  U_Hazard_Detection_Unit/U18/Y (INVX2M)                  0.12       1.05 f
  U_Hazard_Detection_Unit/U10/Y (AOI32X1M)                0.21       1.27 r
  U_Hazard_Detection_Unit/U8/Y (OAI32X1M)                 0.14       1.41 f
  U_Hazard_Detection_Unit/U6/Y (AOI211X2M)                0.23       1.63 r
  U_Hazard_Detection_Unit/U13/Y (OAI33X2M)                0.15       1.78 f
  U_Hazard_Detection_Unit/U12/Y (NAND2X2M)                0.09       1.87 r
  U_Hazard_Detection_Unit/U3/Y (INVX2M)                   0.08       1.95 f
  U_Hazard_Detection_Unit/control_mux_sel (hazard_detection_unit)
                                                          0.00       1.95 f
  U_ID_EX_Reg/flush (ID_EX_register)                      0.00       1.95 f
  U_ID_EX_Reg/U3/Y (NOR2X4M)                              0.66       2.61 r
  U_ID_EX_Reg/U14/Y (NOR2X2M)                             0.14       2.76 f
  U_ID_EX_Reg/U11/Y (BUFX2M)                              0.18       2.94 f
  U_ID_EX_Reg/U8/Y (BUFX2M)                               0.18       3.13 f
  U_ID_EX_Reg/U74/Y (AO22X1M)                             0.35       3.47 f
  U_ID_EX_Reg/reg_ra_data_out_reg[0]/D (DFFRQX2M)         0.00       3.47 f
  data arrival time                                                  3.47

  clock clk (rise edge)                                  20.00      20.00
  clock network delay (ideal)                             0.00      20.00
  clock uncertainty                                      -0.25      19.75
  U_ID_EX_Reg/reg_ra_data_out_reg[0]/CK (DFFRQX2M)        0.00      19.75 r
  library setup time                                     -0.14      19.61
  data required time                                                19.61
  --------------------------------------------------------------------------
  data required time                                                19.61
  data arrival time                                                 -3.47
  --------------------------------------------------------------------------
  slack (MET)                                                       16.13


  Startpoint: U_IF_ID_Reg/instruction_out_reg[2]
              (rising edge-triggered flip-flop clocked by clk)
  Endpoint: U_ID_EX_Reg/reg_rb_data_out_reg[4]
            (rising edge-triggered flip-flop clocked by clk)
  Path Group: clk
  Path Type: max

  Point                                                   Incr       Path
  --------------------------------------------------------------------------
  clock clk (rise edge)                                   0.00       0.00
  clock network delay (ideal)                             0.00       0.00
  U_IF_ID_Reg/instruction_out_reg[2]/CK (DFFRQX2M)        0.00 #     0.00 r
  U_IF_ID_Reg/instruction_out_reg[2]/Q (DFFRQX2M)         0.93       0.93 r
  U_IF_ID_Reg/instruction_out[2] (IF_ID_register)         0.00       0.93 r
  U_Hazard_Detection_Unit/IF_ID_instruction[2] (hazard_detection_unit)
                                                          0.00       0.93 r
  U_Hazard_Detection_Unit/U18/Y (INVX2M)                  0.12       1.05 f
  U_Hazard_Detection_Unit/U10/Y (AOI32X1M)                0.21       1.27 r
  U_Hazard_Detection_Unit/U8/Y (OAI32X1M)                 0.14       1.41 f
  U_Hazard_Detection_Unit/U6/Y (AOI211X2M)                0.23       1.63 r
  U_Hazard_Detection_Unit/U13/Y (OAI33X2M)                0.15       1.78 f
  U_Hazard_Detection_Unit/U12/Y (NAND2X2M)                0.09       1.87 r
  U_Hazard_Detection_Unit/U3/Y (INVX2M)                   0.08       1.95 f
  U_Hazard_Detection_Unit/control_mux_sel (hazard_detection_unit)
                                                          0.00       1.95 f
  U_ID_EX_Reg/flush (ID_EX_register)                      0.00       1.95 f
  U_ID_EX_Reg/U3/Y (NOR2X4M)                              0.66       2.61 r
  U_ID_EX_Reg/U14/Y (NOR2X2M)                             0.14       2.76 f
  U_ID_EX_Reg/U11/Y (BUFX2M)                              0.18       2.94 f
  U_ID_EX_Reg/U8/Y (BUFX2M)                               0.18       3.13 f
  U_ID_EX_Reg/U27/Y (AO22X1M)                             0.35       3.47 f
  U_ID_EX_Reg/reg_rb_data_out_reg[4]/D (DFFRQX2M)         0.00       3.47 f
  data arrival time                                                  3.47

  clock clk (rise edge)                                  20.00      20.00
  clock network delay (ideal)                             0.00      20.00
  clock uncertainty                                      -0.25      19.75
  U_ID_EX_Reg/reg_rb_data_out_reg[4]/CK (DFFRQX2M)        0.00      19.75 r
  library setup time                                     -0.14      19.61
  data required time                                                19.61
  --------------------------------------------------------------------------
  data required time                                                19.61
  data arrival time                                                 -3.47
  --------------------------------------------------------------------------
  slack (MET)                                                       16.13


  Startpoint: U_IF_ID_Reg/instruction_out_reg[2]
              (rising edge-triggered flip-flop clocked by clk)
  Endpoint: U_ID_EX_Reg/reg_rb_data_out_reg[3]
            (rising edge-triggered flip-flop clocked by clk)
  Path Group: clk
  Path Type: max

  Point                                                   Incr       Path
  --------------------------------------------------------------------------
  clock clk (rise edge)                                   0.00       0.00
  clock network delay (ideal)                             0.00       0.00
  U_IF_ID_Reg/instruction_out_reg[2]/CK (DFFRQX2M)        0.00 #     0.00 r
  U_IF_ID_Reg/instruction_out_reg[2]/Q (DFFRQX2M)         0.93       0.93 r
  U_IF_ID_Reg/instruction_out[2] (IF_ID_register)         0.00       0.93 r
  U_Hazard_Detection_Unit/IF_ID_instruction[2] (hazard_detection_unit)
                                                          0.00       0.93 r
  U_Hazard_Detection_Unit/U18/Y (INVX2M)                  0.12       1.05 f
  U_Hazard_Detection_Unit/U10/Y (AOI32X1M)                0.21       1.27 r
  U_Hazard_Detection_Unit/U8/Y (OAI32X1M)                 0.14       1.41 f
  U_Hazard_Detection_Unit/U6/Y (AOI211X2M)                0.23       1.63 r
  U_Hazard_Detection_Unit/U13/Y (OAI33X2M)                0.15       1.78 f
  U_Hazard_Detection_Unit/U12/Y (NAND2X2M)                0.09       1.87 r
  U_Hazard_Detection_Unit/U3/Y (INVX2M)                   0.08       1.95 f
  U_Hazard_Detection_Unit/control_mux_sel (hazard_detection_unit)
                                                          0.00       1.95 f
  U_ID_EX_Reg/flush (ID_EX_register)                      0.00       1.95 f
  U_ID_EX_Reg/U3/Y (NOR2X4M)                              0.66       2.61 r
  U_ID_EX_Reg/U14/Y (NOR2X2M)                             0.14       2.76 f
  U_ID_EX_Reg/U11/Y (BUFX2M)                              0.18       2.94 f
  U_ID_EX_Reg/U8/Y (BUFX2M)                               0.18       3.13 f
  U_ID_EX_Reg/U26/Y (AO22X1M)                             0.35       3.47 f
  U_ID_EX_Reg/reg_rb_data_out_reg[3]/D (DFFRQX2M)         0.00       3.47 f
  data arrival time                                                  3.47

  clock clk (rise edge)                                  20.00      20.00
  clock network delay (ideal)                             0.00      20.00
  clock uncertainty                                      -0.25      19.75
  U_ID_EX_Reg/reg_rb_data_out_reg[3]/CK (DFFRQX2M)        0.00      19.75 r
  library setup time                                     -0.14      19.61
  data required time                                                19.61
  --------------------------------------------------------------------------
  data required time                                                19.61
  data arrival time                                                 -3.47
  --------------------------------------------------------------------------
  slack (MET)                                                       16.13


  Startpoint: U_IF_ID_Reg/instruction_out_reg[2]
              (rising edge-triggered flip-flop clocked by clk)
  Endpoint: U_ID_EX_Reg/reg_rb_data_out_reg[2]
            (rising edge-triggered flip-flop clocked by clk)
  Path Group: clk
  Path Type: max

  Point                                                   Incr       Path
  --------------------------------------------------------------------------
  clock clk (rise edge)                                   0.00       0.00
  clock network delay (ideal)                             0.00       0.00
  U_IF_ID_Reg/instruction_out_reg[2]/CK (DFFRQX2M)        0.00 #     0.00 r
  U_IF_ID_Reg/instruction_out_reg[2]/Q (DFFRQX2M)         0.93       0.93 r
  U_IF_ID_Reg/instruction_out[2] (IF_ID_register)         0.00       0.93 r
  U_Hazard_Detection_Unit/IF_ID_instruction[2] (hazard_detection_unit)
                                                          0.00       0.93 r
  U_Hazard_Detection_Unit/U18/Y (INVX2M)                  0.12       1.05 f
  U_Hazard_Detection_Unit/U10/Y (AOI32X1M)                0.21       1.27 r
  U_Hazard_Detection_Unit/U8/Y (OAI32X1M)                 0.14       1.41 f
  U_Hazard_Detection_Unit/U6/Y (AOI211X2M)                0.23       1.63 r
  U_Hazard_Detection_Unit/U13/Y (OAI33X2M)                0.15       1.78 f
  U_Hazard_Detection_Unit/U12/Y (NAND2X2M)                0.09       1.87 r
  U_Hazard_Detection_Unit/U3/Y (INVX2M)                   0.08       1.95 f
  U_Hazard_Detection_Unit/control_mux_sel (hazard_detection_unit)
                                                          0.00       1.95 f
  U_ID_EX_Reg/flush (ID_EX_register)                      0.00       1.95 f
  U_ID_EX_Reg/U3/Y (NOR2X4M)                              0.66       2.61 r
  U_ID_EX_Reg/U14/Y (NOR2X2M)                             0.14       2.76 f
  U_ID_EX_Reg/U11/Y (BUFX2M)                              0.18       2.94 f
  U_ID_EX_Reg/U8/Y (BUFX2M)                               0.18       3.13 f
  U_ID_EX_Reg/U25/Y (AO22X1M)                             0.35       3.47 f
  U_ID_EX_Reg/reg_rb_data_out_reg[2]/D (DFFRQX2M)         0.00       3.47 f
  data arrival time                                                  3.47

  clock clk (rise edge)                                  20.00      20.00
  clock network delay (ideal)                             0.00      20.00
  clock uncertainty                                      -0.25      19.75
  U_ID_EX_Reg/reg_rb_data_out_reg[2]/CK (DFFRQX2M)        0.00      19.75 r
  library setup time                                     -0.14      19.61
  data required time                                                19.61
  --------------------------------------------------------------------------
  data required time                                                19.61
  data arrival time                                                 -3.47
  --------------------------------------------------------------------------
  slack (MET)                                                       16.13


  Startpoint: U_IF_ID_Reg/instruction_out_reg[2]
              (rising edge-triggered flip-flop clocked by clk)
  Endpoint: U_ID_EX_Reg/reg_rb_data_out_reg[1]
            (rising edge-triggered flip-flop clocked by clk)
  Path Group: clk
  Path Type: max

  Point                                                   Incr       Path
  --------------------------------------------------------------------------
  clock clk (rise edge)                                   0.00       0.00
  clock network delay (ideal)                             0.00       0.00
  U_IF_ID_Reg/instruction_out_reg[2]/CK (DFFRQX2M)        0.00 #     0.00 r
  U_IF_ID_Reg/instruction_out_reg[2]/Q (DFFRQX2M)         0.93       0.93 r
  U_IF_ID_Reg/instruction_out[2] (IF_ID_register)         0.00       0.93 r
  U_Hazard_Detection_Unit/IF_ID_instruction[2] (hazard_detection_unit)
                                                          0.00       0.93 r
  U_Hazard_Detection_Unit/U18/Y (INVX2M)                  0.12       1.05 f
  U_Hazard_Detection_Unit/U10/Y (AOI32X1M)                0.21       1.27 r
  U_Hazard_Detection_Unit/U8/Y (OAI32X1M)                 0.14       1.41 f
  U_Hazard_Detection_Unit/U6/Y (AOI211X2M)                0.23       1.63 r
  U_Hazard_Detection_Unit/U13/Y (OAI33X2M)                0.15       1.78 f
  U_Hazard_Detection_Unit/U12/Y (NAND2X2M)                0.09       1.87 r
  U_Hazard_Detection_Unit/U3/Y (INVX2M)                   0.08       1.95 f
  U_Hazard_Detection_Unit/control_mux_sel (hazard_detection_unit)
                                                          0.00       1.95 f
  U_ID_EX_Reg/flush (ID_EX_register)                      0.00       1.95 f
  U_ID_EX_Reg/U3/Y (NOR2X4M)                              0.66       2.61 r
  U_ID_EX_Reg/U14/Y (NOR2X2M)                             0.14       2.76 f
  U_ID_EX_Reg/U11/Y (BUFX2M)                              0.18       2.94 f
  U_ID_EX_Reg/U7/Y (BUFX2M)                               0.18       3.13 f
  U_ID_EX_Reg/U24/Y (AO22X1M)                             0.35       3.47 f
  U_ID_EX_Reg/reg_rb_data_out_reg[1]/D (DFFRQX2M)         0.00       3.47 f
  data arrival time                                                  3.47

  clock clk (rise edge)                                  20.00      20.00
  clock network delay (ideal)                             0.00      20.00
  clock uncertainty                                      -0.25      19.75
  U_ID_EX_Reg/reg_rb_data_out_reg[1]/CK (DFFRQX2M)        0.00      19.75 r
  library setup time                                     -0.14      19.61
  data required time                                                19.61
  --------------------------------------------------------------------------
  data required time                                                19.61
  data arrival time                                                 -3.47
  --------------------------------------------------------------------------
  slack (MET)                                                       16.13


  Startpoint: U_IF_ID_Reg/instruction_out_reg[2]
              (rising edge-triggered flip-flop clocked by clk)
  Endpoint: U_ID_EX_Reg/reg_rb_data_out_reg[0]
            (rising edge-triggered flip-flop clocked by clk)
  Path Group: clk
  Path Type: max

  Point                                                   Incr       Path
  --------------------------------------------------------------------------
  clock clk (rise edge)                                   0.00       0.00
  clock network delay (ideal)                             0.00       0.00
  U_IF_ID_Reg/instruction_out_reg[2]/CK (DFFRQX2M)        0.00 #     0.00 r
  U_IF_ID_Reg/instruction_out_reg[2]/Q (DFFRQX2M)         0.93       0.93 r
  U_IF_ID_Reg/instruction_out[2] (IF_ID_register)         0.00       0.93 r
  U_Hazard_Detection_Unit/IF_ID_instruction[2] (hazard_detection_unit)
                                                          0.00       0.93 r
  U_Hazard_Detection_Unit/U18/Y (INVX2M)                  0.12       1.05 f
  U_Hazard_Detection_Unit/U10/Y (AOI32X1M)                0.21       1.27 r
  U_Hazard_Detection_Unit/U8/Y (OAI32X1M)                 0.14       1.41 f
  U_Hazard_Detection_Unit/U6/Y (AOI211X2M)                0.23       1.63 r
  U_Hazard_Detection_Unit/U13/Y (OAI33X2M)                0.15       1.78 f
  U_Hazard_Detection_Unit/U12/Y (NAND2X2M)                0.09       1.87 r
  U_Hazard_Detection_Unit/U3/Y (INVX2M)                   0.08       1.95 f
  U_Hazard_Detection_Unit/control_mux_sel (hazard_detection_unit)
                                                          0.00       1.95 f
  U_ID_EX_Reg/flush (ID_EX_register)                      0.00       1.95 f
  U_ID_EX_Reg/U3/Y (NOR2X4M)                              0.66       2.61 r
  U_ID_EX_Reg/U14/Y (NOR2X2M)                             0.14       2.76 f
  U_ID_EX_Reg/U11/Y (BUFX2M)                              0.18       2.94 f
  U_ID_EX_Reg/U7/Y (BUFX2M)                               0.18       3.13 f
  U_ID_EX_Reg/U23/Y (AO22X1M)                             0.35       3.47 f
  U_ID_EX_Reg/reg_rb_data_out_reg[0]/D (DFFRQX2M)         0.00       3.47 f
  data arrival time                                                  3.47

  clock clk (rise edge)                                  20.00      20.00
  clock network delay (ideal)                             0.00      20.00
  clock uncertainty                                      -0.25      19.75
  U_ID_EX_Reg/reg_rb_data_out_reg[0]/CK (DFFRQX2M)        0.00      19.75 r
  library setup time                                     -0.14      19.61
  data required time                                                19.61
  --------------------------------------------------------------------------
  data required time                                                19.61
  data arrival time                                                 -3.47
  --------------------------------------------------------------------------
  slack (MET)                                                       16.13


  Startpoint: U_IF_ID_Reg/instruction_out_reg[2]
              (rising edge-triggered flip-flop clocked by clk)
  Endpoint: U_ID_EX_Reg/IR_out_reg[3]
            (rising edge-triggered flip-flop clocked by clk)
  Path Group: clk
  Path Type: max

  Point                                                   Incr       Path
  --------------------------------------------------------------------------
  clock clk (rise edge)                                   0.00       0.00
  clock network delay (ideal)                             0.00       0.00
  U_IF_ID_Reg/instruction_out_reg[2]/CK (DFFRQX2M)        0.00 #     0.00 r
  U_IF_ID_Reg/instruction_out_reg[2]/Q (DFFRQX2M)         0.93       0.93 r
  U_IF_ID_Reg/instruction_out[2] (IF_ID_register)         0.00       0.93 r
  U_Hazard_Detection_Unit/IF_ID_instruction[2] (hazard_detection_unit)
                                                          0.00       0.93 r
  U_Hazard_Detection_Unit/U18/Y (INVX2M)                  0.12       1.05 f
  U_Hazard_Detection_Unit/U10/Y (AOI32X1M)                0.21       1.27 r
  U_Hazard_Detection_Unit/U8/Y (OAI32X1M)                 0.14       1.41 f
  U_Hazard_Detection_Unit/U6/Y (AOI211X2M)                0.23       1.63 r
  U_Hazard_Detection_Unit/U13/Y (OAI33X2M)                0.15       1.78 f
  U_Hazard_Detection_Unit/U12/Y (NAND2X2M)                0.09       1.87 r
  U_Hazard_Detection_Unit/U3/Y (INVX2M)                   0.08       1.95 f
  U_Hazard_Detection_Unit/control_mux_sel (hazard_detection_unit)
                                                          0.00       1.95 f
  U_ID_EX_Reg/flush (ID_EX_register)                      0.00       1.95 f
  U_ID_EX_Reg/U3/Y (NOR2X4M)                              0.66       2.61 r
  U_ID_EX_Reg/U14/Y (NOR2X2M)                             0.14       2.76 f
  U_ID_EX_Reg/U11/Y (BUFX2M)                              0.18       2.94 f
  U_ID_EX_Reg/U9/Y (BUFX2M)                               0.18       3.13 f
  U_ID_EX_Reg/U84/Y (AO22X1M)                             0.35       3.47 f
  U_ID_EX_Reg/IR_out_reg[3]/D (DFFRQX2M)                  0.00       3.47 f
  data arrival time                                                  3.47

  clock clk (rise edge)                                  20.00      20.00
  clock network delay (ideal)                             0.00      20.00
  clock uncertainty                                      -0.25      19.75
  U_ID_EX_Reg/IR_out_reg[3]/CK (DFFRQX2M)                 0.00      19.75 r
  library setup time                                     -0.14      19.61
  data required time                                                19.61
  --------------------------------------------------------------------------
  data required time                                                19.61
  data arrival time                                                 -3.47
  --------------------------------------------------------------------------
  slack (MET)                                                       16.13


  Startpoint: U_IF_ID_Reg/instruction_out_reg[2]
              (rising edge-triggered flip-flop clocked by clk)
  Endpoint: U_ID_EX_Reg/IR_out_reg[2]
            (rising edge-triggered flip-flop clocked by clk)
  Path Group: clk
  Path Type: max

  Point                                                   Incr       Path
  --------------------------------------------------------------------------
  clock clk (rise edge)                                   0.00       0.00
  clock network delay (ideal)                             0.00       0.00
  U_IF_ID_Reg/instruction_out_reg[2]/CK (DFFRQX2M)        0.00 #     0.00 r
  U_IF_ID_Reg/instruction_out_reg[2]/Q (DFFRQX2M)         0.93       0.93 r
  U_IF_ID_Reg/instruction_out[2] (IF_ID_register)         0.00       0.93 r
  U_Hazard_Detection_Unit/IF_ID_instruction[2] (hazard_detection_unit)
                                                          0.00       0.93 r
  U_Hazard_Detection_Unit/U18/Y (INVX2M)                  0.12       1.05 f
  U_Hazard_Detection_Unit/U10/Y (AOI32X1M)                0.21       1.27 r
  U_Hazard_Detection_Unit/U8/Y (OAI32X1M)                 0.14       1.41 f
  U_Hazard_Detection_Unit/U6/Y (AOI211X2M)                0.23       1.63 r
  U_Hazard_Detection_Unit/U13/Y (OAI33X2M)                0.15       1.78 f
  U_Hazard_Detection_Unit/U12/Y (NAND2X2M)                0.09       1.87 r
  U_Hazard_Detection_Unit/U3/Y (INVX2M)                   0.08       1.95 f
  U_Hazard_Detection_Unit/control_mux_sel (hazard_detection_unit)
                                                          0.00       1.95 f
  U_ID_EX_Reg/flush (ID_EX_register)                      0.00       1.95 f
  U_ID_EX_Reg/U3/Y (NOR2X4M)                              0.66       2.61 r
  U_ID_EX_Reg/U14/Y (NOR2X2M)                             0.14       2.76 f
  U_ID_EX_Reg/U11/Y (BUFX2M)                              0.18       2.94 f
  U_ID_EX_Reg/U9/Y (BUFX2M)                               0.18       3.13 f
  U_ID_EX_Reg/U57/Y (AO22X1M)                             0.35       3.47 f
  U_ID_EX_Reg/IR_out_reg[2]/D (DFFRQX2M)                  0.00       3.47 f
  data arrival time                                                  3.47

  clock clk (rise edge)                                  20.00      20.00
  clock network delay (ideal)                             0.00      20.00
  clock uncertainty                                      -0.25      19.75
  U_ID_EX_Reg/IR_out_reg[2]/CK (DFFRQX2M)                 0.00      19.75 r
  library setup time                                     -0.14      19.61
  data required time                                                19.61
  --------------------------------------------------------------------------
  data required time                                                19.61
  data arrival time                                                 -3.47
  --------------------------------------------------------------------------
  slack (MET)                                                       16.13


  Startpoint: U_IF_ID_Reg/instruction_out_reg[2]
              (rising edge-triggered flip-flop clocked by clk)
  Endpoint: U_ID_EX_Reg/IR_out_reg[0]
            (rising edge-triggered flip-flop clocked by clk)
  Path Group: clk
  Path Type: max

  Point                                                   Incr       Path
  --------------------------------------------------------------------------
  clock clk (rise edge)                                   0.00       0.00
  clock network delay (ideal)                             0.00       0.00
  U_IF_ID_Reg/instruction_out_reg[2]/CK (DFFRQX2M)        0.00 #     0.00 r
  U_IF_ID_Reg/instruction_out_reg[2]/Q (DFFRQX2M)         0.93       0.93 r
  U_IF_ID_Reg/instruction_out[2] (IF_ID_register)         0.00       0.93 r
  U_Hazard_Detection_Unit/IF_ID_instruction[2] (hazard_detection_unit)
                                                          0.00       0.93 r
  U_Hazard_Detection_Unit/U18/Y (INVX2M)                  0.12       1.05 f
  U_Hazard_Detection_Unit/U10/Y (AOI32X1M)                0.21       1.27 r
  U_Hazard_Detection_Unit/U8/Y (OAI32X1M)                 0.14       1.41 f
  U_Hazard_Detection_Unit/U6/Y (AOI211X2M)                0.23       1.63 r
  U_Hazard_Detection_Unit/U13/Y (OAI33X2M)                0.15       1.78 f
  U_Hazard_Detection_Unit/U12/Y (NAND2X2M)                0.09       1.87 r
  U_Hazard_Detection_Unit/U3/Y (INVX2M)                   0.08       1.95 f
  U_Hazard_Detection_Unit/control_mux_sel (hazard_detection_unit)
                                                          0.00       1.95 f
  U_ID_EX_Reg/flush (ID_EX_register)                      0.00       1.95 f
  U_ID_EX_Reg/U3/Y (NOR2X4M)                              0.66       2.61 r
  U_ID_EX_Reg/U14/Y (NOR2X2M)                             0.14       2.76 f
  U_ID_EX_Reg/U11/Y (BUFX2M)                              0.18       2.94 f
  U_ID_EX_Reg/U9/Y (BUFX2M)                               0.18       3.13 f
  U_ID_EX_Reg/U82/Y (AO22X1M)                             0.35       3.47 f
  U_ID_EX_Reg/IR_out_reg[0]/D (DFFRQX2M)                  0.00       3.47 f
  data arrival time                                                  3.47

  clock clk (rise edge)                                  20.00      20.00
  clock network delay (ideal)                             0.00      20.00
  clock uncertainty                                      -0.25      19.75
  U_ID_EX_Reg/IR_out_reg[0]/CK (DFFRQX2M)                 0.00      19.75 r
  library setup time                                     -0.14      19.61
  data required time                                                19.61
  --------------------------------------------------------------------------
  data required time                                                19.61
  data arrival time                                                 -3.47
  --------------------------------------------------------------------------
  slack (MET)                                                       16.13


  Startpoint: U_IF_ID_Reg/instruction_out_reg[2]
              (rising edge-triggered flip-flop clocked by clk)
  Endpoint: U_ID_EX_Reg/IR_out_reg[1]
            (rising edge-triggered flip-flop clocked by clk)
  Path Group: clk
  Path Type: max

  Point                                                   Incr       Path
  --------------------------------------------------------------------------
  clock clk (rise edge)                                   0.00       0.00
  clock network delay (ideal)                             0.00       0.00
  U_IF_ID_Reg/instruction_out_reg[2]/CK (DFFRQX2M)        0.00 #     0.00 r
  U_IF_ID_Reg/instruction_out_reg[2]/Q (DFFRQX2M)         0.93       0.93 r
  U_IF_ID_Reg/instruction_out[2] (IF_ID_register)         0.00       0.93 r
  U_Hazard_Detection_Unit/IF_ID_instruction[2] (hazard_detection_unit)
                                                          0.00       0.93 r
  U_Hazard_Detection_Unit/U18/Y (INVX2M)                  0.12       1.05 f
  U_Hazard_Detection_Unit/U10/Y (AOI32X1M)                0.21       1.27 r
  U_Hazard_Detection_Unit/U8/Y (OAI32X1M)                 0.14       1.41 f
  U_Hazard_Detection_Unit/U6/Y (AOI211X2M)                0.23       1.63 r
  U_Hazard_Detection_Unit/U13/Y (OAI33X2M)                0.15       1.78 f
  U_Hazard_Detection_Unit/U12/Y (NAND2X2M)                0.09       1.87 r
  U_Hazard_Detection_Unit/U3/Y (INVX2M)                   0.08       1.95 f
  U_Hazard_Detection_Unit/control_mux_sel (hazard_detection_unit)
                                                          0.00       1.95 f
  U_ID_EX_Reg/flush (ID_EX_register)                      0.00       1.95 f
  U_ID_EX_Reg/U3/Y (NOR2X4M)                              0.66       2.61 r
  U_ID_EX_Reg/U14/Y (NOR2X2M)                             0.14       2.76 f
  U_ID_EX_Reg/U11/Y (BUFX2M)                              0.18       2.94 f
  U_ID_EX_Reg/U9/Y (BUFX2M)                               0.18       3.13 f
  U_ID_EX_Reg/U83/Y (AO22X1M)                             0.35       3.47 f
  U_ID_EX_Reg/IR_out_reg[1]/D (DFFRQX2M)                  0.00       3.47 f
  data arrival time                                                  3.47

  clock clk (rise edge)                                  20.00      20.00
  clock network delay (ideal)                             0.00      20.00
  clock uncertainty                                      -0.25      19.75
  U_ID_EX_Reg/IR_out_reg[1]/CK (DFFRQX2M)                 0.00      19.75 r
  library setup time                                     -0.14      19.61
  data required time                                                19.61
  --------------------------------------------------------------------------
  data required time                                                19.61
  data arrival time                                                 -3.47
  --------------------------------------------------------------------------
  slack (MET)                                                       16.13


  Startpoint: U_IF_ID_Reg/instruction_out_reg[2]
              (rising edge-triggered flip-flop clocked by clk)
  Endpoint: U_ID_EX_Reg/Ex_MEM_regwrite_out_reg
            (rising edge-triggered flip-flop clocked by clk)
  Path Group: clk
  Path Type: max

  Point                                                   Incr       Path
  --------------------------------------------------------------------------
  clock clk (rise edge)                                   0.00       0.00
  clock network delay (ideal)                             0.00       0.00
  U_IF_ID_Reg/instruction_out_reg[2]/CK (DFFRQX2M)        0.00 #     0.00 r
  U_IF_ID_Reg/instruction_out_reg[2]/Q (DFFRQX2M)         0.93       0.93 r
  U_IF_ID_Reg/instruction_out[2] (IF_ID_register)         0.00       0.93 r
  U_Hazard_Detection_Unit/IF_ID_instruction[2] (hazard_detection_unit)
                                                          0.00       0.93 r
  U_Hazard_Detection_Unit/U18/Y (INVX2M)                  0.12       1.05 f
  U_Hazard_Detection_Unit/U10/Y (AOI32X1M)                0.21       1.27 r
  U_Hazard_Detection_Unit/U8/Y (OAI32X1M)                 0.14       1.41 f
  U_Hazard_Detection_Unit/U6/Y (AOI211X2M)                0.23       1.63 r
  U_Hazard_Detection_Unit/U13/Y (OAI33X2M)                0.15       1.78 f
  U_Hazard_Detection_Unit/U12/Y (NAND2X2M)                0.09       1.87 r
  U_Hazard_Detection_Unit/U3/Y (INVX2M)                   0.08       1.95 f
  U_Hazard_Detection_Unit/control_mux_sel (hazard_detection_unit)
                                                          0.00       1.95 f
  U_ID_EX_Reg/flush (ID_EX_register)                      0.00       1.95 f
  U_ID_EX_Reg/U3/Y (NOR2X4M)                              0.66       2.61 r
  U_ID_EX_Reg/U14/Y (NOR2X2M)                             0.14       2.76 f
  U_ID_EX_Reg/U13/Y (BUFX2M)                              0.17       2.93 f
  U_ID_EX_Reg/U12/Y (BUFX2M)                              0.13       3.05 f
  U_ID_EX_Reg/U35/Y (AO22X1M)                             0.33       3.39 f
  U_ID_EX_Reg/Ex_MEM_regwrite_out_reg/D (DFFRQX2M)        0.00       3.39 f
  data arrival time                                                  3.39

  clock clk (rise edge)                                  20.00      20.00
  clock network delay (ideal)                             0.00      20.00
  clock uncertainty                                      -0.25      19.75
  U_ID_EX_Reg/Ex_MEM_regwrite_out_reg/CK (DFFRQX2M)       0.00      19.75 r
  library setup time                                     -0.14      19.61
  data required time                                                19.61
  --------------------------------------------------------------------------
  data required time                                                19.61
  data arrival time                                                 -3.39
  --------------------------------------------------------------------------
  slack (MET)                                                       16.22


1
